规范番号,系列,标题,AsiaMonstr文章日期,AsiaMonstr详情页,当前官网目录状态,官方资源HEAD地址,HTTP状态,Content-Type,Content-Length,历史记录位置,核查时间,确认结果,说明
ANIX-7,ANIX,"ANIX-07 Dream Melpure, Machida Minami","June 13, 2013",https://www.asiamonstr.com/giga/anix-07-dream-melpure-machida-minami.html,完整扫描未收录,https://www.giga-web.jp/db_titles/anix/anix07/pac_s.jpg,404,text/html; charset=iso-8859-1,,,2026-09-12T21:43:57+08:00,当前官网目录缺失，只有第三方历史线索,完整官网目录未收录；所测官网历史资源路径未命中，现阶段仅有 AsiaMonstr/项目历史线索。
ATHB-11,ATHB,ATHB-11 Super Windy Heroine Battle,"March 28, 2013",https://www.asiamonstr.com/giga/athb-11-super-windy-heroine-battle-rino-kamiya.html,完整扫描未收录,https://www.giga-web.jp/db_titles/athb/athb11/pac_s.jpg,404,text/html; charset=iso-8859-1,,,2026-09-12T21:43:59+08:00,当前官网目录缺失，只有第三方历史线索,完整官网目录未收录；所测官网历史资源路径未命中，现阶段仅有 AsiaMonstr/项目历史线索。
AVGP-9,AVGP,AVGP-009 Kidou Sentai Ranger Cross,"February 12, 2013",https://www.asiamonstr.com/giga/avgp-009-kidou-sentai-ranger-cross.html,完整扫描未收录,https://www.giga-web.jp/db_titles/avgp/avgp009/pac_s.jpg,200,image/jpeg,154163,,2026-09-12T21:44:01+08:00,确认当前官网目录已移除（官方资源残留）,完整官网目录未收录该番号；官网域名下的历史封面资源仍以图像响应。
DHRY-17,DHRY,DHRY-17 Doujin Heroine 16 -Blue Fenril/Ryo Aoi,"July 7, 2021",https://www.asiamonstr.com/giga/dhry-17-doujin-heroine-16-blue-fenril-ryo-aoi.html,完整扫描未收录,https://www.giga-web.jp/db_titles/dhry/dhry17/pac_s.jpg,200,image/jpeg,89773,0f1fe95ab25224f11cfd8fe304a3ed14a4fdd3ec:public/data/catalog.json; 8104579b6cc7411748b1685868af22e5b8d0dd77:public/data/catalog.json; D:\giga-catalog\data.json:video 981; D:\giga-catalog\links.json:key DHRY-17; b2f7a3e714bd49d9fa8c262d4460ce09c5286ec0:public/data/catalog.json; b8c1609c6eab57a96d6486d18175d4ee1c52d257:public/data/catalog.json; fb07a3ad9a69a3a57c96eab4405e1d5f45c507ed:public/data/catalog.json,2026-09-12T21:44:01+08:00,确认当前官网目录已移除（官方资源残留）,完整官网目录未收录该番号；官网域名下的历史封面资源仍以图像响应。
DHRY-18,DHRY,DHRY-18 Doujin Heroine 17 Mai Hidaka -Shameful Bondage,"July 22, 2021",https://www.asiamonstr.com/giga/dhry-18-doujin-heroine-17-mai-hidaka-shameful-bondage.html,完整扫描未收录,https://www.giga-web.jp/db_titles/dhry/dhry18/pac_s.jpg,200,image/jpeg,87378,,2026-09-12T21:44:01+08:00,确认当前官网目录已移除（官方资源残留）,完整官网目录未收录该番号；官网域名下的历史封面资源仍以图像响应。
DHRY-8,DHRY,DHRY-08 Doujin Heroine 08 Female Investigator,"September 4, 2020",https://www.asiamonstr.com/giga/dhry-08-doujin-heroine-08-female-investigator-rei-fujisawa.html,完整扫描未收录,https://www.giga-web.jp/db_titles/dhry/dhry08/pac_s.jpg,200,image/jpeg,288047,,2026-09-12T21:44:02+08:00,确认当前官网目录已移除（官方资源残留）,完整官网目录未收录该番号；官网域名下的历史封面资源仍以图像响应。
GAMD-2,GAMD,"GAMD-02 Naked Heroine Ace Act2 – The Madoka War, Kanamori Mina","May 1, 2013",https://www.asiamonstr.com/giga/gamd-02-naked-heroine-ace-act2-the-madoka-war-kanamori-mina.html,完整扫描未收录,https://www.giga-web.jp/db_titles/gamd/gamd02/pac_s.jpg,200,image/jpeg,72340,,2026-09-12T21:44:02+08:00,确认当前官网目录已移除（官方资源残留）,完整官网目录未收录该番号；官网域名下的历史封面资源仍以图像响应。
GATE-39,GATE,GATE-39 Naked heroine Asada banana,"February 16, 2013",https://www.asiamonstr.com/giga/gate-39-naked-heroine-asada-banana.html,完整扫描未收录,https://www.giga-web.jp/db_titles/gate/gate39/pac_s.jpg,200,image/jpeg,318787,,2026-09-12T21:44:02+08:00,确认当前官网目录已移除（官方资源残留）,完整官网目录未收录该番号；官网域名下的历史封面资源仍以图像响应。
GDBS-22,GDBS,GDBS-22 The Highlights Of Gigantic Heroine,"October 21, 2017",https://www.asiamonstr.com/giga/gdbs-22-the-highlights-of-gigantic-heroine.html,完整扫描未收录,https://www.giga-web.jp/db_titles/gdbs/gdbs22/pac_s.jpg,200,image/jpeg,73921,,2026-09-12T21:44:03+08:00,确认当前官网目录已移除（官方资源残留）,完整官网目录未收录该番号；官网域名下的历史封面资源仍以图像响应。
GDBS-30,GDBS,GDBS-30 Highlights of Yellow Sentai,"March 28, 2015",https://www.asiamonstr.com/giga/gdbs-30-highlights-of-yellow-sentai.html,完整扫描未收录,https://www.giga-web.jp/db_titles/gdbs/gdbs30/pac_s.jpg,200,image/jpeg,94206,,2026-09-12T21:44:03+08:00,确认当前官网目录已移除（官方资源残留）,完整官网目录未收录该番号；官网域名下的历史封面资源仍以图像响应。
GDBS-31,GDBS,GDBS-31 Highlights of Blue Sentai,"December 2, 2017",https://www.asiamonstr.com/giga/gdbs-31-highlights-of-blue-sentai.html,完整扫描未收录,https://www.giga-web.jp/db_titles/gdbs/gdbs31/pac_s.jpg,200,image/jpeg,98524,,2026-09-12T21:44:03+08:00,确认当前官网目录已移除（官方资源残留）,完整官网目录未收录该番号；官网域名下的历史封面资源仍以图像响应。
GDBS-32,GDBS,GDBS-32 Highlights of Melpure and Beautiful Heroines,"December 4, 2017",https://www.asiamonstr.com/giga/gdbs-32-highlights-of-melpure-and-beautiful-heroines.html,完整扫描未收录,https://www.giga-web.jp/db_titles/gdbs/gdbs32/pac_s.jpg,200,image/jpeg,90238,,2026-09-12T21:44:04+08:00,确认当前官网目录已移除（官方资源残留）,完整官网目录未收录该番号；官网域名下的历史封面资源仍以图像响应。
GDBS-39,GDBS,GDBS-39 Best of Yurina Ayashiro,"June 7, 2017",https://www.asiamonstr.com/giga/gdbs-39-best-of-yurina-ayashiro.html,完整扫描未收录,https://www.giga-web.jp/db_titles/gdbs/gdbs39/pac_s.jpg,200,image/jpeg,398578,,2026-09-12T21:44:04+08:00,确认当前官网目录已移除（官方资源残留）,完整官网目录未收录该番号；官网域名下的历史封面资源仍以图像响应。
GDBS-47,GDBS,GDBS-47 THE DIGEST OF G1 GRAND PRIX,"November 14, 2017",https://www.asiamonstr.com/giga/gdbs-47-the-digest-of-g1-grand-prix.html,完整扫描未收录,https://www.giga-web.jp/db_titles/gdbs/gdbs47/pac_s.jpg,404,text/html; charset=iso-8859-1,,,2026-09-12T21:44:04+08:00,当前官网目录缺失，只有第三方历史线索,完整官网目录未收录；所测官网历史资源路径未命中，现阶段仅有 AsiaMonstr/项目历史线索。
GDSC-11,GDSC,GDSC-11 Super Lady,"April 10, 2013",https://www.asiamonstr.com/giga/gdsc-11-super-lady.html,完整扫描未收录,https://www.giga-web.jp/db_titles/gdsc/gdsc11/pac_s.jpg,200,image/jpeg,17784,,2026-09-12T21:44:06+08:00,确认当前官网目录已移除（官方资源残留）,完整官网目录未收录该番号；官网域名下的历史封面资源仍以图像响应。
GDSC-22,GDSC,GDSC-22 Female Sworder Rafina,"September 6, 2013",https://www.asiamonstr.com/giga/gdsc-22-female-sworder-rafina-kren-uehara.html,完整扫描未收录,https://www.giga-web.jp/db_titles/gdsc/gdsc22/pac_s.jpg,200,image/jpeg,69624,,2026-09-12T21:44:06+08:00,确认当前官网目录已移除（官方资源残留）,完整官网目录未收录该番号；官网域名下的历史封面资源仍以图像响应。
GDSC-25,GDSC,"GDSC-25 Gosoldier Soldier Pink, Moe Fujisaki","October 9, 2013",https://www.asiamonstr.com/giga/gdsc-25-gosoldier-soldier-pink-moe-fujisaki.html,完整扫描未收录,https://www.giga-web.jp/db_titles/gdsc/gdsc25/pac_s.jpg,200,image/jpeg,253449,,2026-09-12T21:44:06+08:00,确认当前官网目录已移除（官方资源残留）,完整官网目录未收录该番号；官网域名下的历史封面资源仍以图像响应。
GDSC-29,GDSC,GDSC-29 Beauty God Christina,"October 12, 2013",https://www.asiamonstr.com/giga/gdsc-29-beauty-god-christina-tomomi-motozawa.html,完整扫描未收录,https://www.giga-web.jp/db_titles/gdsc/gdsc29/pac_s.jpg,200,image/jpeg,58568,,2026-09-12T21:44:07+08:00,确认当前官网目录已移除（官方资源残留）,完整官网目录未收录该番号；官网域名下的历史封面资源仍以图像响应。
GDSC-38,GDSC,"GDSC-38 Daytona Pink The Electroshock Cunnilingus Hell, Yurina Ayashiro","January 3, 2014",https://www.asiamonstr.com/giga/gdsc-38-daytona-pink-the-electroshock-cunnilingus-hell-yurina-ayashiro.html,完整扫描未收录,https://www.giga-web.jp/db_titles/gdsc/gdsc38/pac_s.jpg,200,image/jpeg,262779,,2026-09-12T21:44:07+08:00,确认当前官网目录已移除（官方资源残留）,完整官网目录未收录该番号；官网域名下的历史封面资源仍以图像响应。
GDSC-39,GDSC,"GDSC-39 Lui, the Attractive Investigator","December 16, 2013",https://www.asiamonstr.com/giga/gdsc-39-lui-the-attractive-investigator-an-mizuki.html,完整扫描未收录,https://www.giga-web.jp/db_titles/gdsc/gdsc39/pac_s.jpg,200,image/jpeg,98948,,2026-09-12T21:44:07+08:00,确认当前官网目录已移除（官方资源残留）,完整官网目录未收录该番号；官网域名下的历史封面资源仍以图像响应。
GDSC-43,GDSC,"GDSC-43 SUPERLADY, Rena Konishi","January 21, 2014",https://www.asiamonstr.com/giga/gdsc-43-superlady-rena-konishi.html,完整扫描未收录,https://www.giga-web.jp/db_titles/gdsc/gdsc43/pac_s.jpg,200,image/jpeg,232699,,2026-09-12T21:44:08+08:00,确认当前官网目录已移除（官方资源残留）,完整官网目录未收录该番号；官网域名下的历史封面资源仍以图像响应。
GDSC-44,GDSC,"GDSC-44 Marvelous Mask, Leg Fetish, Shizuku Hasegawa","February 3, 2014",https://www.asiamonstr.com/giga/gdsc-44-marvelous-mask-leg-fetish-shizuku-hasegawa.html,完整扫描未收录,https://www.giga-web.jp/db_titles/gdsc/gdsc44/pac_s.jpg,200,image/jpeg,80176,,2026-09-12T21:44:08+08:00,确认当前官网目录已移除（官方资源残留）,完整官网目录未收录该番号；官网域名下的历史封面资源仍以图像响应。
GDSC-50,GDSC,"GDSC-50 Kunoichi Homura, Chizuru Sakura","March 31, 2014",https://www.asiamonstr.com/giga/gdsc-50-kunoichi-homura-chizuru-sakura.html,完整扫描未收录,https://www.giga-web.jp/db_titles/gdsc/gdsc50/pac_s.jpg,200,image/jpeg,18701,,2026-09-12T21:44:08+08:00,确认当前官网目录已移除（官方资源残留）,完整官网目录未收录该番号；官网域名下的历史封面资源仍以图像响应。
GEXP-2,GEXP,GEXP-02 New Star Unit Ryuseiger After story,"April 30, 2013",https://www.asiamonstr.com/giga/gexp-02-new-star-unit-ryuseiger-after-story.html,完整扫描未收录,https://www.giga-web.jp/db_titles/gexp/gexp02/pac_s.jpg,200,image/jpeg,68133,,2026-09-12T21:44:09+08:00,确认当前官网目录已移除（官方资源残留）,完整官网目录未收录该番号；官网域名下的历史封面资源仍以图像响应。
GEXP-37,GEXP,GEXP-37 Black Dress Temptation 2 Holy Peach Contaminated,"February 18, 2013",https://www.asiamonstr.com/giga/gexp-37-black-dress-temptation-2-holy-peach-contaminated-by-evil.html,完整扫描未收录,https://www.giga-web.jp/db_titles/gexp/gexp37/pac_s.jpg,200,image/jpeg,107002,,2026-09-12T21:44:09+08:00,确认当前官网目录已移除（官方资源残留）,完整官网目录未收录该番号；官网域名下的历史封面资源仍以图像响应。
GEXP-38,GEXP,GEXP-38 SPLENDID GIRL,"April 11, 2013",https://www.asiamonstr.com/giga/gexp-38-splendid-girl-nakayama-erisu-aoi-nomarin.html,完整扫描未收录,https://www.giga-web.jp/db_titles/gexp/gexp38/pac_s.jpg,200,image/jpeg,74676,,2026-09-12T21:44:09+08:00,确认当前官网目录已移除（官方资源残留）,完整官网目录未收录该番号；官网域名下的历史封面资源仍以图像响应。
GEXP-45,GEXP,GEXP-45 Cyber Special Agent Inspector Ablaze,"April 22, 2013",https://www.asiamonstr.com/giga/gexp-45-cyber-special-agent-inspector-ablaze-nagao-miwa.html,完整扫描未收录,https://www.giga-web.jp/db_titles/gexp/gexp45/pac_s.jpg,200,image/jpeg,72579,,2026-09-12T21:44:10+08:00,确认当前官网目录已移除（官方资源残留）,完整官网目录未收录该番号；官网域名下的历史封面资源仍以图像响应。
GEXP-46,GEXP,GEXP-46 Witch Beautiful Fighter Fontane,"April 22, 2013",https://www.asiamonstr.com/giga/gexp-46-witch-beautiful-fighter-fontane-oohori-kana.html,完整扫描未收录,https://www.giga-web.jp/db_titles/gexp/gexp46/pac_s.jpg,200,image/jpeg,20878,,2026-09-12T21:44:10+08:00,确认当前官网目录已移除（官方资源残留）,完整官网目录未收录该番号；官网域名下的历史封面资源仍以图像响应。
GEXP-55,GEXP,GEXP-55 Heroine Insulting Combatant Back Miss Mershal,"June 10, 2013",https://www.asiamonstr.com/giga/gexp-55-heroine-insulting-combatant-back-miss-mershal-nagao-miwa.html,完整扫描未收录,https://www.giga-web.jp/db_titles/gexp/gexp55/pac_s.jpg,200,image/jpeg,112587,,2026-09-12T21:44:10+08:00,确认当前官网目录已移除（官方资源残留）,完整官网目录未收录该番号；官网域名下的历史封面资源仍以图像响应。
GEXP-62,GEXP,GEXP-62 Evil High-Ranking Member And Heroine Intersecting,"February 19, 2013",https://www.asiamonstr.com/giga/gexp-62-evil-high-ranking-member-and-heroine-intersecting.html,完整扫描未收录,https://www.giga-web.jp/db_titles/gexp/gexp62/pac_s.jpg,200,image/jpeg,100110,,2026-09-12T21:44:11+08:00,确认当前官网目录已移除（官方资源残留）,完整官网目录未收录该番号；官网域名下的历史封面资源仍以图像响应。
GEXP-71,GEXP,GEXP-71 Witch Beautiful Girl Fighter Fontane,"June 26, 2013",https://www.asiamonstr.com/giga/gexp-71-witch-beautiful-girl-fighter-fontane-the-strongest-enemy-panty-killer-fujiwara-hitomi.html,完整扫描未收录,https://www.giga-web.jp/db_titles/gexp/gexp71/pac_s.jpg,404,text/html; charset=iso-8859-1,,,2026-09-12T21:44:11+08:00,当前官网目录缺失，只有第三方历史线索,完整官网目录未收录；所测官网历史资源路径未命中，现阶段仅有 AsiaMonstr/项目历史线索。
GEXP-95,GEXP,GEXP-95 Heroine White Eye Blackout Hell – Invincible Unit Earth Ranger,"February 19, 2013",https://www.asiamonstr.com/giga/gexp-95-heroine-white-eye-blackout-hell-invincible-unit-earth-ranger.html,完整扫描未收录,https://www.giga-web.jp/db_titles/gexp/gexp95/pac_s.jpg,200,image/jpeg,82583,,2026-09-12T21:44:12+08:00,确认当前官网目录已移除（官方资源残留）,完整官网目录未收录该番号；官网域名下的历史封面资源仍以图像响应。
GGTB-25,GGTB,GGTB-25 Heroine Cunnilingus Torture The Fighter,"November 7, 2015",https://www.asiamonstr.com/giga/ggtb-25-heroine-cunnilingus-torture-the-fighter-of-love-and-peace-aphrodite-hitomi-maisaka.html,完整扫描未收录,https://www.giga-web.jp/db_titles/ggtb/ggtb25/pac_s.jpg,200,image/jpeg,94031,,2026-09-12T21:44:13+08:00,确认当前官网目录已移除（官方资源残留）,完整官网目录未收录该番号；官网域名下的历史封面资源仍以图像响应。
GHKO-18,GHKO,GHKO-18 Heroine Bondage -SUPER WOMAN RELIA,"November 26, 2016",https://www.asiamonstr.com/giga/ghko-18-heroine-bondage-super-woman-relia-chitose-yura.html,完整扫描未收录,https://www.giga-web.jp/db_titles/ghko/ghko18/pac_s.jpg,200,image/jpeg,279166,,2026-09-12T21:44:13+08:00,确认当前官网目录已移除（官方资源残留）,完整官网目录未收录该番号；官网域名下的历史封面资源仍以图像响应。
GHKO-29,GHKO,GHKO-29 THE SUPERLADY,"December 17, 2016",https://www.asiamonstr.com/giga/ghko-29-the-superlady-maki-hoshikawa.html,完整扫描未收录,https://www.giga-web.jp/db_titles/ghko/ghko29/pac_s.jpg,200,image/jpeg,90771,,2026-09-12T21:44:13+08:00,确认当前官网目录已移除（官方资源残留）,完整官网目录未收录该番号；官网域名下的历史封面资源仍以图像响应。
GHKO-3,GHKO,GHKO-03 Queen Decker The Trap of Hypnosis Insult,"October 9, 2016",https://www.asiamonstr.com/giga/ghko-03-queen-decker-trap-hypnosis-insult-aya-miyazaki-urea-sakuraba.html,完整扫描未收录,https://www.giga-web.jp/db_titles/ghko/ghko03/pac_s.jpg,200,image/jpeg,327086,,2026-09-12T21:44:14+08:00,确认当前官网目录已移除（官方资源残留）,完整官网目录未收录该番号；官网域名下的历史封面资源仍以图像响应。
GHKO-5,GHKO,GHKO-05 Justice Low-Ranking Fighter Torture,"September 24, 2016",https://www.asiamonstr.com/giga/ghko-05-justice-low-ranking-fighter-torture-hell-mai-miori-hitomi-maisaka-izumi-asato-yui-misaki-ririko-otonagi.html,完整扫描未收录,https://www.giga-web.jp/db_titles/ghko/ghko05/pac_s.jpg,200,image/jpeg,327827,,2026-09-12T21:44:14+08:00,确认当前官网目录已移除（官方资源残留）,完整官网目录未收录该番号；官网域名下的历史封面资源仍以图像响应。
GHKO-57,GHKO,GHKO-57 Female Cadre Ruin Story,"February 26, 2017",https://www.asiamonstr.com/giga/ghko-57-female-cadre-ruin-story-yuri-nikaidou.html,完整扫描未收录,https://www.giga-web.jp/db_titles/ghko/ghko57/pac_s.jpg,200,image/jpeg,101394,,2026-09-12T21:44:14+08:00,确认当前官网目录已移除（官方资源残留）,完整官网目录未收录该番号；官网域名下的历史封面资源仍以图像响应。
GHKO-58,GHKO,GHKO-58 SUPER MORPHINE IRON RANGER -IRON RANGER,"February 26, 2017",https://www.asiamonstr.com/giga/ghko-58-super-morphine-iron-ranger-iron-ranger-destruction-crisis-the-trap-of-witch-lizera-natsuko-mishima-rina-utimura.html,完整扫描未收录,https://www.giga-web.jp/db_titles/ghko/ghko58/pac_s.jpg,200,image/jpeg,119045,,2026-09-12T21:44:15+08:00,确认当前官网目录已移除（官方资源残留）,完整官网目录未收录该番号；官网域名下的历史封面资源仍以图像响应。
GHKO-60,GHKO,GHKO-60 Pretty Luminous,"March 10, 2017",https://www.asiamonstr.com/giga/ghko-60-pretty-luminous-natsuko-mishima-karen-sakisaka.html,完整扫描未收录,https://www.giga-web.jp/db_titles/ghko/ghko60/pac_s.jpg,200,image/jpeg,279590,,2026-09-12T21:44:15+08:00,确认当前官网目录已移除（官方资源残留）,完整官网目录未收录该番号；官网域名下的历史封面资源仍以图像响应。
GHKO-67,GHKO,GHKO-67 Tentacle Monster Swallowing Torture Sailor Flare,"March 27, 2017",https://www.asiamonstr.com/giga/ghko-67-tentacle-monster-swallowing-torture-sailor-flare-reina-shirogane.html,完整扫描未收录,https://www.giga-web.jp/db_titles/ghko/ghko67/pac_s.jpg,200,image/jpeg,318838,,2026-09-12T21:44:15+08:00,确认当前官网目录已移除（官方资源残留）,完整官网目录未收录该番号；官网域名下的历史封面资源仍以图像响应。
GHKO-69,GHKO,GHKO-69 Sailor Troopers modern – Domination Hell,"April 16, 2017",https://www.asiamonstr.com/giga/ghko-69-sailor-troopers-modern-domination-hell-yua-imai-airi-seto-ai-tsukimoto-shijimi-kanon-kuga.html,完整扫描未收录,https://www.giga-web.jp/db_titles/ghko/ghko69/pac_s.jpg,200,image/jpeg,105819,,2026-09-12T21:44:16+08:00,确认当前官网目录已移除（官方资源残留）,完整官网目录未收录该番号；官网域名下的历史封面资源仍以图像响应。
GHKO-78,GHKO,GHKO-78 Infernal Slave Heroine Camp -Wonder Lady,"May 4, 2017",https://www.asiamonstr.com/giga/ghko-78-infernal-slave-heroine-camp-wonder-lady-reina-shirogane.html,完整扫描未收录,https://www.giga-web.jp/db_titles/ghko/ghko78/pac_s.jpg,200,image/jpeg,317946,,2026-09-12T21:44:16+08:00,确认当前官网目录已移除（官方资源残留）,完整官网目录未收录该番号；官网域名下的历史封面资源仍以图像响应。
GHKO-79,GHKO,GHKO-79 Sailor Prism Again – Devil Tentacle Pot Hell,"May 4, 2017",https://www.asiamonstr.com/giga/ghko-79-sailor-prism-again-devil-tentacle-pot-hell-nagomi-haruna-ayane-harura-mori.html,完整扫描未收录,https://www.giga-web.jp/db_titles/ghko/ghko79/pac_s.jpg,200,image/jpeg,126672,,2026-09-12T21:44:16+08:00,确认当前官网目录已移除（官方资源残留）,完整官网目录未收录该番号；官网域名下的历史封面资源仍以图像响应。
GHKO-91,GHKO,GHKO-91 American Comic Heroine-GO！GO！POWER WOMAN,"June 4, 2017",https://www.asiamonstr.com/giga/ghko-91-american-comic-heroine-go%ef%bc%81go%ef%bc%81power-woman-yuri-nikaidou.html,完整扫描未收录,https://www.giga-web.jp/db_titles/ghko/ghko91/pac_s.jpg,200,image/jpeg,509850,,2026-09-12T21:44:17+08:00,确认当前官网目录已移除（官方资源残留）,完整官网目录未收录该番号；官网域名下的历史封面资源仍以图像响应。
GHKO-97,GHKO,GHKO-97 New Female Combatant Nylon66,"June 18, 2017",https://www.asiamonstr.com/giga/ghko-97-new-female-combatant-nylon66.html,完整扫描未收录,https://www.giga-web.jp/db_titles/ghko/ghko97/pac_s.jpg,200,image/jpeg,451953,,2026-09-12T21:44:17+08:00,确认当前官网目录已移除（官方资源残留）,完整官网目录未收录该番号；官网域名下的历史封面资源仍以图像响应。
GHKP-16,GHKP,GHKP-16 Future Ninja Nintector-Beautiful Ninja Pleasure Torture,"August 3, 2017",https://www.asiamonstr.com/giga/ghkp-16-future-ninja-nintector-beautiful-ninja-pleasure-torture-natsuko-mishima.html,完整扫描未收录,https://www.giga-web.jp/db_titles/ghkp/ghkp16/pac_s.jpg,200,image/jpeg,351345,,2026-09-12T21:44:17+08:00,确认当前官网目录已移除（官方资源残留）,完整官网目录未收录该番号；官网域名下的历史封面资源仍以图像响应。
GHKP-31,GHKP,GHKP-31 Art Guardian Mio VS Monster Namenba,"September 11, 2017",https://www.asiamonstr.com/giga/ghkp-31-art-guardian-mio-vs-monster-namenba-reina-shirogane-rei-tokunaga-ichika-hayano.html,完整扫描未收录,https://www.giga-web.jp/db_titles/ghkp/ghkp31/pac_s.jpg,200,image/jpeg,274883,,2026-09-12T21:44:18+08:00,确认当前官网目录已移除（官方资源残留）,完整官网目录未收录该番号；官网域名下的历史封面资源仍以图像响应。
GHKP-33,GHKP,GHKP-33 Ray Storm Akari Mitani,"September 29, 2017",https://www.asiamonstr.com/giga/ghkp-33-ray-storm-akari-mitani.html,完整扫描未收录,https://www.giga-web.jp/db_titles/ghkp/ghkp33/pac_s.jpg,200,image/jpeg,255030,,2026-09-12T21:44:18+08:00,确认当前官网目录已移除（官方资源残留）,完整官网目录未收录该番号；官网域名下的历史封面资源仍以图像响应。
GHKP-4,GHKP,GHKP-04 Freshness Melpure Pure Healing -Pleasure Hell Fallen,"July 6, 2017",https://www.asiamonstr.com/giga/ghkp-04-freshness-melpure-pure-healing-pleasure-hell-fallen-to-the-darkness-mia-shizuku.html,完整扫描未收录,https://www.giga-web.jp/db_titles/ghkp/ghkp04/pac_s.jpg,200,image/jpeg,130210,,2026-09-12T21:44:18+08:00,确认当前官网目录已移除（官方资源残留）,完整官网目录未收录该番号；官网域名下的历史封面资源仍以图像响应。
GHKP-42,GHKP,GHKP-42 Cruel Shame Domination Asterios,"November 4, 2017",https://www.asiamonstr.com/giga/ghkp-42-cruel-shame-domination-asterios-kaho-shibuya.html,完整扫描未收录,https://www.giga-web.jp/db_titles/ghkp/ghkp42/pac_s.jpg,200,image/jpeg,313628,,2026-09-12T21:44:18+08:00,确认当前官网目录已移除（官方资源残留）,完整官网目录未收录该番号；官网域名下的历史封面资源仍以图像响应。
GHKP-49,GHKP,GHKP-49 Beautiful Witch Girl Rena,"November 16, 2017",https://www.asiamonstr.com/giga/ghkp-49-beautiful-witch-girl-rena.html,完整扫描未收录,https://www.giga-web.jp/db_titles/ghkp/ghkp49/pac_s.jpg,200,image/jpeg,358866,,2026-09-12T21:44:19+08:00,确认当前官网目录已移除（官方资源残留）,完整官网目录未收录该番号；官网域名下的历史封面资源仍以图像响应。
GHKP-57,GHKP,GHKP-57 Priestess Fighter Kaguya,"December 22, 2017",https://www.asiamonstr.com/giga/ghkp-57-priestess-fighter-kaguya-miyu-saito.html,完整扫描未收录,https://www.giga-web.jp/db_titles/ghkp/ghkp57/pac_s.jpg,200,image/jpeg,270009,,2026-09-12T21:44:19+08:00,确认当前官网目录已移除（官方资源残留）,完整官网目录未收录该番号；官网域名下的历史封面资源仍以图像响应。
GHKP-58,GHKP,"GHKP-58 Wonder Stella Akari Mitani, Rina Utimura","December 17, 2017",https://www.asiamonstr.com/giga/ghkp-58-wonder-stella-akari-mitani-rina-utimura.html,完整扫描未收录,https://www.giga-web.jp/db_titles/ghkp/ghkp58/pac_s.jpg,200,image/jpeg,220461,,2026-09-12T21:44:19+08:00,确认当前官网目录已移除（官方资源残留）,完整官网目录未收录该番号；官网域名下的历史封面资源仍以图像响应。
GHKP-6,GHKP,GHKP-06 Superheroine Domination Hell 31 -Beautiful Witch Girl,"July 14, 2017",https://www.asiamonstr.com/giga/ghkp-06-superheroine-domination-hell-31-beautiful-witch-girl-fontaine-kaho-shibuya.html,完整扫描未收录,https://www.giga-web.jp/db_titles/ghkp/ghkp06/pac_s.jpg,200,image/jpeg,110556,,2026-09-12T21:44:20+08:00,确认当前官网目录已移除（官方资源残留）,完整官网目录未收录该番号；官网域名下的历史封面资源仍以图像响应。
GHKP-60,GHKP,GHKP-60 Female Cadre Zora -Hero Insult- Zora’s Birth Story,"December 25, 2017",https://www.asiamonstr.com/giga/ghkp-60-female-cadre-zora-hero-insult-zoras-birth-story-sesera-harukawa.html,完整扫描未收录,https://www.giga-web.jp/db_titles/ghkp/ghkp60/pac_s.jpg,200,image/jpeg,104979,,2026-09-12T21:44:20+08:00,确认当前官网目录已移除（官方资源残留）,完整官网目录未收录该番号；官网域名下的历史封面资源仍以图像响应。
GHKP-66,GHKP,GHKP-66 Love Fighter Battler K,"January 15, 2018",https://www.asiamonstr.com/giga/ghkp-66-love-fighter-battler-k-kaho-shibuya.html,完整扫描未收录,https://www.giga-web.jp/db_titles/ghkp/ghkp66/pac_s.jpg,200,image/jpeg,275950,,2026-09-12T21:44:20+08:00,确认当前官网目录已移除（官方资源残留）,完整官网目录未收录该番号；官网域名下的历史封面资源仍以图像响应。
GHKP-74,GHKP,GHKP-74 Female Cadre Zora -Hero Insult-,"January 29, 2018",https://www.asiamonstr.com/giga/ghkp-74-female-cadre-zora-hero-insult-mai-tamaki.html,完整扫描未收录,https://www.giga-web.jp/db_titles/ghkp/ghkp74/pac_s.jpg,200,image/jpeg,102009,,2026-09-12T21:44:21+08:00,确认当前官网目录已移除（官方资源残留）,完整官网目录未收录该番号；官网域名下的历史封面资源仍以图像响应。
GHKP-79,GHKP,GHKP-79 Tales of Vastinarve -Episode. ZERO-,"February 11, 2018",https://www.asiamonstr.com/giga/ghkp-79-tales-of-vastinarve-episode-zero.html,完整扫描未收录,https://www.giga-web.jp/db_titles/ghkp/ghkp79/pac_s.jpg,200,image/jpeg,496225,,2026-09-12T21:44:21+08:00,确认当前官网目录已移除（官方资源残留）,完整官网目录未收录该番号；官网域名下的历史封面资源仍以图像响应。
GHKP-94,GHKP,GHKP-94 Blade Three -Blade Pink Temptation Punishment Ai Tsukimoto,"March 30, 2018",https://www.asiamonstr.com/giga/ghkp-94-blade-three-blade-pink-temptation-punishment-ai-tsukimoto.html,完整扫描未收录,https://www.giga-web.jp/db_titles/ghkp/ghkp94/pac_s.jpg,200,image/jpeg,521785,,2026-09-12T21:44:21+08:00,确认当前官网目录已移除（官方资源残留）,完整官网目录未收录该番号；官网域名下的历史封面资源仍以图像响应。
GHKP-98,GHKP,GHKP-98 Punishment Princess Blade -Former Female Wrestler,"March 27, 2018",https://www.asiamonstr.com/giga/ghkp-98-punishment-princess-blade-former-female-wrestler-executioner-suffers-from-stormy-domination-and-torture-mai-tamaki-naoko-oosako.html,完整扫描未收录,https://www.giga-web.jp/db_titles/ghkp/ghkp98/pac_s.jpg,200,image/jpeg,454875,,2026-09-12T21:44:22+08:00,确认当前官网目录已移除（官方资源残留）,完整官网目录未收录该番号；官网域名下的历史封面资源仍以图像响应。
GHKQ-13,GHKQ,GHKQ-13 Sailor Arutorius -Fierce Battle for Etherium,"May 24, 2018",https://www.asiamonstr.com/giga/ghkq-13-sailor-arutorius-fierce-battle-for-etherium-miori-matsushita-kanon-kuga-ruria-ichinose.html,完整扫描未收录,https://www.giga-web.jp/db_titles/ghkq/ghkq13/pac_s.jpg,200,image/jpeg,148419,,2026-09-12T21:44:22+08:00,确认当前官网目录已移除（官方资源残留）,完整官网目录未收录该番号；官网域名下的历史封面资源仍以图像响应。
GHKQ-29,GHKQ,GHKQ-29 Female Combatant Hunting,"July 4, 2018",https://www.asiamonstr.com/giga/ghkq-29-female-combatant-hunting-mirai-haruka-sara-miyabi-koharu-tsukimiya.html,完整扫描未收录,https://www.giga-web.jp/db_titles/ghkq/ghkq29/pac_s.jpg,200,image/jpeg,562781,0f1fe95ab25224f11cfd8fe304a3ed14a4fdd3ec:public/data/catalog.json; 8104579b6cc7411748b1685868af22e5b8d0dd77:public/data/catalog.json; D:\giga-catalog\data.json:video 1212; D:\giga-catalog\links.json:key GHKQ-29; b2f7a3e714bd49d9fa8c262d4460ce09c5286ec0:public/data/catalog.json; b8c1609c6eab57a96d6486d18175d4ee1c52d257:public/data/catalog.json; fb07a3ad9a69a3a57c96eab4405e1d5f45c507ed:public/data/catalog.json,2026-09-12T21:44:22+08:00,确认当前官网目录已移除（官方资源残留）,完整官网目录未收录该番号；官网域名下的历史封面资源仍以图像响应。
GHKQ-35,GHKQ,GHKQ-35 Illusion Mask,"July 14, 2018",https://www.asiamonstr.com/giga/ghkq-35-illusion-mask-reina-shirogane.html,完整扫描未收录,https://www.giga-web.jp/db_titles/ghkq/ghkq35/pac_s.jpg,200,image/jpeg,309439,,2026-09-12T21:44:23+08:00,确认当前官网目录已移除（官方资源残留）,完整官网目录未收录该番号；官网域名下的历史封面资源仍以图像响应。
GHKQ-38,GHKQ,GHKQ-38 Evil Female Cadre Zaroma -Hero Insult- Miori Matsushita,"August 4, 2018",https://www.asiamonstr.com/giga/ghkq-38-evil-female-cadre-zaroma-hero-insult-miori-matsushita.html,完整扫描未收录,https://www.giga-web.jp/db_titles/ghkq/ghkq38/pac_s.jpg,200,image/jpeg,297530,,2026-09-12T21:44:23+08:00,确认当前官网目录已移除（官方资源残留）,完整官网目录未收录该番号；官网域名下的历史封面资源仍以图像响应。
GHKQ-4,GHKQ,GHKQ-04 Side Story of Spandexer -ZORA’s Birth Story,"April 14, 2018",https://www.asiamonstr.com/giga/ghkq-04-side-story-of-spandexer-zoras-birth-story-reina-shirogane-marie-konishi.html,完整扫描未收录,https://www.giga-web.jp/db_titles/ghkq/ghkq04/pac_s.jpg,200,image/jpeg,249924,,2026-09-12T21:44:23+08:00,确认当前官网目录已移除（官方资源残留）,完整官网目录未收录该番号；官网域名下的历史封面资源仍以图像响应。
GHKQ-42,GHKQ,GHKQ-42 SPANDEXER SUN ANGEL,"August 26, 2018",https://www.asiamonstr.com/giga/ghkq-42-spandexer-sun-angel-mao-hamasaki-moe-kurashina.html,完整扫描未收录,https://www.giga-web.jp/db_titles/ghkq/ghkq42/pac_s.jpg,200,image/jpeg,237883,,2026-09-12T21:44:24+08:00,确认当前官网目录已移除（官方资源残留）,完整官网目录未收录该番号；官网域名下的历史封面资源仍以图像响应。
GHKQ-52,GHKQ,GHKQ-52 The Record of Hero Insulted Training -Perfect Queen,"September 8, 2018",https://www.asiamonstr.com/giga/ghkq-52-the-record-of-hero-insulted-training-perfect-queen-gerbera-reina-shirogane.html,完整扫描未收录,https://www.giga-web.jp/db_titles/ghkq/ghkq52/pac_s.jpg,200,image/jpeg,347341,,2026-09-12T21:44:24+08:00,确认当前官网目录已移除（官方资源残留）,完整官网目录未收录该番号；官网域名下的历史封面资源仍以图像响应。
GHKQ-54,GHKQ,GHKQ-54 Hermaphrodite Female Low-Ranking Ninja –,"September 2, 2018",https://www.asiamonstr.com/giga/ghkq-54-hermaphrodite-female-low-ranking-ninja-perverts-group-pleasure-torture-kanon-kuga-moe-kurashina-rin-hayama.html,完整扫描未收录,https://www.giga-web.jp/db_titles/ghkq/ghkq54/pac_s.jpg,200,image/jpeg,297198,,2026-09-12T21:44:24+08:00,确认当前官网目录已移除（官方资源残留）,完整官网目录未收录该番号；官网域名下的历史封面资源仍以图像响应。
GHKQ-6,GHKQ,GHKQ-06 Hermaphrodite Heroine -Battle Excite Z -Miss. Excellent,"May 9, 2018",https://www.asiamonstr.com/giga/ghkq-06-hermaphrodite-heroine-battle-excite-z-miss-excellent-riko-kitagawa-miori-matsushita.html,完整扫描未收录,https://www.giga-web.jp/db_titles/ghkq/ghkq06/pac_s.jpg,200,image/jpeg,298314,,2026-09-12T21:44:25+08:00,确认当前官网目录已移除（官方资源残留）,完整官网目录未收录该番号；官网域名下的历史封面资源仍以图像响应。
GHKQ-60,GHKQ,GHKQ-60 Young Wife Heroine -Red and Pink are a Couple,"October 8, 2018",https://www.asiamonstr.com/giga/ghkq-60-young-wife-heroine-red-and-pink-are-a-couple-of-the-battle-force-but-red-has-an-affair-with-their-opponent-female-cadre-yukine-sakuragi-reina-shirogane.html,完整扫描未收录,https://www.giga-web.jp/db_titles/ghkq/ghkq60/pac_s.jpg,200,image/jpeg,275145,,2026-09-12T21:44:25+08:00,确认当前官网目录已移除（官方资源残留）,完整官网目录未收录该番号；官网域名下的历史封面资源仍以图像响应。
GHKQ-70,GHKQ,GHKQ-70 Half Monster Detective Yukihime -Revenge for Parents,"November 14, 2018",https://www.asiamonstr.com/giga/ghkq-70-half-monster-detective-yukihime-revenge-for-parents-death-monster-genie-enki-terrible-flame-tor.html,完整扫描未收录,https://www.giga-web.jp/db_titles/ghkq/ghkq70/pac_s.jpg,200,image/jpeg,288508,,2026-09-12T21:44:25+08:00,确认当前官网目录已移除（官方资源残留）,完整官网目录未收录该番号；官网域名下的历史封面资源仍以图像响应。
GHKQ-71,GHKQ,GHKQ-71 Evil Female Cadre VS Hero Battle!,"November 17, 2018",https://www.asiamonstr.com/giga/ghkq-71-evil-female-cadre-vs-hero-battle-misato-nonomiya.html,完整扫描未收录,https://www.giga-web.jp/db_titles/ghkq/ghkq71/pac_s.jpg,200,image/jpeg,258085,,2026-09-12T21:44:26+08:00,确认当前官网目录已移除（官方资源残留）,完整官网目录未收录该番号；官网域名下的历史封面资源仍以图像响应。
GHKQ-77,GHKQ,GHKQ-77 Female Combatant Diol,"December 8, 2018",https://www.asiamonstr.com/giga/ghkq-77-female-combatant-diol-kanon-kuga-shijimi-harumi-sagawa-airu-hashino-noa-natsuki-shizuka-takei-moe-kurashina-aine-kirinami-maron-suzumiya.html,完整扫描未收录,https://www.giga-web.jp/db_titles/ghkq/ghkq77/pac_s.jpg,200,image/jpeg,81838,,2026-09-12T21:44:26+08:00,确认当前官网目录已移除（官方资源残留）,完整官网目录未收录该番号；官网域名下的历史封面资源仍以图像响应。
GHKQ-82,GHKQ,GHKQ-82 Saint Force after.1 -Picked-Up Holy Bud-,"December 22, 2018",https://www.asiamonstr.com/giga/ghkq-82-saint-force-after-1-picked-up-holy-bud-miori-matsushita.html,完整扫描未收录,https://www.giga-web.jp/db_titles/ghkq/ghkq82/pac_s.jpg,200,image/jpeg,66568,,2026-09-12T21:44:27+08:00,确认当前官网目录已移除（官方资源残留）,完整官网目录未收录该番号；官网域名下的历史封面资源仍以图像响应。
GHKQ-83,GHKQ,GHKQ-83 Superheroine Domination Hell 36 -Dyna Woman Hana Misora,"December 13, 2018",https://www.asiamonstr.com/giga/ghkq-83-superheroine-domination-hell-36-dyna-woman-hana-misora.html,完整扫描未收录,https://www.giga-web.jp/db_titles/ghkq/ghkq83/pac_s.jpg,200,image/jpeg,106909,,2026-09-12T21:44:28+08:00,确认当前官网目录已移除（官方资源残留）,完整官网目录未收录该番号；官网域名下的历史封面资源仍以图像响应。
GHKR-32,GHKR,GHKR-32 Power Lady 3 -Planed False Accusation- Misato Nonomiya,"May 17, 2019",https://www.asiamonstr.com/giga/ghkr-32-power-lady-3-planed-false-accusation-misato-nonomiya.html,完整扫描未收录,https://www.giga-web.jp/db_titles/ghkr/ghkr32/pac_s.jpg,200,image/jpeg,59765,,2026-09-12T21:44:29+08:00,确认当前官网目录已移除（官方资源残留）,完整官网目录未收录该番号；官网域名下的历史封面资源仍以图像响应。
GHKR-70,GHKR,GHKR-70 Fighting Heroine Mai Hidaka VS Soldier from Another,"September 20, 2019",https://www.asiamonstr.com/giga/ghkr-70-fighting-heroine-mai-hidaka-vs-soldier-from-another-planet-misato-nonomiya.html,完整扫描未收录,https://www.giga-web.jp/db_titles/ghkr/ghkr70/pac_s.jpg,200,image/jpeg,403868,,2026-09-12T21:44:29+08:00,确认当前官网目录已移除（官方资源残留）,完整官网目录未收录该番号；官网域名下的历史封面资源仍以图像响应。
GHKR-95,GHKR,GHKR-95 Sadistic Female Fighter Mai Hidaka -Evil Handsome,"December 28, 2019",https://www.asiamonstr.com/giga/ghkr-95-sadistic-female-fighter-mai-hidaka-evil-handsome-cadre-reverse-insult-natsuko-mishima-sousuke-asuma.html,完整扫描未收录,https://www.giga-web.jp/db_titles/ghkr/ghkr95/pac_s.jpg,200,image/jpeg,420770,,2026-09-12T21:44:30+08:00,确认当前官网目录已移除（官方资源残留）,完整官网目录未收录该番号；官网域名下的历史封面资源仍以图像响应。
GHLS-36,GHLS,GHLS-36 Spandexer Neo3 -Moon Angel and Erotic Spell,"April 17, 2020",https://www.asiamonstr.com/giga/ghls-36-spandexer-neo3-moon-angel-and-erotic-spell-hikari-sakuraba-kanon-cyura.html,完整扫描未收录,https://www.giga-web.jp/db_titles/ghls/ghls36/pac_s.jpg,200,image/jpeg,327577,,2026-09-12T21:44:30+08:00,确认当前官网目录已移除（官方资源残留）,完整官网目录未收录该番号；官网域名下的历史封面资源仍以图像响应。
GHLS-41,GHLS,GHLS-41 The Memorial Movie of 25th Anniversary 06,"April 10, 2020",https://www.asiamonstr.com/giga/ghls-41-the-memorial-movie-of-25th-anniversary-06-perfect-ranger-rei-yuino.html,完整扫描未收录,https://www.giga-web.jp/db_titles/ghls/ghls41/pac_s.jpg,200,image/jpeg,362854,,2026-09-12T21:44:30+08:00,确认当前官网目录已移除（官方资源残留）,完整官网目录未收录该番号；官网域名下的历史封面资源仍以图像响应。
GHLS-43,GHLS,GHLS-43 Cuckolded Sexy Housewife Heroine,"April 24, 2020",https://www.asiamonstr.com/giga/ghls-43-cuckolded-sexy-housewife-heroine-tomoe-nakamura.html,完整扫描未收录,https://www.giga-web.jp/db_titles/ghls/ghls43/pac_s.jpg,200,image/jpeg,419590,,2026-09-12T21:44:31+08:00,确认当前官网目录已移除（官方资源残留）,完整官网目录未收录该番号；官网域名下的历史封面资源仍以图像响应。
GHLS-54,GHLS,GHLS-54 Heroine Writhe in Pain,"May 27, 2020",https://www.asiamonstr.com/giga/ghls-54-heroine-writhe-in-pain-hana-misora.html,完整扫描未收录,https://www.giga-web.jp/db_titles/ghls/ghls54/pac_s.jpg,200,image/jpeg,418167,,2026-09-12T21:44:31+08:00,确认当前官网目录已移除（官方资源残留）,完整官网目录未收录该番号；官网域名下的历史封面资源仍以图像响应。
GHLS-55,GHLS,GHLS-55 Beautiful Brave Woman Vehement Mask Sisters,"June 9, 2020",https://www.asiamonstr.com/giga/ghls-55-beautiful-brave-woman-vehement-mask-sisters-hikari-sakuraba.html,完整扫描未收录,https://www.giga-web.jp/db_titles/ghls/ghls55/pac_s.jpg,200,image/jpeg,343196,,2026-09-12T21:44:31+08:00,确认当前官网目录已移除（官方资源残留）,完整官网目录未收录该番号；官网域名下的历史封面资源仍以图像响应。
GHLS-57,GHLS,GHLS-57 Female Combatant Polymer,"May 29, 2020",https://www.asiamonstr.com/giga/ghls-57-female-combatant-polymer.html,完整扫描未收录,https://www.giga-web.jp/db_titles/ghls/ghls57/pac_s.jpg,200,image/jpeg,180604,0f1fe95ab25224f11cfd8fe304a3ed14a4fdd3ec:public/data/catalog.json; 8104579b6cc7411748b1685868af22e5b8d0dd77:public/data/catalog.json; D:\giga-catalog\data.json:video 928; D:\giga-catalog\links.json:key GHLS-57; b2f7a3e714bd49d9fa8c262d4460ce09c5286ec0:public/data/catalog.json; b8c1609c6eab57a96d6486d18175d4ee1c52d257:public/data/catalog.json; fb07a3ad9a69a3a57c96eab4405e1d5f45c507ed:public/data/catalog.json,2026-09-12T21:44:32+08:00,确认当前官网目录已移除（官方资源残留）,完整官网目录未收录该番号；官网域名下的历史封面资源仍以图像响应。
GHLS-70,GHLS,GHLS-70 Legenmirror -The Evil God Surrender,"July 3, 2020",https://www.asiamonstr.com/giga/ghls-70-legenmirror-the-evil-god-surrender-touka-rinne-mitsuki-nagisa-yuha-kiriyama.html,完整扫描未收录,https://www.giga-web.jp/db_titles/ghls/ghls70/pac_s.jpg,200,image/jpeg,419709,,2026-09-12T21:44:32+08:00,确认当前官网目录已移除（官方资源残留）,完整官网目录未收录该番号；官网域名下的历史封面资源仍以图像响应。
GHLS-73,GHLS,GHLS-73 Saint Force Memories.2 -Holy Women’s Unknown,"July 17, 2020",https://www.asiamonstr.com/giga/ghls-73-saint-force-memories-2-holy-womens-unknown-defects-misato-nonomiya-akari-niimura.html,完整扫描未收录,https://www.giga-web.jp/db_titles/ghls/ghls73/pac_s.jpg,200,image/jpeg,268762,,2026-09-12T21:44:32+08:00,确认当前官网目录已移除（官方资源残留）,完整官网目录未收录该番号；官网域名下的历史封面资源仍以图像响应。
GHLS-83,GHLS,GHLS-83 Low-Ranking Female Corp,"July 31, 2020",https://www.asiamonstr.com/giga/ghls-83-low-ranking-female-corp.html,完整扫描未收录,https://www.giga-web.jp/db_titles/ghls/ghls83/pac_s.jpg,200,image/jpeg,342324,0f1fe95ab25224f11cfd8fe304a3ed14a4fdd3ec:public/data/catalog.json; 8104579b6cc7411748b1685868af22e5b8d0dd77:public/data/catalog.json; D:\giga-catalog\data.json:video 952; D:\giga-catalog\links.json:key GHLS-83; b2f7a3e714bd49d9fa8c262d4460ce09c5286ec0:public/data/catalog.json; b8c1609c6eab57a96d6486d18175d4ee1c52d257:public/data/catalog.json; fb07a3ad9a69a3a57c96eab4405e1d5f45c507ed:public/data/catalog.json,2026-09-12T21:44:33+08:00,确认当前官网目录已移除（官方资源残留）,完整官网目录未收录该番号；官网域名下的历史封面资源仍以图像响应。
GHLS-84,GHLS,GHLS-84 Sexy Mask -The Tower of Disgrace,"August 24, 2020",https://www.asiamonstr.com/giga/ghls-84-sexy-mask-the-tower-of-disgrace-misato-nonomiya.html,完整扫描未收录,https://www.giga-web.jp/db_titles/ghls/ghls84/pac_s.jpg,200,image/jpeg,162774,,2026-09-12T21:44:33+08:00,确认当前官网目录已移除（官方资源残留）,完整官网目录未收录该番号；官网域名下的历史封面资源仍以图像响应。
GHLS-86,GHLS,GHLS-86 Spandexer Neo Zero -Spandexer and the Body Stigma-,"August 21, 2020",https://www.asiamonstr.com/giga/ghls-86-spandexer-neo-zero-spandexer-and-the-body-stigma-touka-rinne.html,完整扫描未收录,https://www.giga-web.jp/db_titles/ghls/ghls86/pac_s.jpg,200,image/jpeg,377203,,2026-09-12T21:44:33+08:00,确认当前官网目录已移除（官方资源残留）,完整官网目录未收录该番号；官网域名下的历史封面资源仍以图像响应。
GHLS-9,GHLS,GHLS-09 Night Fever V – Ms. Exceed -Incomplete Transformation,"January 29, 2020",https://www.asiamonstr.com/giga/ghls-09-night-fever-v-ms-exceed-incomplete-transformation-insult-hana-misora.html,完整扫描未收录,https://www.giga-web.jp/db_titles/ghls/ghls09/pac_s.jpg,200,image/jpeg,346280,,2026-09-12T21:44:33+08:00,确认当前官网目录已移除（官方资源残留）,完整官网目录未收录该番号；官网域名下的历史封面资源仍以图像响应。
GHLS-97,GHLS,GHLS-97 The Memorial Movie of 25th Anniversary 11 -Sailor Mermaid & Dark Pink -Vorarephilia Hell,"September 19, 2020",https://www.asiamonstr.com/giga/ghls-97-the-memorial-movie-of-25th-anniversary-11-sailor-mermaid-dark-pink-vorarephilia-hell-ai-kawana-hana-misora.html,完整扫描未收录,https://www.giga-web.jp/db_titles/ghls/ghls97/pac_s.jpg,200,image/jpeg,396933,,2026-09-12T21:44:34+08:00,确认当前官网目录已移除（官方资源残留）,完整官网目录未收录该番号；官网域名下的历史封面资源仍以图像响应。
GHMT-26,GHMT,GHMT-26 METHOROUS,"December 18, 2020",https://www.asiamonstr.com/giga/ghmt-26-methorous.html,完整扫描未收录,https://www.giga-web.jp/db_titles/ghmt/ghmt26/pac_s.jpg,200,image/jpeg,355034,0f1fe95ab25224f11cfd8fe304a3ed14a4fdd3ec:public/data/catalog.json; 8104579b6cc7411748b1685868af22e5b8d0dd77:public/data/catalog.json; D:\giga-catalog\data.json:video 810; D:\giga-catalog\links.json:key GHMT-26; b2f7a3e714bd49d9fa8c262d4460ce09c5286ec0:public/data/catalog.json; b8c1609c6eab57a96d6486d18175d4ee1c52d257:public/data/catalog.json; fb07a3ad9a69a3a57c96eab4405e1d5f45c507ed:public/data/catalog.json,2026-09-12T21:44:34+08:00,确认当前官网目录已移除（官方资源残留）,完整官网目录未收录该番号；官网域名下的历史封面资源仍以图像响应。
GHMT-35,GHMT,GHMT-35 Superheroine Domination Hell 47 -Attack of The Split Alien,"January 15, 2021",https://www.asiamonstr.com/giga/ghmt-35-superheroine-domination-hell-47-attack-of-the-split-alien.html,完整扫描未收录,https://www.giga-web.jp/db_titles/ghmt/ghmt35/pac_s.jpg,200,image/jpeg,113189,,2026-09-12T21:44:34+08:00,确认当前官网目录已移除（官方资源残留）,完整官网目录未收录该番号；官网域名下的历史封面资源仍以图像响应。
GHMT-45,GHMT,GHMT-45 Legenmirror Episode 17 “Untransformable! Blue Fenril! Beautiful Fighters Fierce Pinch”,"January 29, 2021",https://www.asiamonstr.com/giga/ghmt-45-legenmirror-episode-17-untransformable-blue-fenril-beautiful-fighters-fierce-pinch.html,完整扫描未收录,https://www.giga-web.jp/db_titles/ghmt/ghmt45/pac_s.jpg,200,image/jpeg,135016,0f1fe95ab25224f11cfd8fe304a3ed14a4fdd3ec:public/data/catalog.json; 8104579b6cc7411748b1685868af22e5b8d0dd77:public/data/catalog.json; D:\giga-catalog\data.json:video 828; D:\giga-catalog\links.json:key GHMT-45; b2f7a3e714bd49d9fa8c262d4460ce09c5286ec0:public/data/catalog.json; b8c1609c6eab57a96d6486d18175d4ee1c52d257:public/data/catalog.json; fb07a3ad9a69a3a57c96eab4405e1d5f45c507ed:public/data/catalog.json,2026-09-12T21:44:35+08:00,确认当前官网目录已移除（官方资源残留）,完整官网目录未收录该番号；官网域名下的历史封面资源仍以图像响应。
GHMT-53,GHMT,GHMT-53 Mrs. Milkredible -Celeb Heroine Possessed by God of Poverty-,"March 9, 2021",https://www.asiamonstr.com/giga/ghmt-53-mrs-milkredible-celeb-heroine-possessed-by-god-of-poverty.html,完整扫描未收录,https://www.giga-web.jp/db_titles/ghmt/ghmt53/pac_s.jpg,200,image/jpeg,114099,,2026-09-12T21:44:35+08:00,确认当前官网目录已移除（官方资源残留）,完整官网目录未收录该番号；官网域名下的历史封面资源仍以图像响应。
GHMT-60,GHMT,GHMT-60 Sailor Aquas Brainwash -The Last Day of Sailor Diore,"March 23, 2021",https://www.asiamonstr.com/giga/ghmt-60-sailor-aquas-brainwash-the-last-day-of-sailor-diore.html,完整扫描未收录,https://www.giga-web.jp/db_titles/ghmt/ghmt60/pac_s.jpg,200,image/jpeg,147882,,2026-09-12T21:44:35+08:00,确认当前官网目录已移除（官方资源残留）,完整官网目录未收录该番号；官网域名下的历史封面资源仍以图像响应。
GHMT-66,GHMT,GHMT-66 Magical Holy Fighter Fontaine Slender -Super Slender and Beautiful Girl Fighter Fainting Ecstasy-,"April 2, 2021",https://www.asiamonstr.com/giga/ghmt-66-magical-holy-fighter-fontaine-slender-super-slender-and-beautiful-girl-fighter-fainting-ecstasy.html,完整扫描未收录,https://www.giga-web.jp/db_titles/ghmt/ghmt66/pac_s.jpg,200,image/jpeg,111683,,2026-09-12T21:44:36+08:00,确认当前官网目录已移除（官方资源残留）,完整官网目录未收录该番号；官网域名下的历史封面资源仍以图像响应。
GHMT-69,GHMT,GHMT-69 Star Shine,"March 31, 2021",https://www.asiamonstr.com/giga/ghmt-69-star-shine.html,完整扫描未收录,https://www.giga-web.jp/db_titles/ghmt/ghmt69/pac_s.jpg,200,image/jpeg,98317,,2026-09-12T21:44:36+08:00,确认当前官网目录已移除（官方资源残留）,完整官网目录未收录该番号；官网域名下的历史封面资源仍以图像响应。
GHMT-71,GHMT,GHMT-71 Magnaman -Targeted Magna Pink and Magna Yellow –,"March 26, 2021",https://www.asiamonstr.com/giga/ghmt-71-magnaman-targeted-magna-pink-and-magna-yellow-development-plan-of-magna-hunter.html,完整扫描未收录,https://www.giga-web.jp/db_titles/ghmt/ghmt71/pac_s.jpg,200,image/jpeg,126654,,2026-09-12T21:44:36+08:00,确认当前官网目录已移除（官方资源残留）,完整官网目录未收录该番号；官网域名下的历史封面资源仍以图像响应。
GHNU-3,GHNU,GHNU-03 Beautiful Witch Girl Fontaine -The Trap of Fake Fontaine-,"July 2, 2021",https://www.asiamonstr.com/giga/ghnu-03-beautiful-witch-girl-fontaine-the-trap-of-fake-fontaine.html,完整扫描未收录,https://www.giga-web.jp/db_titles/ghnu/ghnu03/pac_s.jpg,200,image/jpeg,97702,0f1fe95ab25224f11cfd8fe304a3ed14a4fdd3ec:public/data/catalog.json; 8104579b6cc7411748b1685868af22e5b8d0dd77:public/data/catalog.json; D:\giga-catalog\data.json:video 689; D:\giga-catalog\links.json:key GHNU-03; b2f7a3e714bd49d9fa8c262d4460ce09c5286ec0:public/data/catalog.json; b8c1609c6eab57a96d6486d18175d4ee1c52d257:public/data/catalog.json; fb07a3ad9a69a3a57c96eab4405e1d5f45c507ed:public/data/catalog.json,2026-09-12T21:44:37+08:00,确认当前官网目录已移除（官方资源残留）,完整官网目录未收录该番号；官网域名下的历史封面资源仍以图像响应。
GHNU-80,GHNU,GHNU-80 Heroine Drunk and Lecherous Fall -Pure Sailor’s Evil Alcohol Seduction-,"January 21, 2022",https://www.asiamonstr.com/giga/ghnu-80-heroine-drunk-and-lecherous-fall-pure-sailors-evil-alcohol-seduction.html,完整扫描未收录,https://www.giga-web.jp/db_titles/ghnu/ghnu80/pac_s.jpg,200,image/jpeg,146480,,2026-09-12T21:44:37+08:00,确认当前官网目录已移除（官方资源残留）,完整官网目录未收录该番号；官网域名下的历史封面资源仍以图像响应。
GHOR-10,GHOR,GHOR-10 Amira,"February 25, 2016",https://www.asiamonstr.com/giga/ghor-10-amira-iroha-seino.html,完整扫描未收录,https://www.giga-web.jp/db_titles/ghor/ghor10/pac_s.jpg,200,image/jpeg,95093,,2026-09-12T21:44:37+08:00,确认当前官网目录已移除（官方资源残留）,完整官网目录未收录该番号；官网域名下的历史封面资源仍以图像响应。
GHOR-2,GHOR,GHOR-02 Heroine Twisty Bondage,"January 20, 2016",https://www.asiamonstr.com/giga/ghor-02-heroine-twisty-bondage-asuka-hanai-nozomi-haduki.html,完整扫描未收录,https://www.giga-web.jp/db_titles/ghor/ghor02/pac_s.jpg,200,image/jpeg,92405,,2026-09-12T21:44:38+08:00,确认当前官网目录已移除（官方资源残留）,完整官网目录未收录该番号；官网域名下的历史封面资源仍以图像响应。
GHOR-26,GHOR,GHOR-26 Galaxy Investigator Daytona Pink,"March 27, 2016",https://www.asiamonstr.com/giga/ghor-26-galaxy-investigator-daytona-pink-in-the-ensuing-five-months-yurina-ayashiro.html,完整扫描未收录,https://www.giga-web.jp/db_titles/ghor/ghor26/pac_s.jpg,200,image/jpeg,87438,,2026-09-12T21:44:38+08:00,确认当前官网目录已移除（官方资源残留）,完整官网目录未收录该番号；官网域名下的历史封面资源仍以图像响应。
GHOR-30,GHOR,GHOR-30 Making an Adorable Heroine Your Slave Ⅴ,"April 17, 2016",https://www.asiamonstr.com/giga/ghor-30-making-adorable-heroine-slave-mao-shirakawa-haru-kataoka.html,完整扫描未收录,https://www.giga-web.jp/db_titles/ghor/ghor30/pac_s.jpg,200,image/jpeg,88889,,2026-09-12T21:44:38+08:00,确认当前官网目录已移除（官方资源残留）,完整官网目录未收录该番号；官网域名下的历史封面资源仍以图像响应。
GHOR-32,GHOR,GHOR-32 Heroine Lesbian SM -Two Female Benevolent thief-,"April 7, 2016",https://www.asiamonstr.com/giga/ghor-32-heroine-lesbian-sm-two-female-benevolent-thief-mai-tamaki-mirei-yokoyama.html,完整扫描未收录,https://www.giga-web.jp/db_titles/ghor/ghor32/pac_s.jpg,200,image/jpeg,466905,,2026-09-12T21:44:39+08:00,确认当前官网目录已移除（官方资源残留）,完整官网目录未收录该番号；官网域名下的历史封面资源仍以图像响应。
GHOR-37,GHOR,GHOR-37 Witch Angel Magical Mask -The Second Nightmare-,"April 29, 2016",https://www.asiamonstr.com/giga/ghor-37-witch-angel-magical-mask-second-nightmare-runa-suzumori.html,完整扫描未收录,https://www.giga-web.jp/db_titles/ghor/ghor37/pac_s.jpg,404,text/html; charset=iso-8859-1,,,2026-09-12T21:44:39+08:00,当前官网目录缺失，只有第三方历史线索,完整官网目录未收录；所测官网历史资源路径未命中，现阶段仅有 AsiaMonstr/项目历史线索。
GHOR-47,GHOR,GHOR-47 Making an Adorable Heroine Your Slave 3 REMAKE,"May 12, 2016",https://www.asiamonstr.com/giga/ghor-47-making-adorable-heroine-slave-3-remake-nana-ninomiya-shiori-anzai.html,完整扫描未收录,https://www.giga-web.jp/db_titles/ghor/ghor47/pac_s.jpg,200,image/jpeg,300757,,2026-09-12T21:44:40+08:00,确认当前官网目录已移除（官方资源残留）,完整官网目录未收录该番号；官网域名下的历史封面资源仍以图像响应。
GHOR-69,GHOR,GHOR-69 Rescue Heroine Five Laser,"July 13, 2016",https://www.asiamonstr.com/giga/ghor-69-rescue-heroine-five-laser-maki-hoshikawa.html,完整扫描未收录,https://www.giga-web.jp/db_titles/ghor/ghor69/pac_s.jpg,200,image/jpeg,308542,,2026-09-12T21:44:41+08:00,确认当前官网目录已移除（官方资源残留）,完整官网目录未收录该番号；官网域名下的历史封面资源仍以图像响应。
GHOR-72,GHOR,GHOR-72 Heroine Twisty Bondage Bird 3,"July 29, 2016",https://www.asiamonstr.com/giga/ghor-72-heroine-twisty-bondage-ally-nanami-aoi-bird-3-arisa-seina.html,完整扫描未收录,https://www.giga-web.jp/db_titles/ghor/ghor72/pac_s.jpg,200,image/jpeg,336827,,2026-09-12T21:44:41+08:00,确认当前官网目录已移除（官方资源残留）,完整官网目录未收录该番号；官网域名下的历史封面资源仍以图像响应。
GHOR-73,GHOR,GHOR-73 Vehement Mask Apprentice -The First Battle-,"July 30, 2016",https://www.asiamonstr.com/giga/ghor-73-vehement-mask-apprentice-first-battle-yuri-momose.html,完整扫描未收录,https://www.giga-web.jp/db_titles/ghor/ghor73/pac_s.jpg,200,image/jpeg,306822,,2026-09-12T21:44:41+08:00,确认当前官网目录已移除（官方资源残留）,完整官网目录未收录该番号；官网域名下的历史封面资源仍以图像响应。
GHOR-75,GHOR,GHOR-75 Female Commander Perfect Training,"August 24, 2016",https://www.asiamonstr.com/giga/ghor-75-female-commander-perfect-training-haruna-ikoma-aya-miyazaki.html,完整扫描未收录,https://www.giga-web.jp/db_titles/ghor/ghor75/pac_s.jpg,200,image/jpeg,327372,,2026-09-12T21:44:42+08:00,确认当前官网目录已移除（官方资源残留）,完整官网目录未收录该番号；官网域名下的历史封面资源仍以图像响应。
GHOR-79,GHOR,GHOR-79 Judicial Heroine Judgelia,"August 24, 2016",https://www.asiamonstr.com/giga/ghor-79-judicial-heroine-judgelia-ai-tsukimoto-shijimi.html,完整扫描未收录,https://www.giga-web.jp/db_titles/ghor/ghor79/pac_s.jpg,200,image/jpeg,377327,,2026-09-12T21:44:42+08:00,确认当前官网目录已移除（官方资源残留）,完整官网目录未收录该番号；官网域名下的历史封面资源仍以图像响应。
GHOR-8,GHOR,GHOR-08 Heroine Cutie Battle Pink Feather VS Evil Lady,"February 18, 2016",https://www.asiamonstr.com/giga/ghor-08-heroine-cutie-battle-pink-feather-vs-evil-lady-hitomi-maisaka-miori-hara.html,完整扫描未收录,https://www.giga-web.jp/db_titles/ghor/ghor08/pac_s.jpg,200,image/jpeg,126366,,2026-09-12T21:44:42+08:00,确认当前官网目录已移除（官方资源残留）,完整官网目录未收录该番号；官网域名下的历史封面资源仍以图像响应。
GHPM-1,GHPM,GHPM-01 Triple Soldier,"June 14, 2015",https://www.asiamonstr.com/giga/ghpm-01-triple-soldier-an-mizuki.html,完整扫描未收录,https://www.giga-web.jp/db_titles/ghpm/ghpm01/pac_s.jpg,200,image/jpeg,102525,,2026-09-12T21:44:43+08:00,确认当前官网目录已移除（官方资源残留）,完整官网目录未收录该番号；官网域名下的历史封面资源仍以图像响应。
GHPM-12,GHPM,GHPM-12 Fantastic Ai,"July 19, 2015",https://www.asiamonstr.com/giga/ghpm-12-fantastic-ai-ai-uehara.html,完整扫描未收录,https://www.giga-web.jp/db_titles/ghpm/ghpm12/pac_s.jpg,200,image/jpeg,63946,,2026-09-12T21:44:43+08:00,确认当前官网目录已移除（官方资源残留）,完整官网目录未收录该番号；官网域名下的历史封面资源仍以图像响应。
GHPM-30,GHPM,GHPM-30 Non-Transforming Heroine Diana,"August 15, 2015",https://www.asiamonstr.com/giga/ghpm-30-non-transforming-heroine-diana-ai-uehara.html,完整扫描未收录,https://www.giga-web.jp/db_titles/ghpm/ghpm30/pac_s.jpg,200,image/jpeg,90924,,2026-09-12T21:44:43+08:00,确认当前官网目录已移除（官方资源残留）,完整官网目录未收录该番号；官网域名下的历史封面资源仍以图像响应。
GHPM-38,GHPM,"GHPM-38 Heroine 4 Short Episode – Sexy Mask, Fontaine","August 26, 2015",https://www.asiamonstr.com/giga/ghpm-38-heroine-4-short-episode-sexy-mask-fontaine-sailor-forte-yui-misaki-miori-hara-hitomi-maisaka.html,完整扫描未收录,https://www.giga-web.jp/db_titles/ghpm/ghpm38/pac_s.jpg,200,image/jpeg,116260,,2026-09-12T21:44:44+08:00,确认当前官网目录已移除（官方资源残留）,完整官网目录未收录该番号；官网域名下的历史封面资源仍以图像响应。
GHPM-41,GHPM,GHPM-41 Tied Up Heroine –Wonder Lady,"September 6, 2015",https://www.asiamonstr.com/giga/ghpm-41-tied-up-heroine-wonder-lady-reiko-kobayakawa.html,完整扫描未收录,https://www.giga-web.jp/db_titles/ghpm/ghpm41/pac_s.jpg,200,image/jpeg,94105,,2026-09-12T21:44:44+08:00,确认当前官网目录已移除（官方资源残留）,完整官网目录未收录该番号；官网域名下的历史封面资源仍以图像响应。
GHPM-50,GHPM,GHPM-50 Sailor Gemini Premier and Aquas Insult Part,"September 20, 2015",https://www.asiamonstr.com/giga/ghpm-50-sailor-gemini-premier-and-aquas-insult-part-airu-minami-emiri-takayama.html,完整扫描未收录,https://www.giga-web.jp/db_titles/ghpm/ghpm50/pac_s.jpg,200,image/jpeg,104494,,2026-09-12T21:44:44+08:00,确认当前官网目录已移除（官方资源残留）,完整官网目录未收录该番号；官网域名下的历史封面资源仍以图像响应。
GHPM-64,GHPM,GHPM-64 Heroine Twisty Bondage Sailor Heroines Sailor Angelina,"November 3, 2015",https://www.asiamonstr.com/giga/ghpm-64-heroine-twisty-bondage-sailor-heroines-sailor-angelina-sailor-mask-aurora-jewel-princess-rina-utimura.html,完整扫描未收录,https://www.giga-web.jp/db_titles/ghpm/ghpm64/pac_s.jpg,200,image/jpeg,107177,,2026-09-12T21:44:45+08:00,确认当前官网目录已移除（官方资源残留）,完整官网目录未收录该番号；官网域名下的历史封面资源仍以图像响应。
GHPM-78,GHPM,GHPM-78 Heroine Twisty Bondage Miss Heart,"November 26, 2015",https://www.asiamonstr.com/giga/ghpm-78-heroine-twisty-bondage-miss-heart-nozomi-haduki.html,完整扫描未收录,https://www.giga-web.jp/db_titles/ghpm/ghpm78/pac_s.jpg,200,image/jpeg,102647,,2026-09-12T21:44:45+08:00,确认当前官网目录已移除（官方资源残留）,完整官网目录未收录该番号；官网域名下的历史封面资源仍以图像响应。
GHPM-8,GHPM,GHPM-08 Heroine Twisty Bondage,"July 6, 2015",https://www.asiamonstr.com/giga/ghpm-08-heroine-twisty-bondage-nozomi-haduki.html,完整扫描未收录,https://www.giga-web.jp/db_titles/ghpm/ghpm08/pac_s.jpg,200,image/jpeg,125651,,2026-09-12T21:44:45+08:00,确认当前官网目录已移除（官方资源残留）,完整官网目录未收录该番号；官网域名下的历史封面资源仍以图像响应。
GHPM-89,GHPM,GHPM-89 Heroine Twisty Bondage Beautiful Brave Woman,"December 26, 2015",https://www.asiamonstr.com/giga/ghpm-89-heroine-twisty-bondage-beautiful-brave-woman-vehement-mask-red-and-white-rina-utimura.html,完整扫描未收录,https://www.giga-web.jp/db_titles/ghpm/ghpm89/pac_s.jpg,200,image/jpeg,98290,,2026-09-12T21:44:46+08:00,确认当前官网目录已移除（官方资源残留）,完整官网目录未收录该番号；官网域名下的历史封面资源仍以图像响应。
GHPM-98,GHPM,GHPM-98 Black Dress Temptation Vol.9 Beautiful Mask Aurora,"January 24, 2016",https://www.asiamonstr.com/giga/ghpm-98-black-dress-temptation-vol-9-beautiful-mask-aurora-fairy-and-wind-emiri-takayama-mai-tamaki.html,完整扫描未收录,https://www.giga-web.jp/db_titles/ghpm/ghpm98/pac_s.jpg,200,image/jpeg,108776,,2026-09-12T21:44:46+08:00,确认当前官网目录已移除（官方资源残留）,完整官网目录未收录该番号；官网域名下的历史封面资源仍以图像响应。
GIGP-12,GIGP,GIGP-12 Spandexer -Extra Domination-,"October 24, 2019",https://www.asiamonstr.com/giga/gigp-12-spandexer-extra-domination-rina-otomi.html,完整扫描未收录,https://www.giga-web.jp/db_titles/gigp/gigp12/pac_s.jpg,200,image/jpeg,112162,,2026-09-12T21:44:46+08:00,确认当前官网目录已移除（官方资源残留）,完整官网目录未收录该番号；官网域名下的历史封面资源仍以图像响应。
GIGP-19,GIGP,GIGP-19 Sexy Mask -Seven Perverts,"October 27, 2020",https://www.asiamonstr.com/giga/gigp-19-sexy-mask-seven-perverts-misato-nonomiya.html,完整扫描未收录,https://www.giga-web.jp/db_titles/gigp/gigp19/pac_s.jpg,200,image/jpeg,331750,,2026-09-12T21:44:47+08:00,确认当前官网目录已移除（官方资源残留）,完整官网目录未收录该番号；官网域名下的历史封面资源仍以图像响应。
GIGP-22,GIGP,GIGP-22 Sailor Tifana and Melius -Sexually Corrupted Sailor Suit,"November 5, 2020",https://www.asiamonstr.com/giga/gigp-22-sailor-tifana-and-melius-sexually-corrupted-sailor-suit-mitsuki-nagisa-mio-ichijyo.html,完整扫描未收录,https://www.giga-web.jp/db_titles/gigp/gigp22/pac_s.jpg,200,image/jpeg,354908,0f1fe95ab25224f11cfd8fe304a3ed14a4fdd3ec:public/data/catalog.json; 8104579b6cc7411748b1685868af22e5b8d0dd77:public/data/catalog.json; D:\giga-catalog\data.json:video 1115; D:\giga-catalog\links.json:key GIGP-22; b2f7a3e714bd49d9fa8c262d4460ce09c5286ec0:public/data/catalog.json; b8c1609c6eab57a96d6486d18175d4ee1c52d257:public/data/catalog.json; fb07a3ad9a69a3a57c96eab4405e1d5f45c507ed:public/data/catalog.json,2026-09-12T21:44:47+08:00,确认当前官网目录已移除（官方资源残留）,完整官网目录未收录该番号；官网域名下的历史封面资源仍以图像响应。
GIGP-4,GIGP,"GIGP-04 Evil Female Cadre Wizabell Reika Hashimoto, Yua Nanami","October 31, 2018",https://www.asiamonstr.com/giga/gigp-04-evil-female-cadre-wizabell-reika-hashimoto-yua-nanami.html,完整扫描未收录,https://www.giga-web.jp/db_titles/gigp/gigp04/pac_s.jpg,200,image/jpeg,409966,,2026-09-12T21:44:47+08:00,确认当前官网目录已移除（官方资源残留）,完整官网目录未收录该番号；官网域名下的历史封面资源仍以图像响应。
GIGP-5,GIGP,"GIGP-05 U.S.A. Super Heroine -Accel Girl VS Dyna Woman Miki Sunohara, Hana Misora","November 3, 2018",https://www.asiamonstr.com/giga/gigp-05-u-s-a-super-heroine-accel-girl-vs-dyna-woman-miki-sunohara-hana-misora.html,完整扫描未收录,https://www.giga-web.jp/db_titles/gigp/gigp05/pac_s.jpg,200,image/jpeg,698497,,2026-09-12T21:44:48+08:00,确认当前官网目录已移除（官方资源残留）,完整官网目录未收录该番号；官网域名下的历史封面资源仍以图像响应。
GIGP-8,GIGP,GIGP-08 Power Lady2 -Stolen Love Juice! Heroine Incest Plan! Misato Nonomiya,"November 3, 2018",https://www.asiamonstr.com/giga/gigp-08-power-lady2-stolen-love-juice-heroine-incest-plan-misato-nonomiya.html,完整扫描未收录,https://www.giga-web.jp/db_titles/gigp/gigp08/pac_s.jpg,200,image/jpeg,278395,,2026-09-12T21:44:48+08:00,确认当前官网目录已移除（官方资源残留）,完整官网目录未收录该番号；官网域名下的历史封面资源仍以图像响应。
GIMG-11,GIMG,GIMG-11 Heroine Image Factory11 Marvelous Mask,"November 1, 2017",https://www.asiamonstr.com/giga/gimg-11-heroine-image-factory11-marvelous-mask-shizuku-hasegawa.html,完整扫描未收录,https://www.giga-web.jp/db_titles/gimg/gimg11/pac_s.jpg,200,image/jpeg,70562,,2026-09-12T21:44:48+08:00,确认当前官网目录已移除（官方资源残留）,完整官网目录未收录该番号；官网域名下的历史封面资源仍以图像响应。
GIMG-13,GIMG,GIMG-13 Heroine Image Factory Daytona Pink,"September 16, 2015",https://www.asiamonstr.com/giga/gimg-13-heroine-image-factory-daytona-pink-yurina-ayashiro.html,完整扫描未收录,https://www.giga-web.jp/db_titles/gimg/gimg13/pac_s.jpg,200,image/jpeg,62426,,2026-09-12T21:44:49+08:00,确认当前官网目录已移除（官方资源残留）,完整官网目录未收录该番号；官网域名下的历史封面资源仍以图像响应。
GIMG-16,GIMG,"GIMG-16 Heroine Image Factory16 Rui, the Attractive Investigator An Mizuki","December 6, 2017",https://www.asiamonstr.com/giga/gimg-16-heroine-image-factory16-rui-the-attractive-investigator-an-mizuki.html,完整扫描未收录,https://www.giga-web.jp/db_titles/gimg/gimg16/pac_s.jpg,404,text/html; charset=iso-8859-1,,,2026-09-12T21:44:49+08:00,当前官网目录缺失，只有第三方历史线索,完整官网目录未收录；所测官网历史资源路径未命中，现阶段仅有 AsiaMonstr/项目历史线索。
GIMG-3,GIMG,"GIMG-03 Heroine image factory Sailor sapphire, Saya Aika","July 23, 2013",https://www.asiamonstr.com/giga/gimg-03-heroine-image-factory-sailor-sapphire-saya-aika.html,完整扫描未收录,https://www.giga-web.jp/db_titles/gimg/gimg03/pac_s.jpg,200,image/jpeg,101869,,2026-09-12T21:44:50+08:00,确认当前官网目录已移除（官方资源残留）,完整官网目录未收录该番号；官网域名下的历史封面资源仍以图像响应。
GIMG-30,GIMG,GIMG-30 Heroine Image Factory BUSHIDO GIRLS,"November 16, 2014",https://www.asiamonstr.com/giga/gimg-30-heroine-image-factory-bushido-girls-fatal-force-the-legend-of-the-fire-eagle-yurina-ayashiro-an-mizuki.html,完整扫描未收录,https://www.giga-web.jp/db_titles/gimg/gimg30/pac_s.jpg,404,text/html; charset=iso-8859-1,,,2026-09-12T21:44:51+08:00,当前官网目录缺失，只有第三方历史线索,完整官网目录未收录；所测官网历史资源路径未命中，现阶段仅有 AsiaMonstr/项目历史线索。
GIMG-36,GIMG,GIMG-36 Heroine Image Factory Kunoichi,"March 2, 2015",https://www.asiamonstr.com/giga/gimg-36-heroine-image-factory-kunoichi-chizuru-sakura-akari-nishiyama.html,完整扫描未收录,https://www.giga-web.jp/db_titles/gimg/gimg36/pac_s.jpg,200,image/jpeg,89013,,2026-09-12T21:44:52+08:00,确认当前官网目录已移除（官方资源残留）,完整官网目录未收录该番号；官网域名下的历史封面资源仍以图像响应。
GIMG-43,GIMG,GIMG-43 Heroine Image Factory The Fighter Of Love And Peace,"December 5, 2015",https://www.asiamonstr.com/giga/gimg-43-heroine-image-factory-the-fighter-of-love-and-peace-aphrodite-hitomi-maisaka.html,完整扫描未收录,https://www.giga-web.jp/db_titles/gimg/gimg43/pac_s.jpg,200,image/jpeg,61928,,2026-09-12T21:44:52+08:00,确认当前官网目录已移除（官方资源残留）,完整官网目录未收录该番号；官网域名下的历史封面资源仍以图像响应。
GIMG-50,GIMG,GIMG-50 Heroine Image Factory Daytona Pink,"June 28, 2016",https://www.asiamonstr.com/giga/gimg-50-heroine-image-factory-daytona-pink-yurina-ayashiro.html,完整扫描未收录,https://www.giga-web.jp/db_titles/gimg/gimg50/pac_s.jpg,200,image/jpeg,52703,,2026-09-12T21:44:53+08:00,确认当前官网目录已移除（官方资源残留）,完整官网目录未收录该番号；官网域名下的历史封面资源仍以图像响应。
GIMG-65,GIMG,GIMG-65 Heroine Image Factory65 Pure Healing,"October 4, 2017",https://www.asiamonstr.com/giga/gimg-65-heroine-image-factory65-pure-healing-mia-shizuku.html,完整扫描未收录,https://www.giga-web.jp/db_titles/gimg/gimg65/pac_s.jpg,200,image/jpeg,254127,,2026-09-12T21:44:53+08:00,确认当前官网目录已移除（官方资源残留）,完整官网目录未收录该番号；官网域名下的历史封面资源仍以图像响应。
GIMG-9,GIMG,GIMG-09 Heroine Image Factory Beauty God Christina,"May 28, 2015",https://www.asiamonstr.com/giga/gimg-09-heroine-image-factory-beauty-god-christina-tomomi-motozawa.html,完整扫描未收录,https://www.giga-web.jp/db_titles/gimg/gimg09/pac_s.jpg,200,image/jpeg,68090,,2026-09-12T21:44:53+08:00,确认当前官网目录已移除（官方资源残留）,完整官网目录未收录该番号；官网域名下的历史封面资源仍以图像响应。
GIRO-27,GIRO,GIRO-27 Kaguya the Masked Tramsformer,"December 3, 2014",https://www.asiamonstr.com/giga/giro-27-kaguya-masked-tramsformer.html,完整扫描未收录,https://www.giga-web.jp/db_titles/giro/giro27/pac_s.jpg,200,image/jpeg,96592,,2026-09-12T21:44:54+08:00,确认当前官网目录已移除（官方资源残留）,完整官网目录未收录该番号；官网域名下的历史封面资源仍以图像响应。
GIRO-29,GIRO,GIRO-29 Heroine Bukkake Torture Sailor Topaz,"December 4, 2014",https://www.asiamonstr.com/giga/giro-29-heroine-bukkake-torture-sailor-topaz.html,完整扫描未收录,https://www.giga-web.jp/db_titles/giro/giro29/pac_s.jpg,200,image/jpeg,85703,,2026-09-12T21:44:54+08:00,确认当前官网目录已移除（官方资源残留）,完整官网目录未收录该番号；官网域名下的历史封面资源仍以图像响应。
GIRO-31,GIRO,GIRO-31 Heroine Applicant Charge Mermaid,"November 29, 2014",https://www.asiamonstr.com/giga/giro-31-heroine-applicant-charge-mermaid.html,完整扫描未收录,https://www.giga-web.jp/db_titles/giro/giro31/pac_s.jpg,200,image/jpeg,92898,,2026-09-12T21:44:54+08:00,确认当前官网目录已移除（官方资源残留）,完整官网目录未收录该番号；官网域名下的历史封面资源仍以图像响应。
GIRO-40,GIRO,GIRO-40 Non-Transforming Heroine – Andrzei Yellow Ema Part 2,"December 29, 2014",https://www.asiamonstr.com/giga/giro-40-non-transforming-heroine-andrzei-yellow-ema-part-2-satomi-nomiya-mai-miori.html,完整扫描未收录,https://www.giga-web.jp/db_titles/giro/giro40/pac_s.jpg,200,image/jpeg,106556,,2026-09-12T21:44:55+08:00,确认当前官网目录已移除（官方资源残留）,完整官网目录未收录该番号；官网域名下的历史封面资源仍以图像响应。
GIRO-62,GIRO,GIRO-62 Armored Heroine Kinbaku Domination –ANGELA-,"March 10, 2015",https://www.asiamonstr.com/giga/giro-62-armored-heroine-kinbaku-domination-angela-mio-kayama.html,完整扫描未收录,https://www.giga-web.jp/db_titles/giro/giro62/pac_s.jpg,200,image/jpeg,101957,,2026-09-12T21:44:55+08:00,确认当前官网目录已移除（官方资源残留）,完整官网目录未收录该番号；官网域名下的历史封面资源仍以图像响应。
GIRO-65,GIRO,GIRO-65 Revenge of the Combatants – The Fall of Daytona Pink,"March 6, 2015",https://www.asiamonstr.com/giga/giro-65-revenge-of-the-combatants-the-fall-of-daytona-pink-yurina-ayashiro.html,完整扫描未收录,https://www.giga-web.jp/db_titles/giro/giro65/pac_s.jpg,200,image/jpeg,98510,,2026-09-12T21:44:55+08:00,确认当前官网目录已移除（官方资源残留）,完整官网目录未收录该番号；官网域名下的历史封面资源仍以图像响应。
GIRO-79,GIRO,GIRO-79 Black Dress Temptation Vol.08 Saint Scent Stained,"May 2, 2015",https://www.asiamonstr.com/giga/giro-79-black-dress-temptation-vol-08-saint-scent-stained-yurina-ayashiro-ayako-kanou.html,完整扫描未收录,https://www.giga-web.jp/db_titles/giro/giro79/pac_s.jpg,200,image/jpeg,131187,,2026-09-12T21:44:56+08:00,确认当前官网目录已移除（官方资源残留）,完整官网目录未收录该番号；官网域名下的历史封面资源仍以图像响应。
GIRO-87,GIRO,GIRO-87 Primteus,"May 13, 2015",https://www.asiamonstr.com/giga/giro-87-primteus-yurina-ayashiro.html,完整扫描未收录,https://www.giga-web.jp/db_titles/giro/giro87/pac_s.jpg,200,image/jpeg,131987,,2026-09-12T21:44:56+08:00,确认当前官网目录已移除（官方资源残留）,完整官网目录未收录该番号；官网域名下的历史封面资源仍以图像响应。
GIRO-89,GIRO,GIRO-89 Sailor Legend V Part 1,"May 16, 2015",https://www.asiamonstr.com/giga/giro-89-sailor-legend-v-part-1-moa-hoshizora-mai-tamaki-haruna-ayane-emiri-takayama-ran-narutsuki-kyouko-maki-makoto-takeuchi.html,完整扫描未收录,https://www.giga-web.jp/db_titles/giro/giro89/pac_s.jpg,200,image/jpeg,113401,,2026-09-12T21:44:56+08:00,确认当前官网目录已移除（官方资源残留）,完整官网目录未收录该番号；官网域名下的历史封面资源仍以图像响应。
GIRO-9,GIRO,GIRO-09 Citi Link the Phantom Thief – Tickling Torture Sana Tujii,"September 12, 2014",https://www.asiamonstr.com/giga/giro-09-citi-link-the-phantom-thief-tickling-torture.html,完整扫描未收录,https://www.giga-web.jp/db_titles/giro/giro09/pac_s.jpg,200,image/jpeg,83704,,2026-09-12T21:44:57+08:00,确认当前官网目录已移除（官方资源残留）,完整官网目录未收录该番号；官网域名下的历史封面资源仍以图像响应。
GIRO-92,GIRO,GIRO-92 Sailor Legend V Part 2,"May 31, 2015",https://www.asiamonstr.com/giga/giro-92-sailor-legend-v-part-2-moa-hoshizora-haruna-ayane-emiri-takayama-ran-narutsuki-mai-tamaki-makoto-takeuchi-kyouko-maki.html,完整扫描未收录,https://www.giga-web.jp/db_titles/giro/giro92/pac_s.jpg,200,image/jpeg,116533,,2026-09-12T21:44:57+08:00,确认当前官网目录已移除（官方资源残留）,完整官网目录未收录该番号；官网域名下的历史封面资源仍以图像响应。
GMMD-5,GMMD,GMMD-05 Contemptuous Heroine – Desperate Endurance,"April 12, 2013",https://www.asiamonstr.com/giga/gmmd-05-contemptuous-heroine-desperate-endurance-beautiful-fighter-briria-yokoyama-mirei.html,完整扫描未收录,https://www.giga-web.jp/db_titles/gmmd/gmmd05/pac_s.jpg,200,image/jpeg,361392,,2026-09-12T21:44:57+08:00,确认当前官网目录已移除（官方资源残留）,完整官网目录未收录该番号；官网域名下的历史封面资源仍以图像响应。
GOMK-11,GOMK,GOMK-11 Bolero combatant woman,"February 20, 2013",https://www.asiamonstr.com/giga/gomk-11-bolero-combatant-woman-ai-wakana-ryo-kamiya.html,完整扫描未收录,https://www.giga-web.jp/db_titles/gomk/gomk11/pac_s.jpg,200,image/jpeg,67548,,2026-09-12T21:44:58+08:00,确认当前官网目录已移除（官方资源残留）,完整官网目录未收录该番号；官网域名下的历史封面资源仍以图像响应。
GOMK-17,GOMK,GOMK-17 Charge Mermaid VS Galaxy Special Agent Ally,"February 20, 2013",https://www.asiamonstr.com/giga/gomk-17-charge-mermaid-vs-galaxy-special-agent-ally-kana-ohori-emi-kobashi.html,完整扫描未收录,https://www.giga-web.jp/db_titles/gomk/gomk17/pac_s.jpg,200,image/jpeg,85286,,2026-09-12T21:44:58+08:00,确认当前官网目录已移除（官方资源残留）,完整官网目录未收录该番号；官网域名下的历史封面资源仍以图像响应。
GOMK-38,GOMK,GOMK-38 Blue Streak Force Pulser Pink,"April 25, 2013",https://www.asiamonstr.com/giga/gomk-38-blue-streak-force-pulser-pink-ren-aizawa.html,完整扫描未收录,https://www.giga-web.jp/db_titles/gomk/gomk38/pac_s.jpg,200,image/jpeg,87752,,2026-09-12T21:44:58+08:00,确认当前官网目录已移除（官方资源残留）,完整官网目录未收录该番号；官网域名下的历史封面资源仍以图像响应。
GOMK-39,GOMK,GOMK-39 KUNOICHI – Misty Oshichi,"May 20, 2013",https://www.asiamonstr.com/giga/gomk-39-kunoichi-misty-oshichi-hitomi-fujiwara.html,完整扫描未收录,https://www.giga-web.jp/db_titles/gomk/gomk39/pac_s.jpg,404,text/html; charset=iso-8859-1,,,2026-09-12T21:44:59+08:00,当前官网目录缺失，只有第三方历史线索,完整官网目录未收录；所测官网历史资源路径未命中，现阶段仅有 AsiaMonstr/项目历史线索。
GOMK-44,GOMK,GOMK-44 Black Dress Temptation – Holy Star That Falls Into Evil Alice,"May 28, 2013",https://www.asiamonstr.com/giga/gomk-44-black-dress-temptation-holy-star-that-falls-into-evil-alice-mimi-hanae-megumi-touno.html,完整扫描未收录,https://www.giga-web.jp/db_titles/gomk/gomk44/pac_s.jpg,200,image/jpeg,171038,,2026-09-12T21:45:00+08:00,确认当前官网目录已移除（官方资源残留）,完整官网目录未收录该番号；官网域名下的历史封面资源仍以图像响应。
GOMK-60,GOMK,GOMK-60 Female Combatant Bolero 2,"August 10, 2013",https://www.asiamonstr.com/giga/gomk-60-female-combatant-bolero-2-mio-mikuru-miina-kuboduka-eri-makino-chisa-hiruma-ayano-kamiya.html,完整扫描未收录,https://www.giga-web.jp/db_titles/gomk/gomk60/pac_s.jpg,200,image/jpeg,126212,,2026-09-12T21:45:00+08:00,确认当前官网目录已移除（官方资源残留）,完整官网目录未收录该番号；官网域名下的历史封面资源仍以图像响应。
GOMK-61,GOMK,GOMK-61 Tied Up Heroine Ninja Closer NO.3 Flower Shadow,"September 4, 2013",https://www.asiamonstr.com/giga/gomk-61-tied-up-heroine-ninja-closer-no-3-flower-shadow-yu-kawakami-azusa-kirihara.html,完整扫描未收录,https://www.giga-web.jp/db_titles/gomk/gomk61/pac_s.jpg,200,image/jpeg,408298,,2026-09-12T21:45:01+08:00,确认当前官网目录已移除（官方资源残留）,完整官网目录未收录该番号；官网域名下的历史封面资源仍以图像响应。
GOMK-65,GOMK,GOMK-65 III first rare ESP girl Misa Noah,"September 1, 2013",https://www.asiamonstr.com/giga/gomk-65-iii-first-rare-esp-girl-misa-noah.html,完整扫描未收录,https://www.giga-web.jp/db_titles/gomk/gomk65/pac_s.jpg,200,image/jpeg,145939,,2026-09-12T21:45:01+08:00,确认当前官网目录已移除（官方资源残留）,完整官网目录未收录该番号；官网域名下的历史封面资源仍以图像响应。
GOMK-73,GOMK,GOMK-73 Rape Hunter Development Project File 5,"September 16, 2013",https://www.asiamonstr.com/giga/gomk-73-rape-hunter-development-project-file-5-nana-usami-nozomi-haduki-chisa-hiruma.html,完整扫描未收录,https://www.giga-web.jp/db_titles/gomk/gomk73/pac_s.jpg,200,image/jpeg,409178,,2026-09-12T21:45:01+08:00,确认当前官网目录已移除（官方资源残留）,完整官网目录未收录该番号；官网域名下的历史封面资源仍以图像响应。
GOMK-76,GOMK,GOMK-76 Beautiful Witch Girl Fontane,"September 18, 2013",https://www.asiamonstr.com/giga/gomk-76-beautiful-witch-girl-fontane-saya-aika.html,完整扫描未收录,https://www.giga-web.jp/db_titles/gomk/gomk76/pac_s.jpg,200,image/jpeg,134594,,2026-09-12T21:45:02+08:00,确认当前官网目录已移除（官方资源残留）,完整官网目录未收录该番号；官网域名下的历史封面资源仍以图像响应。
GOMK-78,GOMK,GOMK-78 Beautiful Mask Aurora,"October 8, 2013",https://www.asiamonstr.com/giga/gomk-78-beautiful-mask-aurora-yurina-ayashiro.html,完整扫描未收录,https://www.giga-web.jp/db_titles/gomk/gomk78/pac_s.jpg,200,image/jpeg,139081,,2026-09-12T21:45:02+08:00,确认当前官网目录已移除（官方资源残留）,完整官网目录未收录该番号；官网域名下的历史封面资源仍以图像响应。
GOMK-95,GOMK,GOMK-95 Marvelous Mask the first part,"November 4, 2013",https://www.asiamonstr.com/giga/gomk-95-marvelous-mask-part-ai-ishihara.html,完整扫描未收录,https://www.giga-web.jp/db_titles/gomk/gomk95/pac_s.jpg,200,image/jpeg,309850,,2026-09-12T21:45:02+08:00,确认当前官网目录已移除（官方资源残留）,完整官网目录未收录该番号；官网域名下的历史封面资源仍以图像响应。
GOMK-96,GOMK,"GOMK-96 Monoclinous Heroine – Space Agent Androcross, An Mizuki, Mika Osaki","November 7, 2013",https://www.asiamonstr.com/giga/gomk-96-monoclinous-heroine-space-agent-androcross-mizuki-mika-osaki.html,完整扫描未收录,https://www.giga-web.jp/db_titles/gomk/gomk96/pac_s.jpg,200,image/jpeg,85445,,2026-09-12T21:45:03+08:00,确认当前官网目录已移除（官方资源残留）,完整官网目录未收录该番号；官网域名下的历史封面资源仍以图像响应。
GOMK-98,GOMK,GOMK-98 Marvelous Mask,"November 20, 2013",https://www.asiamonstr.com/giga/gomk-98-marvelous-mask-ai-ishihara.html,完整扫描未收录,https://www.giga-web.jp/db_titles/gomk/gomk98/pac_s.jpg,200,image/jpeg,79813,,2026-09-12T21:45:03+08:00,确认当前官网目录已移除（官方资源残留）,完整官网目录未收录该番号；官网域名下的历史封面资源仍以图像响应。
GPTM-22,GPTM,GPTM-22 Giant Heroine Sophia,"April 26, 2013",https://www.asiamonstr.com/giga/gptm-22-giant-heroine-sophia.html,完整扫描未收录,https://www.giga-web.jp/db_titles/gptm/gptm22/pac_s.jpg,404,text/html; charset=iso-8859-1,,,2026-09-12T21:45:03+08:00,当前官网目录缺失，只有第三方历史线索,完整官网目录未收录；所测官网历史资源路径未命中，现阶段仅有 AsiaMonstr/项目历史线索。
GPTM-38,GPTM,GPTM-38 Saint Force after.3 -Broken Hope,"November 22, 2019",https://www.asiamonstr.com/giga/gptm-38-saint-force-after-3-broken-hope-reunion-of-holy-women-miho-tono-natsuki-misato-nonomiya.html,完整扫描未收录,https://www.giga-web.jp/db_titles/gptm/gptm38/pac_s.jpg,200,image/jpeg,288342,,2026-09-12T21:45:05+08:00,确认当前官网目录已移除（官方资源残留）,完整官网目录未收录该番号；官网域名下的历史封面资源仍以图像响应。
GRET-26,GRET,GRET-26 Gigantic Heroine (R) Next Lady,"October 4, 2016",https://www.asiamonstr.com/giga/gret-26-gigantic-heroine-r-next-lady-mai-tamaki.html,完整扫描未收录,https://www.giga-web.jp/db_titles/gret/gret26/pac_s.jpg,200,image/jpeg,299350,,2026-09-12T21:45:05+08:00,确认当前官网目录已移除（官方资源残留）,完整官网目录未收录该番号；官网域名下的历史封面资源仍以图像响应。
GRET-5,GRET,GRET-05 Giant Heroine Fire Woman,"April 2, 2013",https://www.asiamonstr.com/giga/gret-05-giant-heroine-fire-woman.html,完整扫描未收录,https://www.giga-web.jp/db_titles/gret/gret05/pac_s.jpg,200,image/jpeg,399932,,2026-09-12T21:45:05+08:00,确认当前官网目录已移除（官方资源残留）,完整官网目录未收录该番号；官网域名下的历史封面资源仍以图像响应。
GRET-7,GRET,GRET-07 Super Cocky Heroine Completely Defeated Insult Princess Noa,"February 7, 2013",https://www.asiamonstr.com/giga/gret-07-super-cocky-heroine-alien-puppets.html,完整扫描未收录,https://www.giga-web.jp/db_titles/gret/gret07/pac_s.jpg,200,image/jpeg,283293,,2026-09-12T21:45:06+08:00,确认当前官网目录已移除（官方资源残留）,完整官网目录未收录该番号；官网域名下的历史封面资源仍以图像响应。
GSAD-3,GSAD,GSAD-03 SUPER HEROINE Action Wars – Toki Force Sanseijer The Dangers Target,"April 12, 2013",https://www.asiamonstr.com/giga/gsad-03-super-heroine-action-wars-toki-force-sanseijer-the-dangers-target.html,完整扫描未收录,https://www.giga-web.jp/db_titles/gsad/gsad03/pac_s.jpg,200,image/jpeg,102119,,2026-09-12T21:45:06+08:00,确认当前官网目录已移除（官方资源残留）,完整官网目录未收录该番号；官网域名下的历史封面资源仍以图像响应。
GSHE-10,GSHE,GSHE-10 20th Anniversary Thanks to You! The History of GIGA,"December 22, 2017",https://www.asiamonstr.com/giga/gshe-10-20th-anniversary-thanks-to-you-the-history-of-giga-tokusatsu-pornography.html,完整扫描未收录,https://www.giga-web.jp/db_titles/gshe/gshe10/pac_s.jpg,200,image/jpeg,58557,,2026-09-12T21:45:06+08:00,确认当前官网目录已移除（官方资源残留）,完整官网目录未收录该番号；官网域名下的历史封面资源仍以图像响应。
GSHE-2,GSHE,GSHE-02 Highlights of Heroines Fainting,"November 7, 2017",https://www.asiamonstr.com/giga/gshe-02-highlights-of-heroines-fainting.html,完整扫描未收录,https://www.giga-web.jp/db_titles/gshe/gshe02/pac_s.jpg,200,image/jpeg,108699,,2026-09-12T21:45:07+08:00,确认当前官网目录已移除（官方资源残留）,完整官网目录未收录该番号；官网域名下的历史封面资源仍以图像响应。
GSHE-3,GSHE,GSHE-03 Top 20 User’s Choice 2013,"August 23, 2014",https://www.asiamonstr.com/giga/gshe-03-top-20-user-s-choice-2013.html,完整扫描未收录,https://www.giga-web.jp/db_titles/gshe/gshe03/pac_s.jpg,200,image/jpeg,160777,,2026-09-12T21:45:07+08:00,确认当前官网目录已移除（官方资源残留）,完整官网目录未收录该番号；官网域名下的历史封面资源仍以图像响应。
GSHE-4,GSHE,GSHE-04 Highlights of the Sailor Fighters,"November 8, 2017",https://www.asiamonstr.com/giga/gshe-04-highlights-of-the-sailor-fighters.html,完整扫描未收录,https://www.giga-web.jp/db_titles/gshe/gshe04/pac_s.jpg,200,image/jpeg,209518,,2026-09-12T21:45:07+08:00,确认当前官网目录已移除（官方资源残留）,完整官网目录未收录该番号；官网域名下的历史封面资源仍以图像响应。
GSHE-8,GSHE,GSHE-08 Charge Mermaid Highlights,"April 14, 2015",https://www.asiamonstr.com/giga/gshe-08-charge-mermaid-highlights.html,完整扫描未收录,https://www.giga-web.jp/db_titles/gshe/gshe08/pac_s.jpg,200,image/jpeg,88394,,2026-09-12T21:45:08+08:00,确认当前官网目录已移除（官方资源残留）,完整官网目录未收录该番号；官网域名下的历史封面资源仍以图像响应。
GTRL-1,GTRL,GTRL-01 New Star Unit Ryuseiger Suppression,"April 13, 2013",https://www.asiamonstr.com/giga/gtrl-01-star-unit-ryuseiger-suppression-hitomi-fujiwara.html,完整扫描未收录,https://www.giga-web.jp/db_titles/gtrl/gtrl01/pac_s.jpg,404,text/html; charset=iso-8859-1,,,2026-09-12T21:45:08+08:00,当前官网目录缺失，只有第三方历史线索,完整官网目录未收录；所测官网历史资源路径未命中，现阶段仅有 AsiaMonstr/项目历史线索。
GTRL-10,GTRL,GTRL-10 Sailor Heroines Vol.01 Sailor Crysta and Voltes,"February 14, 2015",https://www.asiamonstr.com/giga/gtrl-10-sailor-heroines-vol-01-sailor-crysta-voltes-yurina-ayashiro-mizuki.html,完整扫描未收录,https://www.giga-web.jp/db_titles/gtrl/gtrl10/pac_s.jpg,200,image/jpeg,90521,,2026-09-12T21:45:10+08:00,确认当前官网目录已移除（官方资源残留）,完整官网目录未收录该番号；官网域名下的历史封面资源仍以图像响应。
GTRL-2,GTRL,GTRL-02 New Star Unit Ryuseiger Lesbian insult Sumire,"February 21, 2013",https://www.asiamonstr.com/giga/gtrl-02-new-star-unit-ryuseiger-lesbian-insult.html,完整扫描未收录,https://www.giga-web.jp/db_titles/gtrl/gtrl02/pac_s.jpg,404,text/html; charset=iso-8859-1,,,2026-09-12T21:45:10+08:00,当前官网目录缺失，只有第三方历史线索,完整官网目录未收录；所测官网历史资源路径未命中，现阶段仅有 AsiaMonstr/项目历史线索。
GTRL-24,GTRL,GTRL-24 JK Investigator Blu-sailor Striker 03,"July 9, 2015",https://www.asiamonstr.com/giga/gtrl-24-jk-investigator-blu-sailor-striker-03-yurina-ayashiro-mio-shiraishi.html,完整扫描未收录,https://www.giga-web.jp/db_titles/gtrl/gtrl24/pac_s.jpg,200,image/jpeg,94310,,2026-09-12T21:45:11+08:00,确认当前官网目录已移除（官方资源残留）,完整官网目录未收录该番号；官网域名下的历史封面资源仍以图像响应。
GTRL-3,GTRL,GTRL-03 New Star Unit Ryuseiger Humiliation white insult,"February 21, 2013",https://www.asiamonstr.com/giga/gtrl-03-new-star-unit-ryuseiger-humiliation-white-insult.html,完整扫描未收录,https://www.giga-web.jp/db_titles/gtrl/gtrl03/pac_s.jpg,404,text/html; charset=iso-8859-1,,,2026-09-12T21:45:12+08:00,当前官网目录缺失，只有第三方历史线索,完整官网目录未收录；所测官网历史资源路径未命中，现阶段仅有 AsiaMonstr/项目历史线索。
GTRL-47,GTRL,GTRL-47 Rape Hunter BEAST Vol.2 Beautiful Brave Woman,"October 8, 2017",https://www.asiamonstr.com/giga/gtrl-47-rape-hunter-beast-vol-2-beautiful-brave-woman-vehement-mask-grace-natsuko-mishima.html,完整扫描未收录,https://www.giga-web.jp/db_titles/gtrl/gtrl47/pac_s.jpg,200,image/jpeg,111510,,2026-09-12T21:45:13+08:00,确认当前官网目录已移除（官方资源残留）,完整官网目录未收录该番号；官网域名下的历史封面资源仍以图像响应。
GTRL-52,GTRL,GTRL-52 The Stallion Monster Trilogy Vol.1 -Bird Force Bird Swan Hana Misora,"March 18, 2018",https://www.asiamonstr.com/giga/gtrl-52-the-stallion-monster-trilogy-vol-1-bird-force-bird-swan-hana-misora.html,完整扫描未收录,https://www.giga-web.jp/db_titles/gtrl/gtrl52/pac_s.jpg,200,image/jpeg,546773,,2026-09-12T21:45:13+08:00,确认当前官网目录已移除（官方资源残留）,完整官网目录未收录该番号；官网域名下的历史封面资源仍以图像响应。
GVRD-20,GVRD,"GVRD-20 The Evil Empress Teaches Lesbianism to a Superheroine, Rei Ayana, Ai Ishihara","January 19, 2014",https://www.asiamonstr.com/giga/gvrd-20-the-evil-empress-teaches-lesbianism-to-a-superheroine-rei-ayana-ai-ishihara.html,完整扫描未收录,https://www.giga-web.jp/db_titles/gvrd/gvrd20/pac_s.jpg,200,image/jpeg,113571,,2026-09-12T21:45:14+08:00,确认当前官网目录已移除（官方资源残留）,完整官网目录未收录该番号；官网域名下的历史封面资源仍以图像响应。
GVRD-27,GVRD,GVRD-27 Queen Mask,"February 18, 2014",https://www.asiamonstr.com/giga/gvrd-27-queen-mask-an-mizuki.html,完整扫描未收录,https://www.giga-web.jp/db_titles/gvrd/gvrd27/pac_s.jpg,200,image/jpeg,75662,,2026-09-12T21:45:14+08:00,确认当前官网目录已移除（官方资源残留）,完整官网目录未收录该番号；官网域名下的历史封面资源仍以图像响应。
GVRD-32,GVRD,"GVRD-32 Monoclinous Heroine – GaoMaru – The Wonder Man, An Mizuki","March 23, 2014",https://www.asiamonstr.com/giga/gvrd-32-monoclinous-heroine-gaomaru-the-wonder-man-an-mizuki.html,完整扫描未收录,https://www.giga-web.jp/db_titles/gvrd/gvrd32/pac_s.jpg,200,image/jpeg,85299,,2026-09-12T21:45:14+08:00,确认当前官网目录已移除（官方资源残留）,完整官网目录未收录该番号；官网域名下的历史封面资源仍以图像响应。
GVRD-33,GVRD,GVRD-33 Heroine Showery Insult Sailor Dolphin,"February 26, 2014",https://www.asiamonstr.com/giga/gvrd-33-heroine-showery-insult-sailor-dolphin-yurina-ayashiro.html,完整扫描未收录,https://www.giga-web.jp/db_titles/gvrd/gvrd33/pac_s.jpg,200,image/jpeg,326630,,2026-09-12T21:45:15+08:00,确认当前官网目录已移除（官方资源残留）,完整官网目录未收录该番号；官网域名下的历史封面资源仍以图像响应。
GVRD-37,GVRD,GVRD-37 Merupure Tied Up Insult,"March 15, 2014",https://www.asiamonstr.com/giga/gvrd-37-merupure-tied-up-insult-momo-watanabe-ai-ishihara.html,完整扫描未收录,https://www.giga-web.jp/db_titles/gvrd/gvrd37/pac_s.jpg,200,image/jpeg,268027,,2026-09-12T21:45:15+08:00,确认当前官网目录已移除（官方资源残留）,完整官网目录未收录该番号；官网域名下的历史封面资源仍以图像响应。
GVRD-44,GVRD,GVRD-44 Sailor-Fighters Tentacle Monster Swallowing,"March 17, 2014",https://www.asiamonstr.com/giga/gvrd-44-sailor-fighters-tentacle-monster-swallowing-insult-from-the-inside-part-1-yurina-ayashiro-yui-fujishima.html,完整扫描未收录,https://www.giga-web.jp/db_titles/gvrd/gvrd44/pac_s.jpg,200,image/jpeg,329889,,2026-09-12T21:45:16+08:00,确认当前官网目录已移除（官方资源残留）,完整官网目录未收录该番号；官网域名下的历史封面资源仍以图像响应。
GVRD-48,GVRD,GVRD-48 Ame-Comi Heroine Double Rape,"April 1, 2014",https://www.asiamonstr.com/giga/gvrd-48-ame-comi-heroine-double-rape-minami-ayase-yurina-ayashiro.html,完整扫描未收录,https://www.giga-web.jp/db_titles/gvrd/gvrd48/pac_s.jpg,200,image/jpeg,274482,,2026-09-12T21:45:17+08:00,确认当前官网目录已移除（官方资源残留）,完整官网目录未收录该番号；官网域名下的历史封面资源仍以图像响应。
GVRD-49,GVRD,GVRD-49 Sailor-Fighters Tentacle Monster Swallowing,"April 7, 2014",https://www.asiamonstr.com/giga/gvrd-49-sailor-fighters-tentacle-monster-swallowing-insult-from-the-inside-part-2-yurina-ayashiro-yui-fujishima.html,完整扫描未收录,https://www.giga-web.jp/db_titles/gvrd/gvrd49/pac_s.jpg,200,image/jpeg,329511,,2026-09-12T21:45:20+08:00,确认当前官网目录已移除（官方资源残留）,完整官网目录未收录该番号；官网域名下的历史封面资源仍以图像响应。
GVRD-58,GVRD,GVRD-58 Heroine’s Monster Transformation Project,"April 30, 2014",https://www.asiamonstr.com/giga/gvrd-58-heroine-s-monster-transformation-project-chizuru-sakura.html,完整扫描未收录,https://www.giga-web.jp/db_titles/gvrd/gvrd58/pac_s.jpg,200,image/jpeg,83702,,2026-09-12T21:45:21+08:00,确认当前官网目录已移除（官方资源残留）,完整官网目录未收录该番号；官网域名下的历史封面资源仍以图像响应。
GVRD-60,GVRD,GVRD-60 Tied Up Heroine -Good Bye Super Woman Episode 2,"April 28, 2014",https://www.asiamonstr.com/giga/gvrd-60-tied-up-heroine-good-bye-super-woman-episode-2-karin-itsuki.html,完整扫描未收录,https://www.giga-web.jp/db_titles/gvrd/gvrd60/pac_s.jpg,200,image/jpeg,99557,,2026-09-12T21:45:21+08:00,确认当前官网目录已移除（官方资源残留）,完整官网目录未收录该番号；官网域名下的历史封面资源仍以图像响应。
GVRD-69,GVRD,"GVRD-69 Completely Clothed Heroine Insult – Battle of the Future, Yurina Ayashiro","July 23, 2014",https://www.asiamonstr.com/giga/gvrd-69-completely-clothed-heroine-insult-battle-of-the-future-yurina-ayashiro.html,完整扫描未收录,https://www.giga-web.jp/db_titles/gvrd/gvrd69/pac_s.jpg,200,image/jpeg,92900,,2026-09-12T21:45:21+08:00,确认当前官网目录已移除（官方资源残留）,完整官网目录未收录该番号；官网域名下的历史封面资源仍以图像响应。
GVRD-81,GVRD,GVRD-81 Battle of Future – Bondage Rape,"August 12, 2014",https://www.asiamonstr.com/giga/gvrd-81-battle-of-future-bondage-rape-yurina-ayashiro.html,完整扫描未收录,https://www.giga-web.jp/db_titles/gvrd/gvrd81/pac_s.jpg,200,image/jpeg,408436,,2026-09-12T21:45:21+08:00,确认当前官网目录已移除（官方资源残留）,完整官网目录未收录该番号；官网域名下的历史封面资源仍以图像响应。
GXXD-2,GXXD,GXXD-02 Ninja Force High Ranger,"May 23, 2015",https://www.asiamonstr.com/giga/gxxd-02-ninja-force-high-ranger-rika-yuuki.html,完整扫描未收录,https://www.giga-web.jp/db_titles/gxxd/gxxd02/pac_s.jpg,200,image/jpeg,33073,,2026-09-12T21:45:22+08:00,确认当前官网目录已移除（官方资源残留）,完整官网目录未收录该番号；官网域名下的历史封面资源仍以图像响应。
GXXD-4,GXXD,"GXXD-04 Hermaphrodite Heroine – Galaxy Girl, Akira Ithinose","July 8, 2013",https://www.asiamonstr.com/giga/gxxd-04-hermaphrodite-heroine-galaxy-girl-akira-ithinose.html,完整扫描未收录,https://www.giga-web.jp/db_titles/gxxd/gxxd04/pac_s.jpg,200,image/jpeg,138080,,2026-09-12T21:45:22+08:00,确认当前官网目录已移除（官方资源残留）,完整官网目录未收录该番号；官网域名下的历史封面资源仍以图像响应。
GXXD-79,GXXD,GXXD-79 Heroine Awakening – Slutty Masked Heroine,"February 22, 2013",https://www.asiamonstr.com/giga/gxxd-79-heroine-awakening-slutty-masked-heroine.html,完整扫描未收录,https://www.giga-web.jp/db_titles/gxxd/gxxd79/pac_s.jpg,200,image/jpeg,85639,,2026-09-12T21:45:22+08:00,确认当前官网目录已移除（官方资源残留）,完整官网目录未收录该番号；官网域名下的历史封面资源仍以图像响应。
JMSZ-29,JMSZ,JMSZ-29 Targeted Super Heroine -Tragic Fate Awaited Shuriff Pink,"December 2, 2015",https://www.asiamonstr.com/giga/jmsz-29-targeted-super-heroine-tragic-fate-awaited-shuriff-pink-rina-utimura-hitomi-maisaka.html,完整扫描未收录,https://www.giga-web.jp/db_titles/jmsz/jmsz29/pac_s.jpg,200,image/jpeg,122680,,2026-09-12T21:45:23+08:00,确认当前官网目录已移除（官方资源残留）,完整官网目录未收录该番号；官网域名下的历史封面资源仍以图像响应。
JMSZ-32,JMSZ,JMSZ-32 Princess Fighter Pure Blazer Angel Blazer,"February 11, 2016",https://www.asiamonstr.com/giga/jmsz-32-princess-fighter-pure-blazer-angel-blazer-harura-mori.html,完整扫描未收录,https://www.giga-web.jp/db_titles/jmsz/jmsz32/pac_s.jpg,200,image/jpeg,126675,,2026-09-12T21:45:23+08:00,确认当前官网目录已移除（官方资源残留）,完整官网目录未收录该番号；官网域名下的历史封面资源仍以图像响应。
JMSZ-34,JMSZ,JMSZ-34 Justice Five Fallen Justice Pink,"April 6, 2016",https://www.asiamonstr.com/giga/jmsz-34-justice-five-fallen-justice-pink-harura-mori.html,完整扫描未收录,https://www.giga-web.jp/db_titles/jmsz/jmsz34/pac_s.jpg,200,image/jpeg,111887,,2026-09-12T21:45:23+08:00,确认当前官网目录已移除（官方资源残留）,完整官网目录未收录该番号；官网域名下的历史封面资源仍以图像响应。
JMSZ-42,JMSZ,"JMSZ-42 Miori Hara, Hitomi Maisaka Holy Goddess Fighter Saint","August 25, 2016",https://www.asiamonstr.com/giga/jmsz-42-miori-hara-hitomi-maisaka-holy-goddess-fighter-saint-cheer-childhood-friend-super-heroine.html,完整扫描未收录,https://www.giga-web.jp/db_titles/jmsz/jmsz42/pac_s.jpg,200,image/jpeg,382961,,2026-09-12T21:45:24+08:00,确认当前官网目录已移除（官方资源残留）,完整官网目录未收录该番号；官网域名下的历史封面资源仍以图像响应。
JMSZ-50,JMSZ,JMSZ-50 The Sovereign Princess in Grave Danger,"March 8, 2017",https://www.asiamonstr.com/giga/jmsz-50-the-sovereign-princess-in-grave-danger.html,完整扫描未收录,https://www.giga-web.jp/db_titles/jmsz/jmsz50/pac_s.jpg,200,image/jpeg,341965,,2026-09-12T21:45:24+08:00,确认当前官网目录已移除（官方资源残留）,完整官网目录未收录该番号；官网域名下的历史封面资源仍以图像响应。
JMSZ-55,JMSZ,JMSZ-55 Beautiful Middle-Aged Fontaine -Spell of Stallion Mask-,"June 11, 2017",https://www.asiamonstr.com/giga/jmsz-55-beautiful-middle-aged-fontaine-spell-of-stallion-mask-natsuko-mishima.html,完整扫描未收录,https://www.giga-web.jp/db_titles/jmsz/jmsz55/pac_s.jpg,200,image/jpeg,105083,,2026-09-12T21:45:24+08:00,确认当前官网目录已移除（官方资源残留）,完整官网目录未收录该番号；官网域名下的历史封面资源仍以图像响应。
JMSZ-56,JMSZ,JMSZ-56 Plump Wife Heroine -Housewife Pink Fallen,"July 1, 2017",https://www.asiamonstr.com/giga/jmsz-56-plump-wife-heroine-housewife-pink-fallen-to-the-pleasure-training-natsuki-narumi.html,完整扫描未收录,https://www.giga-web.jp/db_titles/jmsz/jmsz56/pac_s.jpg,200,image/jpeg,116472,,2026-09-12T21:45:25+08:00,确认当前官网目录已移除（官方资源残留）,完整官网目录未收录该番号；官网域名下的历史封面资源仍以图像响应。
JMSZ-57,JMSZ,JMSZ-57 Female Cadre Larussa -Force Red Reverse Insult,"August 7, 2017",https://www.asiamonstr.com/giga/jmsz-57-female-cadre-larussa-force-red-reverse-insult-kaho-shibuya.html,完整扫描未收录,https://www.giga-web.jp/db_titles/jmsz/jmsz57/pac_s.jpg,200,image/jpeg,123636,,2026-09-12T21:45:25+08:00,确认当前官网目录已移除（官方资源残留）,完整官网目录未收录该番号；官网域名下的历史封面资源仍以图像响应。
JMSZ-83,JMSZ,JMSZ-83 Hero Insult -Female Cadre Vel Maria –,"February 10, 2020",https://www.asiamonstr.com/giga/jmsz-83-hero-insult-female-cadre-vel-maria-the-dangerous-beauty-misato-nonomiya.html,完整扫描未收录,https://www.giga-web.jp/db_titles/jmsz/jmsz83/pac_s.jpg,200,image/jpeg,414794,,2026-09-12T21:45:25+08:00,确认当前官网目录已移除（官方资源残留）,完整官网目录未收录该番号；官网域名下的历史封面资源仍以图像响应。
JMSZ-86,JMSZ,JMSZ-86 Miracle Momo Episode.0,"August 20, 2020",https://www.asiamonstr.com/giga/jmsz-86-miracle-momo-episode-0-mitsuki-nagisa-saku-kurosaki.html,完整扫描未收录,https://www.giga-web.jp/db_titles/jmsz/jmsz86/pac_s.jpg,200,image/jpeg,437439,0f1fe95ab25224f11cfd8fe304a3ed14a4fdd3ec:public/data/catalog.json; 8104579b6cc7411748b1685868af22e5b8d0dd77:public/data/catalog.json; D:\giga-catalog\data.json:video 2352; D:\giga-catalog\links.json:key JMSZ-86; b2f7a3e714bd49d9fa8c262d4460ce09c5286ec0:public/data/catalog.json; b8c1609c6eab57a96d6486d18175d4ee1c52d257:public/data/catalog.json; fb07a3ad9a69a3a57c96eab4405e1d5f45c507ed:public/data/catalog.json,2026-09-12T21:45:26+08:00,确认当前官网目录已移除（官方资源残留）,完整官网目录未收录该番号；官网域名下的历史封面资源仍以图像响应。
MEBO-3,MEBO,MEBO-03 We are the Third Force! Reserve Ranger,"November 1, 2016",https://www.asiamonstr.com/giga/mebo-03-third-force-reserve-ranger-mai-tamaki.html,完整扫描未收录,https://www.giga-web.jp/db_titles/mebo/mebo03/pac_s.jpg,200,image/jpeg,322648,,2026-09-12T21:45:26+08:00,确认当前官网目录已移除（官方资源残留）,完整官网目录未收录该番号；官网域名下的历史封面资源仍以图像响应。
MNFC-10,MNFC,MNFC-10 Heroine Insult Club 10 -Dimension Female Fighter Helena Yurika Amane,"December 5, 2018",https://www.asiamonstr.com/giga/mnfc-10-heroine-insult-club-10-dimension-female-fighter-helena-yurika-amane.html,完整扫描未收录,https://www.giga-web.jp/db_titles/mnfc/mnfc10/pac_s.jpg,200,image/jpeg,311917,,2026-09-12T21:45:26+08:00,确认当前官网目录已移除（官方资源残留）,完整官网目录未收录该番号；官网域名下的历史封面资源仍以图像响应。
MNFC-19,MNFC,MNFC-19 Heroine Surrender Club -Spandexer Cosmo Angel –,"March 31, 2020",https://www.asiamonstr.com/giga/mnfc-19-heroine-surrender-club-spandexer-cosmo-angel-skea-boy-misato-nonomiya.html,完整扫描未收录,https://www.giga-web.jp/db_titles/mnfc/mnfc19/pac_s.jpg,200,image/jpeg,199063,,2026-09-12T21:45:27+08:00,确认当前官网目录已移除（官方资源残留）,完整官网目录未收录该番号；官网域名下的历史封面资源仍以图像响应。
MNFC-4,MNFC,MNFC-04 Heroine Insult Club 04 Spandexer Cosmo Angel,"May 26, 2018",https://www.asiamonstr.com/giga/mnfc-04-heroine-insult-club-04-spandexer-cosmo-angel-reina-nakatani.html,完整扫描未收录,https://www.giga-web.jp/db_titles/mnfc/mnfc04/pac_s.jpg,200,image/jpeg,103723,,2026-09-12T21:45:27+08:00,确认当前官网目录已移除（官方资源残留）,完整官网目录未收录该番号；官网域名下的历史封面资源仍以图像响应。
NTSP-2,NTSP,NTSP-02 Fatal Force – The Legend of the Fire Eagle Pack,"April 9, 2014",https://www.asiamonstr.com/giga/ntsp-02-fatal-force-the-legend-of-the-fire-eagle-pack-an-mizuki.html,完整扫描未收录,https://www.giga-web.jp/db_titles/ntsp/ntsp02/pac_s.jpg,200,image/jpeg,15273,,2026-09-12T21:45:27+08:00,确认当前官网目录已移除（官方资源残留）,完整官网目录未收录该番号；官网域名下的历史封面资源仍以图像响应。
NTSP-3,NTSP,NTSP-03 Bushido Girls,"April 15, 2014",https://www.asiamonstr.com/giga/ntsp-03-bushido-girls-yurina-ayashiro.html,完整扫描未收录,https://www.giga-web.jp/db_titles/ntsp/ntsp03/pac_s.jpg,200,image/jpeg,169512,,2026-09-12T21:45:28+08:00,确认当前官网目录已移除（官方资源残留）,完整官网目录未收录该番号；官网域名下的历史封面资源仍以图像响应。
RYOJ-17,RYOJ,RYOJ-17 Heroine Insult Vol.117 -Sailor Diana,"April 17, 2019",https://www.asiamonstr.com/giga/ryoj-17-heroine-insult-vol-117-sailor-diana-erina-ichihashi.html,完整扫描未收录,https://www.giga-web.jp/db_titles/ryoj/ryoj17/pac_s.jpg,200,image/jpeg,144750,,2026-09-12T21:45:28+08:00,确认当前官网目录已移除（官方资源残留）,完整官网目录未收录该番号；官网域名下的历史封面资源仍以图像响应。
RYOJ-2,RYOJ,RYOJ-02 Heroine Insult Vol.102 -Spider Lady,"November 13, 2017",https://www.asiamonstr.com/giga/ryoj-02-heroine-insult-vol-102-spider-lady-miori-matsushita.html,完整扫描未收录,https://www.giga-web.jp/db_titles/ryoj/ryoj02/pac_s.jpg,200,image/jpeg,119928,,2026-09-12T21:45:28+08:00,确认当前官网目录已移除（官方资源残留）,完整官网目录未收录该番号；官网域名下的历史封面资源仍以图像响应。
SGKA-11,SGKA,SGKA-11 Hand Picked Scenes Over 200 Minutes Jav Film Sex,"February 26, 2013",https://www.asiamonstr.com/giga/sgka-11-hand-picked-scenes-over-200-minutes-jav-film-sex.html,完整扫描未收录,https://www.giga-web.jp/db_titles/sgka/sgka11/pac_s.jpg,404,text/html; charset=iso-8859-1,,,2026-09-12T21:45:29+08:00,当前官网目录缺失，只有第三方历史线索,完整官网目录未收录；所测官网历史资源路径未命中，现阶段仅有 AsiaMonstr/项目历史线索。
SNGM-4,SNGM,SNGM-04 Dark Elf Knight Arnas,"March 18, 2017",https://www.asiamonstr.com/giga/sngm-04-dark-elf-knight-arnas-kaho-shibuya.html,完整扫描未收录,https://www.giga-web.jp/db_titles/sngm/sngm04/pac_s.jpg,200,image/jpeg,140099,,2026-09-12T21:45:30+08:00,确认当前官网目录已移除（官方资源残留）,完整官网目录未收录该番号；官网域名下的历史封面资源仍以图像响应。
STAK-18,STAK,STAK-18 Hinawa-Gun,"April 2, 2015",https://www.asiamonstr.com/giga/stak-18-hinawa-gun-yurina-ayashiro.html,完整扫描未收录,https://www.giga-web.jp/db_titles/stak/stak18/pac_s.jpg,200,image/jpeg,82578,,2026-09-12T21:45:30+08:00,确认当前官网目录已移除（官方资源残留）,完整官网目录未收录该番号；官网域名下的历史封面资源仍以图像响应。
STAK-21,STAK,STAK-21 Road Breakers,"August 1, 2014",https://www.asiamonstr.com/giga/stak-21-road-breakers.html,完整扫描未收录,https://www.giga-web.jp/db_titles/stak/stak21/pac_s.jpg,200,image/jpeg,123908,,2026-09-12T21:45:31+08:00,确认当前官网目录已移除（官方资源残留）,完整官网目录未收录该番号；官网域名下的历史封面资源仍以图像响应。
STAK-23,STAK,STAK-23 Dreamy Lily the Magical Idol,"September 19, 2014",https://www.asiamonstr.com/giga/stak-23-dreamy-lily-the-magical-idol.html,完整扫描未收录,https://www.giga-web.jp/db_titles/stak/stak23/pac_s.jpg,200,image/jpeg,86659,,2026-09-12T21:45:31+08:00,确认当前官网目录已移除（官方资源残留）,完整官网目录未收录该番号；官网域名下的历史封面资源仍以图像响应。
STAK-9,STAK,STAK-09 Gekiretsu Space Pirate,"February 15, 2014",https://www.asiamonstr.com/giga/stak-09-gekiretsu-space-pirate-chizuru-sakura-ichigo-aoi.html,完整扫描未收录,https://www.giga-web.jp/db_titles/stak/stak09/pac_s.jpg,200,image/jpeg,97950,,2026-09-12T21:45:31+08:00,确认当前官网目录已移除（官方资源残留）,完整官网目录未收录该番号；官网域名下的历史封面资源仍以图像响应。
TBB-28,TBB,TBB-28 Heroine Suppression Vol.28,"January 9, 2014",https://www.asiamonstr.com/giga/tbb-28-heroine-suppression-vol-28.html,完整扫描未收录,https://www.giga-web.jp/db_titles/tbb/tbb28/pac_s.jpg,200,image/jpeg,23003,,2026-09-12T21:45:32+08:00,确认当前官网目录已移除（官方资源残留）,完整官网目录未收录该番号；官网域名下的历史封面资源仍以图像响应。
TBB-29,TBB,"TBB-29 Heroine Suppression Vol.29, Mochida Akane","January 10, 2014",https://www.asiamonstr.com/giga/tbb-29-heroine-suppression-vol-29-mochida-akane.html,完整扫描未收录,https://www.giga-web.jp/db_titles/tbb/tbb29/pac_s.jpg,200,image/jpeg,90397,,2026-09-12T21:45:32+08:00,确认当前官网目录已移除（官方资源残留）,完整官网目录未收录该番号；官网域名下的历史封面资源仍以图像响应。
TBB-45,TBB,TBB-45 Super heroine,"April 5, 2013",https://www.asiamonstr.com/giga/tbb-45-super-heroine-rino-kamiya.html,完整扫描未收录,https://www.giga-web.jp/db_titles/tbb/tbb45/pac_s.jpg,404,text/html; charset=iso-8859-1,,,2026-09-12T21:45:32+08:00,当前官网目录缺失，只有第三方历史线索,完整官网目录未收录；所测官网历史资源路径未命中，现阶段仅有 AsiaMonstr/项目历史线索。
TBB-71,TBB,TBB-71 Heroine Subjugation Vol.71,"May 8, 2015",https://www.asiamonstr.com/giga/tbb-71-heroine-subjugation-vol-71-mai-tamaki-emiri-takayama.html,完整扫描未收录,https://www.giga-web.jp/db_titles/tbb/tbb71/pac_s.jpg,200,image/jpeg,107190,,2026-09-12T21:45:34+08:00,确认当前官网目录已移除（官方资源残留）,完整官网目录未收录该番号；官网域名下的历史封面资源仍以图像响应。
TBB-74,TBB,TBB-74 Heroine Suppression Vol.74,"March 10, 2016",https://www.asiamonstr.com/giga/tbb-74-heroine-suppression-vol-74-iroha-seino-tomoka.html,完整扫描未收录,https://www.giga-web.jp/db_titles/tbb/tbb74/pac_s.jpg,200,image/jpeg,114704,,2026-09-12T21:45:34+08:00,确认当前官网目录已移除（官方资源残留）,完整官网目录未收录该番号；官网域名下的历史封面资源仍以图像响应。
TBB-75,TBB,TBB-75 Heroine Suppression Vol.75,"June 18, 2016",https://www.asiamonstr.com/giga/tbb-75-heroine-suppression-vol-75-miku-aoyama-mirei-yokoyama.html,完整扫描未收录,https://www.giga-web.jp/db_titles/tbb/tbb75/pac_s.jpg,200,image/jpeg,85854,,2026-09-12T21:45:34+08:00,确认当前官网目录已移除（官方资源残留）,完整官网目录未收录该番号；官网域名下的历史封面资源仍以图像响应。
TBB-87,TBB,TBB-87 Heroine Suppression Vol.87 New Star Unit Ryuseijer -Ryusei Pink Erina Ichihashi,"May 11, 2019",https://www.asiamonstr.com/giga/tbb-87-heroine-suppression-vol-87-new-star-unit-ryuseijer-ryusei-pink-erina-ichihashi.html,完整扫描未收录,https://www.giga-web.jp/db_titles/tbb/tbb87/pac_s.jpg,200,image/jpeg,99144,,2026-09-12T21:45:35+08:00,确认当前官网目录已移除（官方资源残留）,完整官网目录未收录该番号；官网域名下的历史封面资源仍以图像响应。
TBB-88,TBB,TBB-88 Heroine Suppression Vol.88 -Bird Force Bird Swan,"July 14, 2019",https://www.asiamonstr.com/giga/tbb-88-heroine-suppression-vol-88-bird-force-bird-swan-hana-misora-rina-sato.html,完整扫描未收录,https://www.giga-web.jp/db_titles/tbb/tbb88/pac_s.jpg,200,image/jpeg,89345,,2026-09-12T21:45:35+08:00,确认当前官网目录已移除（官方资源残留）,完整官网目录未收录该番号；官网域名下的历史封面资源仍以图像响应。
TBB-93,TBB,TBB-93 Heroine Suppression Vol.93 Mach Ranger -Cooking Suppression,"July 14, 2020",https://www.asiamonstr.com/giga/tbb-93-heroine-suppression-vol-93-mach-ranger-cooking-suppression-noa-kawanishi.html,完整扫描未收录,https://www.giga-web.jp/db_titles/tbb/tbb93/pac_s.jpg,200,image/jpeg,329252,,2026-09-12T21:45:35+08:00,确认当前官网目录已移除（官方资源残留）,完整官网目录未收录该番号；官网域名下的历史封面资源仍以图像响应。
TBB-97,TBB,TBB-97 Heroine Suppression Vol.97 -Legenmirror Episode 24 Eliminate Blue Fenril-,"May 21, 2021",https://www.asiamonstr.com/giga/tbb-97-heroine-suppression-vol-97-legenmirror-episode-24-eliminate-blue-fenril.html,完整扫描未收录,https://www.giga-web.jp/db_titles/tbb/tbb97/pac_s.jpg,200,image/jpeg,143579,0f1fe95ab25224f11cfd8fe304a3ed14a4fdd3ec:public/data/catalog.json; 8104579b6cc7411748b1685868af22e5b8d0dd77:public/data/catalog.json; b2f7a3e714bd49d9fa8c262d4460ce09c5286ec0:public/data/catalog.json; b8c1609c6eab57a96d6486d18175d4ee1c52d257:public/data/catalog.json; fb07a3ad9a69a3a57c96eab4405e1d5f45c507ed:public/data/catalog.json,2026-09-12T21:45:36+08:00,确认当前官网目录已移除（官方资源残留）,完整官网目录未收录该番号；官网域名下的历史封面资源仍以图像响应。
TBW-30,TBW,"TBW-30 Heroine Brainwash Vol.30 -Silfina, Sneaky Trap!","April 26, 2024",https://www.asiamonstr.com/giga/tbw-30-heroine-brainwash-vol-30-silfina-sneaky-trap.html,完整扫描未收录,https://www.giga-web.jp/db_titles/tbw/tbw30/pac_s.jpg,404,text/html; charset=iso-8859-1,,,2026-09-12T21:45:36+08:00,当前官网目录缺失，只有第三方历史线索,完整官网目录未收录；所测官网历史资源路径未命中，现阶段仅有 AsiaMonstr/项目历史线索。
TBXX-14,TBXX,"TBXX-14 Heroine Wars – One Year War of the Naked Teacher, Ai Ishihara","August 9, 2014",https://www.asiamonstr.com/giga/tbxx-14-heroine-wars-one-year-war-of-the-naked-teacher-ai-ishihara.html,完整扫描未收录,https://www.giga-web.jp/db_titles/tbxx/tbxx14/pac_s.jpg,200,image/jpeg,77957,,2026-09-12T21:45:38+08:00,确认当前官网目录已移除（官方资源残留）,完整官网目录未收录该番号；官网域名下的历史封面资源仍以图像响应。
TBXX-19,TBXX,TBXX-19 Heroine Sexual Harassment – Target Daytona Pink,"January 6, 2015",https://www.asiamonstr.com/giga/tbxx-19-heroine-sexual-harassment-target-daytona-pink-yurina-ayashiro.html,完整扫描未收录,https://www.giga-web.jp/db_titles/tbxx/tbxx19/pac_s.jpg,200,image/jpeg,86457,,2026-09-12T21:45:38+08:00,确认当前官网目录已移除（官方资源残留）,完整官网目录未收录该番号；官网域名下的历史封面资源仍以图像响应。
TBXX-9,TBXX,"TBXX-09 What’s Your Job, Shizuku Hasegawa","March 12, 2014",https://www.asiamonstr.com/giga/tbxx-09-what-s-your-job-shizuku-hasegawa.html,完整扫描未收录,https://www.giga-web.jp/db_titles/tbxx/tbxx09/pac_s.jpg,200,image/jpeg,113364,,2026-09-12T21:45:38+08:00,确认当前官网目录已移除（官方资源残留）,完整官网目录未收录该番号；官网域名下的历史封面资源仍以图像响应。
TDLN-134,TDLN,TDLN-134 Heroine Orgasm Face Hell,"May 2, 2013",https://www.asiamonstr.com/giga/tdln-134-heroine-orgasm-face-hell.html,完整扫描未收录,https://www.giga-web.jp/db_titles/tdln/tdln134/pac_s.jpg,200,image/jpeg,71842,,2026-09-12T21:45:38+08:00,确认当前官网目录已移除（官方资源残留）,完整官网目录未收录该番号；官网域名下的历史封面资源仍以图像响应。
TDLN-37,TDLN,TDLN-37 Hiroindomine-shon Vol.02,"July 10, 2013",https://www.asiamonstr.com/giga/tdln-37-hiroindomine-shon-vol-02-arisa-hinata.html,完整扫描未收录,https://www.giga-web.jp/db_titles/tdln/tdln37/pac_s.jpg,404,text/html; charset=iso-8859-1,,,2026-09-12T21:45:39+08:00,当前官网目录缺失，只有第三方历史线索,完整官网目录未收录；所测官网历史资源路径未命中，现阶段仅有 AsiaMonstr/项目历史线索。
TDLN-41,TDLN,TDLN-41 Super Heroine Insult SP5,"November 15, 2013",https://www.asiamonstr.com/giga/tdln-41-super-heroine-misasagikatajikena-sp5-mio-ando-arisa-hinata.html,完整扫描未收录,https://www.giga-web.jp/db_titles/tdln/tdln41/pac_s.jpg,404,text/html; charset=iso-8859-1,,,2026-09-12T21:45:40+08:00,当前官网目录缺失，只有第三方历史线索,完整官网目录未收录；所测官网历史资源路径未命中，现阶段仅有 AsiaMonstr/项目历史线索。
TDLN-49,TDLN,TDLN-49 Super Heroine Insult Special 09,"December 3, 2013",https://www.asiamonstr.com/giga/tdln-49-super-heroine-insult-special-09-yuuki-hibino-akane-mochida.html,完整扫描未收录,https://www.giga-web.jp/db_titles/tdln/tdln49/pac_s.jpg,200,image/jpeg,337888,,2026-09-12T21:45:42+08:00,确认当前官网目录已移除（官方资源残留）,完整官网目录未收录该番号；官网域名下的历史封面资源仍以图像响应。
TDLN-62,TDLN,TDLN-62 Super Heroine Insult Special 18,"May 20, 2014",https://www.asiamonstr.com/giga/tdln-62-super-heroine-insult-special-18-kasumi-matsumura-akane-mochida.html,完整扫描未收录,https://www.giga-web.jp/db_titles/tdln/tdln62/pac_s.jpg,200,image/jpeg,343449,,2026-09-12T21:45:42+08:00,确认当前官网目录已移除（官方资源残留）,完整官网目录未收录该番号；官网域名下的历史封面资源仍以图像响应。
TDLN-72,TDLN,TDLN-72 Heroine Suppression the Dead in Hell 13,"September 24, 2018",https://www.asiamonstr.com/giga/tdln-72-heroine-suppression-the-dead-in-hell-13-akane-mochida.html,完整扫描未收录,https://www.giga-web.jp/db_titles/tdln/tdln72/pac_s.jpg,200,image/jpeg,98882,,2026-09-12T21:45:43+08:00,确认当前官网目录已移除（官方资源残留）,完整官网目录未收录该番号；官网域名下的历史封面资源仍以图像响应。
TDLN-76,TDLN,TDLN-76 Sailor Flare,"February 3, 2014",https://www.asiamonstr.com/giga/tdln-76-sailor-flare-marin-marin-izumi.html,完整扫描未收录,https://www.giga-web.jp/db_titles/tdln/tdln76/pac_s.jpg,200,image/jpeg,28825,,2026-09-12T21:45:43+08:00,确认当前官网目录已移除（官方资源残留）,完整官网目录未收录该番号；官网域名下的历史封面资源仍以图像响应。
TDLN-80,TDLN,TDLN-80 Chargeman Charge Phoenix,"November 5, 2013",https://www.asiamonstr.com/giga/tdln-80-chargeman-charge-phoenix-marin-izumi.html,完整扫描未收录,https://www.giga-web.jp/db_titles/tdln/tdln80/pac_s.jpg,200,image/jpeg,29394,,2026-09-12T21:45:43+08:00,确认当前官网目录已移除（官方资源残留）,完整官网目录未收录该番号；官网域名下的历史封面资源仍以图像响应。
TGGP-37,TGGP,TGGP-37 Fighting Holy Princess Seira,"June 29, 2014",https://www.asiamonstr.com/giga/tggp-37-fighting-holy-princess-seira.html,完整扫描未收录,https://www.giga-web.jp/db_titles/tggp/tggp37/pac_s.jpg,200,image/jpeg,88202,,2026-09-12T21:45:44+08:00,确认当前官网目录已移除（官方资源残留）,完整官网目录未收录该番号；官网域名下的历史封面资源仍以图像响应。
TGGP-40,TGGP,TGGP-40 Super Heroine,"March 1, 2013",https://www.asiamonstr.com/giga/tggp-40-super-heroine-hitomi-fujiwara.html,完整扫描未收录,https://www.giga-web.jp/db_titles/tggp/tggp40/pac_s.jpg,404,text/html; charset=iso-8859-1,,,2026-09-12T21:45:44+08:00,当前官网目录缺失，只有第三方历史线索,完整官网目录未收录；所测官网历史资源路径未命中，现阶段仅有 AsiaMonstr/项目历史线索。
TGGP-59,TGGP,TGGP-59 Double Sailor Fighters039; Hard Tentacles Domination!,"October 26, 2014",https://www.asiamonstr.com/giga/tggp-59-double-sailor-fighters-hard-tentacles-domination-heroic-crystal-destruction-mai-miori-satomi-nomiya.html,完整扫描未收录,https://www.giga-web.jp/db_titles/tggp/tggp59/pac_s.jpg,200,image/jpeg,106955,,2026-09-12T21:45:45+08:00,确认当前官网目录已移除（官方资源残留）,完整官网目录未收录该番号；官网域名下的历史封面资源仍以图像响应。
TGGP-62,TGGP,TGGP-62 Heroine’s Pregnancy – Execution by Stomach Punching,"October 17, 2014",https://www.asiamonstr.com/giga/tggp-62-heroine-s-pregnancy-execution-by-stomach-punching.html,完整扫描未收录,https://www.giga-web.jp/db_titles/tggp/tggp62/pac_s.jpg,200,image/jpeg,152660,,2026-09-12T21:45:46+08:00,确认当前官网目录已移除（官方资源残留）,完整官网目录未收录该番号；官网域名下的历史封面资源仍以图像响应。
TGGP-76,TGGP,TGGP-76 Beautiful Brave Women Vehement Mask Gorgeous,"November 3, 2015",https://www.asiamonstr.com/giga/tggp-76-beautiful-brave-women-vehement-mask-gorgeous-mirei-yokoyama-emiri-takayama-rina-utimura.html,完整扫描未收录,https://www.giga-web.jp/db_titles/tggp/tggp76/pac_s.jpg,200,image/jpeg,139917,,2026-09-12T21:45:46+08:00,确认当前官网目录已移除（官方资源残留）,完整官网目录未收录该番号；官网域名下的历史封面资源仍以图像响应。
TGGP-8,TGGP,TGGP-08 Galaxy-Investigator Jasper,"March 1, 2013",https://www.asiamonstr.com/giga/tggp-08-galaxy-investigator-jasper.html,完整扫描未收录,https://www.giga-web.jp/db_titles/tggp/tggp08/pac_s.jpg,404,text/html; charset=iso-8859-1,,,2026-09-12T21:45:46+08:00,当前官网目录缺失，只有第三方历史线索,完整官网目录未收录；所测官网历史资源路径未命中，现阶段仅有 AsiaMonstr/项目历史线索。
TGGP-81,TGGP,TGGP-81 Female fighter Incontinence Rape -Ryuka-,"October 24, 2016",https://www.asiamonstr.com/giga/tggp-81-female-fighter-incontinence-rape-ryuka-maki-hoshikawa.html,完整扫描未收录,https://www.giga-web.jp/db_titles/tggp/tggp81/pac_s.jpg,200,image/jpeg,400972,,2026-09-12T21:45:48+08:00,确认当前官网目录已移除（官方资源残留）,完整官网目录未收录该番号；官网域名下的历史封面资源仍以图像响应。
TGGP-94,TGGP,TGGP-94 Wonder Lady W -Inherited Power-,"November 4, 2017",https://www.asiamonstr.com/giga/tggp-94-wonder-lady-w-inherited-power-reina-shirogane-sumire-seto.html,完整扫描未收录,https://www.giga-web.jp/db_titles/tggp/tggp94/pac_s.jpg,200,image/jpeg,345859,,2026-09-12T21:45:48+08:00,确认当前官网目录已移除（官方资源残留）,完整官网目录未收录该番号；官网域名下的历史封面资源仍以图像响应。
TGGP-95,TGGP,TGGP-95 Beautiful Girl Fighter Sailor Knights,"November 4, 2017",https://www.asiamonstr.com/giga/tggp-95-beautiful-girl-fighter-sailor-knights-aya-sazanami-akari-mitani-haruna-ikoma-rina-utimura-shijimi.html,完整扫描未收录,https://www.giga-web.jp/db_titles/tggp/tggp95/pac_s.jpg,200,image/jpeg,370402,,2026-09-12T21:45:48+08:00,确认当前官网目录已移除（官方资源残留）,完整官网目录未收录该番号；官网域名下的历史封面资源仍以图像响应。
TGHR-4,TGHR,TGHR-04 Superheroine Begins – Super Unit Fleet Gorzel Five Akane Mochida,"June 29, 2013",https://www.asiamonstr.com/giga/tghr-04.html,完整扫描未收录,https://www.giga-web.jp/db_titles/tghr/tghr04/pac_s.jpg,200,image/jpeg,100677,,2026-09-12T21:45:49+08:00,确认当前官网目录已移除（官方资源残留）,完整官网目录未收录该番号；官网域名下的历史封面资源仍以图像响应。
THH-13,THH,THH-13 Super Heroine Domination 13,"September 11, 2017",https://www.asiamonstr.com/giga/thh-13-super-heroine-domination-13-akira-ithinose.html,完整扫描未收录,https://www.giga-web.jp/db_titles/thh/thh13/pac_s.jpg,200,image/jpeg,131738,,2026-09-12T21:45:49+08:00,确认当前官网目录已移除（官方资源残留）,完整官网目录未收录该番号；官网域名下的历史封面资源仍以图像响应。
THH-5,THH,THH-05 SUPER Heroine Domination 05,"September 10, 2017",https://www.asiamonstr.com/giga/thh-05-super-heroine-domination-05-rika-yamanaka.html,完整扫描未收录,https://www.giga-web.jp/db_titles/thh/thh05/pac_s.jpg,200,image/jpeg,97114,,2026-09-12T21:45:49+08:00,确认当前官网目录已移除（官方资源残留）,完整官网目录未收录该番号；官网域名下的历史封面资源仍以图像响应。
THP-10,THP,THP-10 Super-heroine near miss Vol.10,"September 14, 2017",https://www.asiamonstr.com/giga/thp-10-super-heroine-near-miss-vol-10-akane-mochida.html,完整扫描未收录,https://www.giga-web.jp/db_titles/thp/thp10/pac_s.jpg,200,image/jpeg,91353,,2026-09-12T21:45:50+08:00,确认当前官网目录已移除（官方资源残留）,完整官网目录未收录该番号；官网域名下的历史封面资源仍以图像响应。
THP-41,THP,THP-41 – Super Heroine Close Call – Alien Puppets,"February 7, 2013",https://www.asiamonstr.com/giga/thp-41-super-heroine-close-call-alien-puppets.html,完整扫描未收录,https://www.giga-web.jp/db_titles/thp/thp41/pac_s.jpg,200,image/jpeg,80386,,2026-09-12T21:45:50+08:00,确认当前官网目录已移除（官方资源残留）,完整官网目录未收录该番号；官网域名下的历史封面资源仍以图像响应。
THP-52,THP,THP-52 Superheroine In Grave Danger Vol.52,"February 4, 2014",https://www.asiamonstr.com/giga/thp-52-superheroine-in-grave-danger-vol-52-ai-ishihara.html,完整扫描未收录,https://www.giga-web.jp/db_titles/thp/thp52/pac_s.jpg,200,image/jpeg,95185,,2026-09-12T21:45:50+08:00,确认当前官网目录已移除（官方资源残留）,完整官网目录未收录该番号；官网域名下的历史封面资源仍以图像响应。
THP-63,THP,THP-63 Super Heroine In Grave Danger! Vol.63 Captain Marshall,"March 6, 2016",https://www.asiamonstr.com/giga/thp-63-super-heroine-grave-danger-vol-63-captain-marshall-sesera-harukawa.html,完整扫描未收录,https://www.giga-web.jp/db_titles/thp/thp63/pac_s.jpg,200,image/jpeg,131367,,2026-09-12T21:45:51+08:00,确认当前官网目录已移除（官方资源残留）,完整官网目录未收录该番号；官网域名下的历史封面资源仍以图像响应。
THP-67,THP,THP-67 Super Heroine in Grave Danger Vol.67,"February 17, 2017",https://www.asiamonstr.com/giga/thp-67-super-heroine-grave-danger-vol-67-beautiful-brave-women-vehement-mask-grace.html,完整扫描未收录,https://www.giga-web.jp/db_titles/thp/thp67/pac_s.jpg,200,image/jpeg,117840,,2026-09-12T21:45:51+08:00,确认当前官网目录已移除（官方资源残留）,完整官网目录未收录该番号；官网域名下的历史封面资源仍以图像响应。
THP-74,THP,THP-74 Super Heroine in Grave Danger Vol.74 -Soldier Pink!,"July 14, 2018",https://www.asiamonstr.com/giga/thp-74-super-heroine-in-grave-danger-vol-74-soldier-pink-stop-the-bomb-of-bomb-mask-hana-misora.html,完整扫描未收录,https://www.giga-web.jp/db_titles/thp/thp74/pac_s.jpg,200,image/jpeg,498155,,2026-09-12T21:45:51+08:00,确认当前官网目录已移除（官方资源残留）,完整官网目录未收录该番号；官网域名下的历史封面资源仍以图像响应。
THP-88,THP,THP-88 Super Heroine in Grave Danger!! Vol.88 Sailor Aquas W -Fight Future Me…!-,"April 13, 2021",https://www.asiamonstr.com/giga/thp-88-super-heroine-in-grave-danger-vol-88-sailor-aquas-w-fight-future-me.html,完整扫描未收录,https://www.giga-web.jp/db_titles/thp/thp88/pac_s.jpg,200,image/jpeg,121999,,2026-09-12T21:45:52+08:00,确认当前官网目录已移除（官方资源残留）,完整官网目录未收录该番号；官网域名下的历史封面资源仍以图像响应。
THZ-41,THZ,THZ-41 Super heroine In Grave Danger Vol.41,"April 16, 2013",https://www.asiamonstr.com/giga/thz-41-super-heroine-in-grave-danger-vol-41-emerald-knight.html,完整扫描未收录,https://www.giga-web.jp/db_titles/thz/thz41/pac_s.jpg,404,text/html; charset=iso-8859-1,,,2026-09-12T21:45:52+08:00,当前官网目录缺失，只有第三方历史线索,完整官网目录未收录；所测官网历史资源路径未命中，现阶段仅有 AsiaMonstr/项目历史线索。
THZ-5,THZ,THZ-05 Super-heroine desperation Vol.05,"September 17, 2017",https://www.asiamonstr.com/giga/thz-05-super-heroine-desperation-vol-05-nymph-mask-dahlia-arisa-hinata.html,完整扫描未收录,https://www.giga-web.jp/db_titles/thz/thz05/pac_s.jpg,404,text/html; charset=iso-8859-1,,,2026-09-12T21:45:53+08:00,当前官网目录缺失，只有第三方历史线索,完整官网目录未收录；所测官网历史资源路径未命中，现阶段仅有 AsiaMonstr/项目历史线索。
THZ-64,THZ,THZ-64 Super Heroine in Grave Danger!! Vol.64 Galaxy,"August 18, 2017",https://www.asiamonstr.com/giga/thz-64-super-heroine-in-grave-danger-vol-64-galaxy-investigator-ami-natsuki-narumi.html,完整扫描未收录,https://www.giga-web.jp/db_titles/thz/thz64/pac_s.jpg,200,image/jpeg,112345,,2026-09-12T21:45:55+08:00,确认当前官网目录已移除（官方资源残留）,完整官网目录未收录该番号；官网域名下的历史封面资源仍以图像响应。
THZ-67,THZ,THZ-67 Super Heroine in Grave Danger!! Vol.67,"June 16, 2018",https://www.asiamonstr.com/giga/thz-67-super-heroine-in-grave-danger-vol-67-galaxy-investigator-ali-deprived-ties-hana-misora.html,完整扫描未收录,https://www.giga-web.jp/db_titles/thz/thz67/pac_s.jpg,200,image/jpeg,545967,,2026-09-12T21:45:55+08:00,确认当前官网目录已移除（官方资源残留）,完整官网目录未收录该番号；官网域名下的历史封面资源仍以图像响应。
THZ-79,THZ,THZ-79 Super Heroine in Grave Danger!! Vol.79 Legenmirror -Blue Fenril,"September 11, 2020",https://www.asiamonstr.com/giga/thz-79-super-heroine-in-grave-danger-vol-79-legenmirror-blue-fenril-mitsuki-nagisa.html,完整扫描未收录,https://www.giga-web.jp/db_titles/thz/thz79/pac_s.jpg,200,image/jpeg,432429,0f1fe95ab25224f11cfd8fe304a3ed14a4fdd3ec:public/data/catalog.json; 8104579b6cc7411748b1685868af22e5b8d0dd77:public/data/catalog.json; b2f7a3e714bd49d9fa8c262d4460ce09c5286ec0:public/data/catalog.json; b8c1609c6eab57a96d6486d18175d4ee1c52d257:public/data/catalog.json; fb07a3ad9a69a3a57c96eab4405e1d5f45c507ed:public/data/catalog.json,2026-09-12T21:45:56+08:00,确认当前官网目录已移除（官方资源残留）,完整官网目录未收录该番号；官网域名下的历史封面资源仍以图像响应。
TKVR-3,TKVR,TKVR-03 Encouragement of Heroine Neck Torture,"November 11, 2017",https://www.asiamonstr.com/giga/tkvr-03-encouragement-of-heroine-neck-torture.html,完整扫描未收录,https://www.giga-web.jp/db_titles/tkvr/tkvr03/pac_s.jpg,200,image/jpeg,118759,,2026-09-12T21:45:56+08:00,确认当前官网目录已移除（官方资源残留）,完整官网目录未收录该番号；官网域名下的历史封面资源仍以图像响应。
TLTD-67,TLTD,TLTD-67 Heroine Twisted Bondage Diana,"March 1, 2016",https://www.asiamonstr.com/giga/tltd-67-heroine-twisted-bondage-diana-nozomi-haduki.html,完整扫描未收录,https://www.giga-web.jp/db_titles/tltd/tltd67/pac_s.jpg,200,image/jpeg,88321,,2026-09-12T21:45:56+08:00,确认当前官网目录已移除（官方资源残留）,完整官网目录未收录该番号；官网域名下的历史封面资源仍以图像响应。
TMS-21,TMS,TMS-21 Ultra Hyper Woman Henshin,"February 4, 2013",https://www.asiamonstr.com/giga/tms-21-ultra-hyper-woman-henshin-akira-mizuno.html,完整扫描未收录,https://www.giga-web.jp/db_titles/tms/tms21/pac_s.jpg,200,image/jpeg,31641,,2026-09-12T21:45:57+08:00,确认当前官网目录已移除（官方资源残留）,完整官网目录未收录该番号；官网域名下的历史封面资源仍以图像响应。
TRE-43,TRE,TRE-43 Heroine Sexual Insult Vol.43 Cyber Force,"April 7, 2013",https://www.asiamonstr.com/giga/tre-43-blues-on-one-justify-sentai-heroine.html,完整扫描未收录,https://www.giga-web.jp/db_titles/tre/tre43/pac_s.jpg,200,image/jpeg,69167,,2026-09-12T21:45:57+08:00,确认当前官网目录已移除（官方资源残留）,完整官网目录未收录该番号；官网域名下的历史封面资源仍以图像响应。
TRE-48,TRE,TRE-48 Heroine Insult Vol.48 Seiger – Saiger Yellow Fights Back,"May 17, 2013",https://www.asiamonstr.com/giga/tre-48-heroine-insult-vol-48-seiger-saiger-yellow-fights-back.html,完整扫描未收录,https://www.giga-web.jp/db_titles/tre/tre48/pac_s.jpg,200,image/jpeg,64054,,2026-09-12T21:45:57+08:00,确认当前官网目录已移除（官方资源残留）,完整官网目录未收录该番号；官网域名下的历史封面资源仍以图像响应。
TRE-5,TRE,TRE-05 Heroine Insult! Vol.05,"May 2, 2013",https://www.asiamonstr.com/giga/tre-05-heroine-insult-vol-05.html,完整扫描未收录,https://www.giga-web.jp/db_titles/tre/tre05/pac_s.jpg,200,image/jpeg,72924,,2026-09-12T21:45:57+08:00,确认当前官网目录已移除（官方资源残留）,完整官网目录未收录该番号；官网域名下的历史封面资源仍以图像响应。
TRE-50,TRE,TRE-50 Security-Star,"April 16, 2013",https://www.asiamonstr.com/giga/tre-50-security-star.html,完整扫描未收录,https://www.giga-web.jp/db_titles/tre/tre50/pac_s.jpg,404,text/html; charset=iso-8859-1,,,2026-09-12T21:45:58+08:00,当前官网目录缺失，只有第三方历史线索,完整官网目录未收录；所测官网历史资源路径未命中，现阶段仅有 AsiaMonstr/项目历史线索。
TRE-56,TRE,TRE-56 Heroine Insult Vol.56 Sound Wave Human Being Attack,"March 4, 2013",https://www.asiamonstr.com/giga/tre-56-heroine-insult-vol-56-sound-wave-human-being-attack.html,完整扫描未收录,https://www.giga-web.jp/db_titles/tre/tre56/pac_s.jpg,200,image/jpeg,80626,,2026-09-12T21:45:59+08:00,确认当前官网目录已移除（官方资源残留）,完整官网目录未收录该番号；官网域名下的历史封面资源仍以图像响应。
TRE-65,TRE,TRE-65 Heroine Insult Vol.65 Beautiful Fighter Sailor Hermes,"November 25, 2013",https://www.asiamonstr.com/giga/tre-65-heroine-insult-vol-65-beautiful-fighter-sailor-hermes-saya-aika.html,完整扫描未收录,https://www.giga-web.jp/db_titles/tre/tre65/pac_s.jpg,200,image/jpeg,99323,,2026-09-12T21:46:00+08:00,确认当前官网目录已移除（官方资源残留）,完整官网目录未收录该番号；官网域名下的历史封面资源仍以图像响应。
TRE-76,TRE,TRE-76 Heroine Insult Vol.76 Mirage Scanty,"December 19, 2014",https://www.asiamonstr.com/giga/tre-76-heroine-insult-vol-76-mirage-scanty.html,完整扫描未收录,https://www.giga-web.jp/db_titles/tre/tre76/pac_s.jpg,200,image/jpeg,78907,,2026-09-12T21:46:00+08:00,确认当前官网目录已移除（官方资源残留）,完整官网目录未收录该番号；官网域名下的历史封面资源仍以图像响应。
TRE-77,TRE,TRE-77 Heroine Insult Vol.77 SUPERLADY,"January 10, 2015",https://www.asiamonstr.com/giga/tre-77-heroine-insult-vol-77-superlady-ayumi-kuroki.html,完整扫描未收录,https://www.giga-web.jp/db_titles/tre/tre77/pac_s.jpg,200,image/jpeg,87497,,2026-09-12T21:46:00+08:00,确认当前官网目录已移除（官方资源残留）,完整官网目录未收录该番号；官网域名下的历史封面资源仍以图像响应。
TRE-92,TRE,TRE-92 Heroine Insult Vol.92 Nude St. Brave Vehement Mask First,"August 25, 2016",https://www.asiamonstr.com/giga/tre-92-heroine-insult-vol-92-nude-st-brave-vehement-mask-first-revealed-real-face-yuri-momose.html,完整扫描未收录,https://www.giga-web.jp/db_titles/tre/tre92/pac_s.jpg,200,image/jpeg,297523,,2026-09-12T21:46:01+08:00,确认当前官网目录已移除（官方资源残留）,完整官网目录未收录该番号；官网域名下的历史封面资源仍以图像响应。
TRH-17,TRH,"TRH-17 Super Heroine Returns 17, Shiraiaya Kaori","February 6, 2014",https://www.asiamonstr.com/giga/trh-17-super-heroine-returns-17-shiraiaya-kaori.html,完整扫描未收录,https://www.giga-web.jp/db_titles/trh/trh17/pac_s.jpg,200,image/jpeg,98752,,2026-09-12T21:46:01+08:00,确认当前官网目录已移除（官方资源残留）,完整官网目录未收录该番号；官网域名下的历史封面资源仍以图像响应。
TRSH-41,TRSH,TRSH-41 Specializing in Heroine Torture Hell,"June 14, 2017",https://www.asiamonstr.com/giga/trsh-41-specializing-in-heroine-torture-hell.html,完整扫描未收录,https://www.giga-web.jp/db_titles/trsh/trsh41/pac_s.jpg,200,image/jpeg,204399,,2026-09-12T21:46:01+08:00,确认当前官网目录已移除（官方资源残留）,完整官网目录未收录该番号；官网域名下的历史封面资源仍以图像响应。
TRSH-43,TRSH,TRSH-43 Battle Insult Jerking Off One-Game Match !!,"June 16, 2017",https://www.asiamonstr.com/giga/trsh-43-battle-insult-jerking-off-one-game-match-female-agent-vs-fighting-game.html,完整扫描未收录,https://www.giga-web.jp/db_titles/trsh/trsh43/pac_s.jpg,200,image/jpeg,99319,,2026-09-12T21:46:02+08:00,确认当前官网目录已移除（官方资源残留）,完整官网目录未收录该番号；官网域名下的历史封面资源仍以图像响应。
TRSH-45,TRSH,TRSH-45 Heroine gang rape hell,"June 17, 2017",https://www.asiamonstr.com/giga/trsh-45-heroine-gang-rape-hell.html,完整扫描未收录,https://www.giga-web.jp/db_titles/trsh/trsh45/pac_s.jpg,200,image/jpeg,84896,,2026-09-12T21:46:02+08:00,确认当前官网目录已移除（官方资源残留）,完整官网目录未收录该番号；官网域名下的历史封面资源仍以图像响应。
TRSH-50,TRSH,TRSH-50 Heroine Milking Torture,"June 27, 2017",https://www.asiamonstr.com/giga/trsh-50-heroine-milking-torture.html,完整扫描未收录,https://www.giga-web.jp/db_titles/trsh/trsh50/pac_s.jpg,404,text/html; charset=iso-8859-1,,,2026-09-12T21:46:02+08:00,当前官网目录缺失，只有第三方历史线索,完整官网目录未收录；所测官网历史资源路径未命中，现阶段仅有 AsiaMonstr/项目历史线索。
TRSH-60,TRSH,TRSH-60 Lethal Weapon Torture Hell,"April 21, 2016",https://www.asiamonstr.com/giga/trsh-60-lethal-weapon-torture-hell.html,完整扫描未收录,https://www.giga-web.jp/db_titles/trsh/trsh60/pac_s.jpg,404,text/html; charset=iso-8859-1,,,2026-09-12T21:46:04+08:00,当前官网目录缺失，只有第三方历史线索,完整官网目录未收录；所测官网历史资源路径未命中，现阶段仅有 AsiaMonstr/项目历史线索。
TRSH-70,TRSH,TRSH-70 Heroine Training Story,"December 17, 2017",https://www.asiamonstr.com/giga/trsh-70-heroine-training-story.html,完整扫描未收录,https://www.giga-web.jp/db_titles/trsh/trsh70/pac_s.jpg,200,image/jpeg,264265,,2026-09-12T21:46:05+08:00,确认当前官网目录已移除（官方资源残留）,完整官网目录未收录该番号；官网域名下的历史封面资源仍以图像响应。
TRSH-71,TRSH,TRSH-71 Heroine Gang Rape,"February 11, 2018",https://www.asiamonstr.com/giga/trsh-71-heroine-gang-rape.html,完整扫描未收录,https://www.giga-web.jp/db_titles/trsh/trsh71/pac_s.jpg,200,image/jpeg,45657,,2026-09-12T21:46:05+08:00,确认当前官网目录已移除（官方资源残留）,完整官网目录未收录该番号；官网域名下的历史封面资源仍以图像响应。
TSW-103,TSW,TSW-103 Sailor angel,"November 8, 2017",https://www.asiamonstr.com/giga/tsw-103-sailor-angel-akane-mochida.html,完整扫描未收录,https://www.giga-web.jp/db_titles/tsw/tsw103/pac_s.jpg,200,image/jpeg,97871,,2026-09-12T21:46:06+08:00,确认当前官网目录已移除（官方资源残留）,完整官网目录未收录该番号；官网域名下的历史封面资源仍以图像响应。
TSW-104,TSW,"TSW-104 Five Sentai Heroine Might Exploding Boy, Izumi Marin","November 8, 2013",https://www.asiamonstr.com/giga/tsw-104-five-sentai-heroine-might-exploding-boy-izumi-marin.html,完整扫描未收录,https://www.giga-web.jp/db_titles/tsw/tsw104/pac_s.jpg,200,image/jpeg,25027,,2026-09-12T21:46:06+08:00,确认当前官网目录已移除（官方资源残留）,完整官网目录未收录该番号；官网域名下的历史封面资源仍以图像响应。
TSW-126,TSW,TSW-126 heroine heroine tokusatsu Laboratories Limited VER multiple personality,"March 5, 2013",https://www.asiamonstr.com/giga/tsw-126-heroine-heroine-tokusatsu-laboratories-limited-ver-multiple-personality-rui-saotome.html,完整扫描未收录,https://www.giga-web.jp/db_titles/tsw/tsw126/pac_s.jpg,200,image/jpeg,75895,,2026-09-12T21:46:06+08:00,确认当前官网目录已移除（官方资源残留）,完整官网目录未收录该番号；官网域名下的历史封面资源仍以图像响应。
TSW-138,TSW,TSW-138 Rape heroine to fall in sex slaves,"April 16, 2013",https://www.asiamonstr.com/giga/tsw-138-rape-heroine-to-fall-in-sex-slaves.html,完整扫描未收录,https://www.giga-web.jp/db_titles/tsw/tsw138/pac_s.jpg,200,image/jpeg,68282,,2026-09-12T21:46:07+08:00,确认当前官网目录已移除（官方资源残留）,完整官网目录未收录该番号；官网域名下的历史封面资源仍以图像响应。
TSW-30,TSW,TSW-30 Heroine Suppression – Spandexer Marvelous,"October 24, 2017",https://www.asiamonstr.com/giga/tsw-30-heroine-suppression-spandexer-marvelous.html,完整扫描未收录,https://www.giga-web.jp/db_titles/tsw/tsw30/pac_s.jpg,200,image/jpeg,127911,,2026-09-12T21:46:07+08:00,确认当前官网目录已移除（官方资源残留）,完整官网目录未收录该番号；官网域名下的历史封面资源仍以图像响应。
TSW-73,TSW,TSW-73 A huge masturbation,"December 9, 2017",https://www.asiamonstr.com/giga/tsw-73-a-huge-masturbation-arisa-hinata.html,完整扫描未收录,https://www.giga-web.jp/db_titles/tsw/tsw73/pac_s.jpg,404,text/html; charset=iso-8859-1,,,2026-09-12T21:46:07+08:00,当前官网目录缺失，只有第三方历史线索,完整官网目录未收录；所测官网历史资源路径未命中，现阶段仅有 AsiaMonstr/项目历史线索。
TSW-97,TSW,TSW-97 Justion Blue Swan,"November 7, 2017",https://www.asiamonstr.com/giga/tsw-97-justion-blue-swan-akira-ithinose.html,完整扫描未收录,https://www.giga-web.jp/db_titles/tsw/tsw97/pac_s.jpg,200,image/jpeg,101878,,2026-09-12T21:46:09+08:00,确认当前官网目录已移除（官方资源残留）,完整官网目录未收录该番号；官网域名下的历史封面资源仍以图像响应。
TSW-99,TSW,"TSW-99 SPIDEY LADY, Izumi Marin","February 6, 2014",https://www.asiamonstr.com/giga/tsw-99-spidey-lady-izumi-marin.html,完整扫描未收录,https://www.giga-web.jp/db_titles/tsw/tsw99/pac_s.jpg,200,image/jpeg,32212,,2026-09-12T21:46:09+08:00,确认当前官网目录已移除（官方资源残留）,完整官网目录未收录该番号；官网域名下的历史封面资源仍以图像响应。
TSWN-1,TSWN,"TSWN-001 Exciting Heroine Star Decker, Kitada Yuuho","July 7, 2014",https://www.asiamonstr.com/giga/tswn-001-exciting-heroine-star-decker-kitada-yuuho.html,完整扫描未收录,https://www.giga-web.jp/db_titles/tswn/tswn001/pac_s.jpg,200,image/jpeg,76678,,2026-09-12T21:46:09+08:00,确认当前官网目录已移除（官方资源残留）,完整官网目录未收录该番号；官网域名下的历史封面资源仍以图像响应。
TSWN-10,TSWN,TSWN-010 Space Agent Anis In Danger Adult Version,"February 4, 2013",https://www.asiamonstr.com/giga/tswn-10.html,完整扫描未收录,https://www.giga-web.jp/db_titles/tswn/tswn010/pac_s.jpg,200,image/jpeg,72987,,2026-09-12T21:46:10+08:00,确认当前官网目录已移除（官方资源残留）,完整官网目录未收录该番号；官网域名下的历史封面资源仍以图像响应。
TSWN-12,TSWN,"TSWN-012 Misty Ranger In Grave Danger Adult Version, Kanno Yuria","November 8, 2013",https://www.asiamonstr.com/giga/tswn-012-misty-ranger-in-grave-danger-adult-version-kanno-yuria.html,完整扫描未收录,https://www.giga-web.jp/db_titles/tswn/tswn012/pac_s.jpg,200,image/jpeg,74683,,2026-09-12T21:46:10+08:00,确认当前官网目录已移除（官方资源残留）,完整官网目录未收录该番号；官网域名下的历史封面资源仍以图像响应。
TSWN-2,TSWN,"TSWN-002 Bird Fighter – Bird Pink in Crisis Adult Ver, Suma Anri","February 6, 2014",https://www.asiamonstr.com/giga/tswn-002-bird-fighter-bird-pink-in-crisis-adult-ver-suma-anri.html,完整扫描未收录,https://www.giga-web.jp/db_titles/tswn/tswn002/pac_s.jpg,200,image/jpeg,91907,,2026-09-12T21:46:11+08:00,确认当前官网目录已移除（官方资源残留）,完整官网目录未收录该番号；官网域名下的历史封面资源仍以图像响应。
TSWN-3,TSWN,"TSWN-003 Exciting Heroine Sailor Lumiere Magic, Katou Yume","July 7, 2014",https://www.asiamonstr.com/giga/tswn-003-exciting-heroine-sailor-lumiere-magic-katou-yume.html,完整扫描未收录,https://www.giga-web.jp/db_titles/tswn/tswn003/pac_s.jpg,200,image/jpeg,72557,,2026-09-12T21:46:11+08:00,确认当前官网目录已移除（官方资源残留）,完整官网目录未收录该番号；官网域名下的历史封面资源仍以图像响应。
TSWN-37,TSWN,TSWN-037 Lolita Heroine Lolider Ren Azumi,"January 10, 2014",https://www.asiamonstr.com/giga/tswn-037-lolita-heroine-lolider.html,完整扫描未收录,https://www.giga-web.jp/db_titles/tswn/tswn037/pac_s.jpg,200,image/jpeg,125556,,2026-09-12T21:46:11+08:00,确认当前官网目录已移除（官方资源残留）,完整官网目录未收录该番号；官网域名下的历史封面资源仍以图像响应。
TSWN-39,TSWN,TSWN-039 Heroine Insult Until she degrades herself and becomes a sex slave,"November 8, 2013",https://www.asiamonstr.com/giga/tswn-039-heroine-insult-degrades-sex-slave.html,完整扫描未收录,https://www.giga-web.jp/db_titles/tswn/tswn039/pac_s.jpg,200,image/jpeg,197967,,2026-09-12T21:46:12+08:00,确认当前官网目录已移除（官方资源残留）,完整官网目录未收录该番号；官网域名下的历史封面资源仍以图像响应。
TSWN-4,TSWN,TSWN-004 Exciting Heroine Gaia lady Adult Ver,"March 5, 2013",https://www.asiamonstr.com/giga/tswn-004-exciting-heroine-gaia-lady-adult-ver.html,完整扫描未收录,https://www.giga-web.jp/db_titles/tswn/tswn004/pac_s.jpg,200,image/jpeg,77718,,2026-09-12T21:46:12+08:00,确认当前官网目录已移除（官方资源残留）,完整官网目录未收录该番号；官网域名下的历史封面资源仍以图像响应。
TSWN-6,TSWN,TSWN-006 Exciting Heroine Electro-Mechanical Fighter Redoll,"February 4, 2013",https://www.asiamonstr.com/giga/tswn-006-exciting-heroine-electro-mechanical-fighter-redoll.html,完整扫描未收录,https://www.giga-web.jp/db_titles/tswn/tswn006/pac_s.jpg,200,image/jpeg,81766,,2026-09-12T21:46:13+08:00,确认当前官网目录已移除（官方资源残留）,完整官网目录未收录该番号；官网域名下的历史封面资源仍以图像响应。
TSWN-9,TSWN,"TSWN-009 Exciting Heroine – Color Ranger – Adult Version, Shiro Seyuyu","November 8, 2013",https://www.asiamonstr.com/giga/tswn-009-exciting-heroine-color-ranger-adult-version-shiro-seyuyu.html,完整扫描未收录,https://www.giga-web.jp/db_titles/tswn/tswn009/pac_s.jpg,200,image/jpeg,72611,,2026-09-12T21:46:15+08:00,确认当前官网目录已移除（官方资源残留）,完整官网目录未收录该番号；官网域名下的历史封面资源仍以图像响应。
TTRE-8,TTRE,TTRE-08 Heroine Tentacle Insult Vol 08,"February 4, 2013",https://www.asiamonstr.com/giga/ttre-08-heroine-tentacle-insult-vol-08-moon-soldier.html,完整扫描未收录,https://www.giga-web.jp/db_titles/ttre/ttre08/pac_s.jpg,200,image/jpeg,224523,,2026-09-12T21:46:15+08:00,确认当前官网目录已移除（官方资源残留）,完整官网目录未收录该番号；官网域名下的历史封面资源仍以图像响应。
TZZ-22,TZZ,"TZZ-22 Freedom Fighter Phoenix, Hinata Arisa","June 17, 2013",https://www.asiamonstr.com/giga/tzz-22-freedom-fighter-phoenix-hinata-arisa.html,完整扫描未收录,https://www.giga-web.jp/db_titles/tzz/tzz22/pac_s.jpg,404,text/html; charset=iso-8859-1,,,2026-09-12T21:46:15+08:00,当前官网目录缺失，只有第三方历史线索,完整官网目录未收录；所测官网历史资源路径未命中，现阶段仅有 AsiaMonstr/项目历史线索。
TZZ-25,TZZ,TZZ-25 – Sentai Slut Fuck Cosplay Debauchery,"February 10, 2013",https://www.asiamonstr.com/giga/tzz-25-sentai-slut-fuck-cosplay-debauchery-rika-yamanaka.html,完整扫描未收录,https://www.giga-web.jp/db_titles/tzz/tzz25/pac_s.jpg,200,image/jpeg,108839,,2026-09-12T21:46:17+08:00,确认当前官网目录已移除（官方资源残留）,完整官网目录未收录该番号；官网域名下的历史封面资源仍以图像响应。
TZZ-30,TZZ,"TZZ-30 Astro Ranger Neo, Uehara Chinatsu, Mochida Akane","July 24, 2013",https://www.asiamonstr.com/giga/tzz-30-astro-ranger-neo-uehara-chinatsu-mochida-akane.html,完整扫描未收录,https://www.giga-web.jp/db_titles/tzz/tzz30/pac_s.jpg,200,image/jpeg,110819,,2026-09-12T21:46:17+08:00,确认当前官网目录已移除（官方资源残留）,完整官网目录未收录该番号；官网域名下的历史封面资源仍以图像响应。
TZZ-34,TZZ,TZZ-34 Space Investigator Anika Mochida Akane,"February 4, 2013",https://www.asiamonstr.com/giga/tzz-34-space-investigator-anika.html,完整扫描未收录,https://www.giga-web.jp/db_titles/tzz/tzz34/pac_s.jpg,200,image/jpeg,297060,,2026-09-12T21:46:17+08:00,确认当前官网目录已移除（官方资源残留）,完整官网目录未收录该番号；官网域名下的历史封面资源仍以图像响应。
