规范番号,原始番号,系列,候选来源,标题,发行日期,文章日期,表格位置,AsiaMonstr详情页地址,官方证据地址,历史记录位置,访问结果,核查时间,分类,判断理由,建议处理
AKBD-10,AKBD-10,AKBD,gap,,,,,,,,not_found_in_complete_directory,2026-09-12T17:52:16+08:00,无证据空号,仅由现有番号区间不连续产生，未找到存在记录,仍需核实
AKBD-9,AKBD-9,AKBD,gap,,,,,,,,not_found_in_complete_directory,2026-09-12T17:52:16+08:00,无证据空号,仅由现有番号区间不连续产生，未找到存在记录,仍需核实
ANIX-7,ANIX-07,ANIX,asiamonstr; gap,"ANIX-07 Dream Melpure, Machida Minami",,"June 13, 2013",,https://www.asiamonstr.com/giga/anix-07-dream-melpure-machida-minami.html,,,not_found_in_complete_directory,2026-09-12T17:52:16+08:00,历史条目，状态待核实,外部或历史来源明确记载，但当前官方状态未获确认,仍需核实
ATHB-11,ATHB-11,ATHB,asiamonstr; gap,ATHB-11 Super Windy Heroine Battle,,"March 28, 2013",,https://www.asiamonstr.com/giga/athb-11-super-windy-heroine-battle-rino-kamiya.html,,,not_found_in_complete_directory,2026-09-12T17:52:16+08:00,历史条目，状态待核实,外部或历史来源明确记载，但当前官方状态未获确认,仍需核实
AVGP-9,AVGP-009,AVGP,asiamonstr,AVGP-009 Kidou Sentai Ranger Cross,,"February 12, 2013",,https://www.asiamonstr.com/giga/avgp-009-kidou-sentai-ranger-cross.html,https://www.giga-web.jp/db_titles/avgp/avgp009/pac_s.jpg,,not_found_in_complete_directory; official_asset_head_200,2026-09-12T21:44:01+08:00,确认官方下架,完整官网目录扫描未收录；官网域名下对应历史封面仍返回图像，确认该作品曾有官方记录且现已从目录移除（未发现下架公告或原因）,有依据标下架
DHRY-17,DHRY-17,DHRY,asiamonstr; gap; historical-catalog; historical-link-index; history,DHRY-17 Doujin Heroine 16 -Blue Fenril/Ryo Aoi,2021-07-23,"July 7, 2021",,https://www.asiamonstr.com/giga/dhry-17-doujin-heroine-16-blue-fenril-ryo-aoi.html,https://www.giga-web.jp/db_titles/dhry/dhry17/pac_s.jpg,0f1fe95ab25224f11cfd8fe304a3ed14a4fdd3ec:public/data/catalog.json; 8104579b6cc7411748b1685868af22e5b8d0dd77:public/data/catalog.json; D:\giga-catalog\data.json:video 981; D:\giga-catalog\links.json:key DHRY-17; b2f7a3e714bd49d9fa8c262d4460ce09c5286ec0:public/data/catalog.json; b8c1609c6eab57a96d6486d18175d4ee1c52d257:public/data/catalog.json; fb07a3ad9a69a3a57c96eab4405e1d5f45c507ed:public/data/catalog.json,not_found_in_complete_directory; official_asset_head_200,2026-09-12T21:44:01+08:00,确认官方下架,完整官网目录扫描未收录；官网域名下对应历史封面仍返回图像，确认该作品曾有官方记录且现已从目录移除（未发现下架公告或原因）,有依据标下架
DHRY-18,DHRY-18,DHRY,asiamonstr; gap,DHRY-18 Doujin Heroine 17 Mai Hidaka -Shameful Bondage,,"July 22, 2021",,https://www.asiamonstr.com/giga/dhry-18-doujin-heroine-17-mai-hidaka-shameful-bondage.html,https://www.giga-web.jp/db_titles/dhry/dhry18/pac_s.jpg,,not_found_in_complete_directory; official_asset_head_200,2026-09-12T21:44:01+08:00,确认官方下架,完整官网目录扫描未收录；官网域名下对应历史封面仍返回图像，确认该作品曾有官方记录且现已从目录移除（未发现下架公告或原因）,有依据标下架
DHRY-8,DHRY-08,DHRY,asiamonstr; gap,DHRY-08 Doujin Heroine 08 Female Investigator,,"September 4, 2020",,https://www.asiamonstr.com/giga/dhry-08-doujin-heroine-08-female-investigator-rei-fujisawa.html,https://www.giga-web.jp/db_titles/dhry/dhry08/pac_s.jpg,,not_found_in_complete_directory; official_asset_head_200,2026-09-12T21:44:02+08:00,确认官方下架,完整官网目录扫描未收录；官网域名下对应历史封面仍返回图像，确认该作品曾有官方记录且现已从目录移除（未发现下架公告或原因）,有依据标下架
GAMD-2,GAMD-02,GAMD,asiamonstr; gap,"GAMD-02 Naked Heroine Ace Act2 – The Madoka War, Kanamori Mina",,"May 1, 2013",,https://www.asiamonstr.com/giga/gamd-02-naked-heroine-ace-act2-the-madoka-war-kanamori-mina.html,https://www.giga-web.jp/db_titles/gamd/gamd02/pac_s.jpg,,not_found_in_complete_directory; official_asset_head_200,2026-09-12T21:44:02+08:00,确认官方下架,完整官网目录扫描未收录；官网域名下对应历史封面仍返回图像，确认该作品曾有官方记录且现已从目录移除（未发现下架公告或原因）,有依据标下架
GATE-39,GATE-39,GATE,asiamonstr; gap,GATE-39 Naked heroine Asada banana,,"February 16, 2013",,https://www.asiamonstr.com/giga/gate-39-naked-heroine-asada-banana.html,https://www.giga-web.jp/db_titles/gate/gate39/pac_s.jpg,,not_found_in_complete_directory; official_asset_head_200,2026-09-12T21:44:02+08:00,确认官方下架,完整官网目录扫描未收录；官网域名下对应历史封面仍返回图像，确认该作品曾有官方记录且现已从目录移除（未发现下架公告或原因）,有依据标下架
GDBS-10,GDBS-10,GDBS,gap,,,,,,,,not_found_in_complete_directory,2026-09-12T17:52:16+08:00,无证据空号,仅由现有番号区间不连续产生，未找到存在记录,仍需核实
GDBS-11,GDBS-11,GDBS,gap,,,,,,,,not_found_in_complete_directory,2026-09-12T17:52:16+08:00,无证据空号,仅由现有番号区间不连续产生，未找到存在记录,仍需核实
GDBS-13,GDBS-13,GDBS,gap,,,,,,,,not_found_in_complete_directory,2026-09-12T17:52:16+08:00,无证据空号,仅由现有番号区间不连续产生，未找到存在记录,仍需核实
GDBS-22,GDBS-22,GDBS,asiamonstr; gap,GDBS-22 The Highlights Of Gigantic Heroine,,"October 21, 2017",,https://www.asiamonstr.com/giga/gdbs-22-the-highlights-of-gigantic-heroine.html,https://www.giga-web.jp/db_titles/gdbs/gdbs22/pac_s.jpg,,not_found_in_complete_directory; official_asset_head_200,2026-09-12T21:44:03+08:00,确认官方下架,完整官网目录扫描未收录；官网域名下对应历史封面仍返回图像，确认该作品曾有官方记录且现已从目录移除（未发现下架公告或原因）,有依据标下架
GDBS-3,GDBS-3,GDBS,gap,,,,,,,,not_found_in_complete_directory,2026-09-12T17:52:16+08:00,无证据空号,仅由现有番号区间不连续产生，未找到存在记录,仍需核实
GDBS-30,GDBS-30,GDBS,asiamonstr; gap,GDBS-30 Highlights of Yellow Sentai,,"March 28, 2015",,https://www.asiamonstr.com/giga/gdbs-30-highlights-of-yellow-sentai.html,https://www.giga-web.jp/db_titles/gdbs/gdbs30/pac_s.jpg,,not_found_in_complete_directory; official_asset_head_200,2026-09-12T21:44:03+08:00,确认官方下架,完整官网目录扫描未收录；官网域名下对应历史封面仍返回图像，确认该作品曾有官方记录且现已从目录移除（未发现下架公告或原因）,有依据标下架
GDBS-31,GDBS-31,GDBS,asiamonstr; gap,GDBS-31 Highlights of Blue Sentai,,"December 2, 2017",,https://www.asiamonstr.com/giga/gdbs-31-highlights-of-blue-sentai.html,https://www.giga-web.jp/db_titles/gdbs/gdbs31/pac_s.jpg,,not_found_in_complete_directory; official_asset_head_200,2026-09-12T21:44:03+08:00,确认官方下架,完整官网目录扫描未收录；官网域名下对应历史封面仍返回图像，确认该作品曾有官方记录且现已从目录移除（未发现下架公告或原因）,有依据标下架
GDBS-32,GDBS-32,GDBS,asiamonstr; gap,GDBS-32 Highlights of Melpure and Beautiful Heroines,,"December 4, 2017",,https://www.asiamonstr.com/giga/gdbs-32-highlights-of-melpure-and-beautiful-heroines.html,https://www.giga-web.jp/db_titles/gdbs/gdbs32/pac_s.jpg,,not_found_in_complete_directory; official_asset_head_200,2026-09-12T21:44:04+08:00,确认官方下架,完整官网目录扫描未收录；官网域名下对应历史封面仍返回图像，确认该作品曾有官方记录且现已从目录移除（未发现下架公告或原因）,有依据标下架
GDBS-39,GDBS-39,GDBS,asiamonstr; gap,GDBS-39 Best of Yurina Ayashiro,,"June 7, 2017",,https://www.asiamonstr.com/giga/gdbs-39-best-of-yurina-ayashiro.html,https://www.giga-web.jp/db_titles/gdbs/gdbs39/pac_s.jpg,,not_found_in_complete_directory; official_asset_head_200,2026-09-12T21:44:04+08:00,确认官方下架,完整官网目录扫描未收录；官网域名下对应历史封面仍返回图像，确认该作品曾有官方记录且现已从目录移除（未发现下架公告或原因）,有依据标下架
GDBS-47,GDBS-47,GDBS,asiamonstr,GDBS-47 THE DIGEST OF G1 GRAND PRIX,,"November 14, 2017",,https://www.asiamonstr.com/giga/gdbs-47-the-digest-of-g1-grand-prix.html,,,not_found_in_complete_directory,2026-09-12T17:52:16+08:00,历史条目，状态待核实,外部或历史来源明确记载，但当前官方状态未获确认,仍需核实
GDBS-7,GDBS-7,GDBS,gap,,,,,,,,not_found_in_complete_directory,2026-09-12T17:52:16+08:00,无证据空号,仅由现有番号区间不连续产生，未找到存在记录,仍需核实
GDGA-10,GDGA-10,GDGA,gap,,,,,,,,not_found_in_complete_directory,2026-09-12T17:52:16+08:00,无证据空号,仅由现有番号区间不连续产生，未找到存在记录,仍需核实
GDGA-11,GDGA-11,GDGA,gap,,,,,,,,not_found_in_complete_directory,2026-09-12T17:52:16+08:00,无证据空号,仅由现有番号区间不连续产生，未找到存在记录,仍需核实
GDGA-12,GDGA-12,GDGA,gap,,,,,,,,not_found_in_complete_directory,2026-09-12T17:52:16+08:00,无证据空号,仅由现有番号区间不连续产生，未找到存在记录,仍需核实
GDGA-18,GDGA-18,GDGA,gap,,,,,,,,not_found_in_complete_directory,2026-09-12T17:52:16+08:00,无证据空号,仅由现有番号区间不连续产生，未找到存在记录,仍需核实
GDGA-22,GDGA-22,GDGA,gap,,,,,,,,not_found_in_complete_directory,2026-09-12T17:52:16+08:00,无证据空号,仅由现有番号区间不连续产生，未找到存在记录,仍需核实
GDGA-23,GDGA-23,GDGA,gap,,,,,,,,not_found_in_complete_directory,2026-09-12T17:52:16+08:00,无证据空号,仅由现有番号区间不连续产生，未找到存在记录,仍需核实
GDGA-24,GDGA-24,GDGA,gap,,,,,,,,not_found_in_complete_directory,2026-09-12T17:52:16+08:00,无证据空号,仅由现有番号区间不连续产生，未找到存在记录,仍需核实
GDGA-25,GDGA-25,GDGA,gap,,,,,,,,not_found_in_complete_directory,2026-09-12T17:52:16+08:00,无证据空号,仅由现有番号区间不连续产生，未找到存在记录,仍需核实
GDGA-26,GDGA-26,GDGA,gap,,,,,,,,not_found_in_complete_directory,2026-09-12T17:52:16+08:00,无证据空号,仅由现有番号区间不连续产生，未找到存在记录,仍需核实
GDGA-27,GDGA-27,GDGA,gap,,,,,,,,not_found_in_complete_directory,2026-09-12T17:52:16+08:00,无证据空号,仅由现有番号区间不连续产生，未找到存在记录,仍需核实
GDGA-28,GDGA-28,GDGA,gap,,,,,,,,not_found_in_complete_directory,2026-09-12T17:52:16+08:00,无证据空号,仅由现有番号区间不连续产生，未找到存在记录,仍需核实
GDGA-29,GDGA-29,GDGA,gap,,,,,,,,not_found_in_complete_directory,2026-09-12T17:52:16+08:00,无证据空号,仅由现有番号区间不连续产生，未找到存在记录,仍需核实
GDGA-30,GDGA-30,GDGA,gap,,,,,,,,not_found_in_complete_directory,2026-09-12T17:52:16+08:00,无证据空号,仅由现有番号区间不连续产生，未找到存在记录,仍需核实
GDGA-31,GDGA-31,GDGA,gap,,,,,,,,not_found_in_complete_directory,2026-09-12T17:52:16+08:00,无证据空号,仅由现有番号区间不连续产生，未找到存在记录,仍需核实
GDGA-32,GDGA-32,GDGA,gap,,,,,,,,not_found_in_complete_directory,2026-09-12T17:52:16+08:00,无证据空号,仅由现有番号区间不连续产生，未找到存在记录,仍需核实
GDGA-33,GDGA-33,GDGA,gap,,,,,,,,not_found_in_complete_directory,2026-09-12T17:52:16+08:00,无证据空号,仅由现有番号区间不连续产生，未找到存在记录,仍需核实
GDSC-11,GDSC-11,GDSC,asiamonstr; gap,GDSC-11 Super Lady,,"April 10, 2013",,https://www.asiamonstr.com/giga/gdsc-11-super-lady.html,https://www.giga-web.jp/db_titles/gdsc/gdsc11/pac_s.jpg,,not_found_in_complete_directory; official_asset_head_200,2026-09-12T21:44:06+08:00,确认官方下架,完整官网目录扫描未收录；官网域名下对应历史封面仍返回图像，确认该作品曾有官方记录且现已从目录移除（未发现下架公告或原因）,有依据标下架
GDSC-22,GDSC-22,GDSC,asiamonstr; gap,GDSC-22 Female Sworder Rafina,,"September 6, 2013",,https://www.asiamonstr.com/giga/gdsc-22-female-sworder-rafina-kren-uehara.html,https://www.giga-web.jp/db_titles/gdsc/gdsc22/pac_s.jpg,,not_found_in_complete_directory; official_asset_head_200,2026-09-12T21:44:06+08:00,确认官方下架,完整官网目录扫描未收录；官网域名下对应历史封面仍返回图像，确认该作品曾有官方记录且现已从目录移除（未发现下架公告或原因）,有依据标下架
GDSC-25,GDSC-25,GDSC,asiamonstr; gap,"GDSC-25 Gosoldier Soldier Pink, Moe Fujisaki",,"October 9, 2013",,https://www.asiamonstr.com/giga/gdsc-25-gosoldier-soldier-pink-moe-fujisaki.html,https://www.giga-web.jp/db_titles/gdsc/gdsc25/pac_s.jpg,,not_found_in_complete_directory; official_asset_head_200,2026-09-12T21:44:06+08:00,确认官方下架,完整官网目录扫描未收录；官网域名下对应历史封面仍返回图像，确认该作品曾有官方记录且现已从目录移除（未发现下架公告或原因）,有依据标下架
GDSC-29,GDSC-29,GDSC,asiamonstr; gap,GDSC-29 Beauty God Christina,,"October 12, 2013",,https://www.asiamonstr.com/giga/gdsc-29-beauty-god-christina-tomomi-motozawa.html,https://www.giga-web.jp/db_titles/gdsc/gdsc29/pac_s.jpg,,not_found_in_complete_directory; official_asset_head_200,2026-09-12T21:44:07+08:00,确认官方下架,完整官网目录扫描未收录；官网域名下对应历史封面仍返回图像，确认该作品曾有官方记录且现已从目录移除（未发现下架公告或原因）,有依据标下架
GDSC-38,GDSC-38,GDSC,asiamonstr; gap,"GDSC-38 Daytona Pink The Electroshock Cunnilingus Hell, Yurina Ayashiro",,"January 3, 2014",,https://www.asiamonstr.com/giga/gdsc-38-daytona-pink-the-electroshock-cunnilingus-hell-yurina-ayashiro.html,https://www.giga-web.jp/db_titles/gdsc/gdsc38/pac_s.jpg,,not_found_in_complete_directory; official_asset_head_200,2026-09-12T21:44:07+08:00,确认官方下架,完整官网目录扫描未收录；官网域名下对应历史封面仍返回图像，确认该作品曾有官方记录且现已从目录移除（未发现下架公告或原因）,有依据标下架
GDSC-39,GDSC-39,GDSC,asiamonstr; gap,"GDSC-39 Lui, the Attractive Investigator",,"December 16, 2013",,https://www.asiamonstr.com/giga/gdsc-39-lui-the-attractive-investigator-an-mizuki.html,https://www.giga-web.jp/db_titles/gdsc/gdsc39/pac_s.jpg,,not_found_in_complete_directory; official_asset_head_200,2026-09-12T21:44:07+08:00,确认官方下架,完整官网目录扫描未收录；官网域名下对应历史封面仍返回图像，确认该作品曾有官方记录且现已从目录移除（未发现下架公告或原因）,有依据标下架
GDSC-43,GDSC-43,GDSC,asiamonstr; gap,"GDSC-43 SUPERLADY, Rena Konishi",,"January 21, 2014",,https://www.asiamonstr.com/giga/gdsc-43-superlady-rena-konishi.html,https://www.giga-web.jp/db_titles/gdsc/gdsc43/pac_s.jpg,,not_found_in_complete_directory; official_asset_head_200,2026-09-12T21:44:08+08:00,确认官方下架,完整官网目录扫描未收录；官网域名下对应历史封面仍返回图像，确认该作品曾有官方记录且现已从目录移除（未发现下架公告或原因）,有依据标下架
GDSC-44,GDSC-44,GDSC,asiamonstr; gap,"GDSC-44 Marvelous Mask, Leg Fetish, Shizuku Hasegawa",,"February 3, 2014",,https://www.asiamonstr.com/giga/gdsc-44-marvelous-mask-leg-fetish-shizuku-hasegawa.html,https://www.giga-web.jp/db_titles/gdsc/gdsc44/pac_s.jpg,,not_found_in_complete_directory; official_asset_head_200,2026-09-12T21:44:08+08:00,确认官方下架,完整官网目录扫描未收录；官网域名下对应历史封面仍返回图像，确认该作品曾有官方记录且现已从目录移除（未发现下架公告或原因）,有依据标下架
GDSC-50,GDSC-50,GDSC,asiamonstr; gap,"GDSC-50 Kunoichi Homura, Chizuru Sakura",,"March 31, 2014",,https://www.asiamonstr.com/giga/gdsc-50-kunoichi-homura-chizuru-sakura.html,https://www.giga-web.jp/db_titles/gdsc/gdsc50/pac_s.jpg,,not_found_in_complete_directory; official_asset_head_200,2026-09-12T21:44:08+08:00,确认官方下架,完整官网目录扫描未收录；官网域名下对应历史封面仍返回图像，确认该作品曾有官方记录且现已从目录移除（未发现下架公告或原因）,有依据标下架
GEXP-2,GEXP-02,GEXP,asiamonstr; gap,GEXP-02 New Star Unit Ryuseiger After story,,"April 30, 2013",,https://www.asiamonstr.com/giga/gexp-02-new-star-unit-ryuseiger-after-story.html,https://www.giga-web.jp/db_titles/gexp/gexp02/pac_s.jpg,,not_found_in_complete_directory; official_asset_head_200,2026-09-12T21:44:09+08:00,确认官方下架,完整官网目录扫描未收录；官网域名下对应历史封面仍返回图像，确认该作品曾有官方记录且现已从目录移除（未发现下架公告或原因）,有依据标下架
GEXP-37,GEXP-37,GEXP,asiamonstr; gap,GEXP-37 Black Dress Temptation 2 Holy Peach Contaminated,,"February 18, 2013",,https://www.asiamonstr.com/giga/gexp-37-black-dress-temptation-2-holy-peach-contaminated-by-evil.html,https://www.giga-web.jp/db_titles/gexp/gexp37/pac_s.jpg,,not_found_in_complete_directory; official_asset_head_200,2026-09-12T21:44:09+08:00,确认官方下架,完整官网目录扫描未收录；官网域名下对应历史封面仍返回图像，确认该作品曾有官方记录且现已从目录移除（未发现下架公告或原因）,有依据标下架
GEXP-38,GEXP-38,GEXP,asiamonstr; gap,GEXP-38 SPLENDID GIRL,,"April 11, 2013",,https://www.asiamonstr.com/giga/gexp-38-splendid-girl-nakayama-erisu-aoi-nomarin.html,https://www.giga-web.jp/db_titles/gexp/gexp38/pac_s.jpg,,not_found_in_complete_directory; official_asset_head_200,2026-09-12T21:44:09+08:00,确认官方下架,完整官网目录扫描未收录；官网域名下对应历史封面仍返回图像，确认该作品曾有官方记录且现已从目录移除（未发现下架公告或原因）,有依据标下架
GEXP-45,GEXP-45,GEXP,asiamonstr; gap,GEXP-45 Cyber Special Agent Inspector Ablaze,,"April 22, 2013",,https://www.asiamonstr.com/giga/gexp-45-cyber-special-agent-inspector-ablaze-nagao-miwa.html,https://www.giga-web.jp/db_titles/gexp/gexp45/pac_s.jpg,,not_found_in_complete_directory; official_asset_head_200,2026-09-12T21:44:10+08:00,确认官方下架,完整官网目录扫描未收录；官网域名下对应历史封面仍返回图像，确认该作品曾有官方记录且现已从目录移除（未发现下架公告或原因）,有依据标下架
GEXP-46,GEXP-46,GEXP,asiamonstr; gap,GEXP-46 Witch Beautiful Fighter Fontane,,"April 22, 2013",,https://www.asiamonstr.com/giga/gexp-46-witch-beautiful-fighter-fontane-oohori-kana.html,https://www.giga-web.jp/db_titles/gexp/gexp46/pac_s.jpg,,not_found_in_complete_directory; official_asset_head_200,2026-09-12T21:44:10+08:00,确认官方下架,完整官网目录扫描未收录；官网域名下对应历史封面仍返回图像，确认该作品曾有官方记录且现已从目录移除（未发现下架公告或原因）,有依据标下架
GEXP-55,GEXP-55,GEXP,asiamonstr; gap,GEXP-55 Heroine Insulting Combatant Back Miss Mershal,,"June 10, 2013",,https://www.asiamonstr.com/giga/gexp-55-heroine-insulting-combatant-back-miss-mershal-nagao-miwa.html,https://www.giga-web.jp/db_titles/gexp/gexp55/pac_s.jpg,,not_found_in_complete_directory; official_asset_head_200,2026-09-12T21:44:10+08:00,确认官方下架,完整官网目录扫描未收录；官网域名下对应历史封面仍返回图像，确认该作品曾有官方记录且现已从目录移除（未发现下架公告或原因）,有依据标下架
GEXP-62,GEXP-62,GEXP,asiamonstr; gap,GEXP-62 Evil High-Ranking Member And Heroine Intersecting,,"February 19, 2013",,https://www.asiamonstr.com/giga/gexp-62-evil-high-ranking-member-and-heroine-intersecting.html,https://www.giga-web.jp/db_titles/gexp/gexp62/pac_s.jpg,,not_found_in_complete_directory; official_asset_head_200,2026-09-12T21:44:11+08:00,确认官方下架,完整官网目录扫描未收录；官网域名下对应历史封面仍返回图像，确认该作品曾有官方记录且现已从目录移除（未发现下架公告或原因）,有依据标下架
GEXP-71,GEXP-71,GEXP,asiamonstr; gap,GEXP-71 Witch Beautiful Girl Fighter Fontane,,"June 26, 2013",,https://www.asiamonstr.com/giga/gexp-71-witch-beautiful-girl-fighter-fontane-the-strongest-enemy-panty-killer-fujiwara-hitomi.html,,,not_found_in_complete_directory,2026-09-12T17:52:16+08:00,历史条目，状态待核实,外部或历史来源明确记载，但当前官方状态未获确认,仍需核实
GEXP-95,GEXP-95,GEXP,asiamonstr; gap,GEXP-95 Heroine White Eye Blackout Hell – Invincible Unit Earth Ranger,,"February 19, 2013",,https://www.asiamonstr.com/giga/gexp-95-heroine-white-eye-blackout-hell-invincible-unit-earth-ranger.html,https://www.giga-web.jp/db_titles/gexp/gexp95/pac_s.jpg,,not_found_in_complete_directory; official_asset_head_200,2026-09-12T21:44:12+08:00,确认官方下架,完整官网目录扫描未收录；官网域名下对应历史封面仍返回图像，确认该作品曾有官方记录且现已从目录移除（未发现下架公告或原因）,有依据标下架
GGTB-25,GGTB-25,GGTB,asiamonstr; gap,GGTB-25 Heroine Cunnilingus Torture The Fighter,,"November 7, 2015",,https://www.asiamonstr.com/giga/ggtb-25-heroine-cunnilingus-torture-the-fighter-of-love-and-peace-aphrodite-hitomi-maisaka.html,https://www.giga-web.jp/db_titles/ggtb/ggtb25/pac_s.jpg,,not_found_in_complete_directory; official_asset_head_200,2026-09-12T21:44:13+08:00,确认官方下架,完整官网目录扫描未收录；官网域名下对应历史封面仍返回图像，确认该作品曾有官方记录且现已从目录移除（未发现下架公告或原因）,有依据标下架
GHKO-18,GHKO-18,GHKO,asiamonstr; gap,GHKO-18 Heroine Bondage -SUPER WOMAN RELIA,,"November 26, 2016",,https://www.asiamonstr.com/giga/ghko-18-heroine-bondage-super-woman-relia-chitose-yura.html,https://www.giga-web.jp/db_titles/ghko/ghko18/pac_s.jpg,,not_found_in_complete_directory; official_asset_head_200,2026-09-12T21:44:13+08:00,确认官方下架,完整官网目录扫描未收录；官网域名下对应历史封面仍返回图像，确认该作品曾有官方记录且现已从目录移除（未发现下架公告或原因）,有依据标下架
GHKO-29,GHKO-29,GHKO,asiamonstr; gap,GHKO-29 THE SUPERLADY,,"December 17, 2016",,https://www.asiamonstr.com/giga/ghko-29-the-superlady-maki-hoshikawa.html,https://www.giga-web.jp/db_titles/ghko/ghko29/pac_s.jpg,,not_found_in_complete_directory; official_asset_head_200,2026-09-12T21:44:13+08:00,确认官方下架,完整官网目录扫描未收录；官网域名下对应历史封面仍返回图像，确认该作品曾有官方记录且现已从目录移除（未发现下架公告或原因）,有依据标下架
GHKO-3,GHKO-03,GHKO,asiamonstr; gap,GHKO-03 Queen Decker The Trap of Hypnosis Insult,,"October 9, 2016",,https://www.asiamonstr.com/giga/ghko-03-queen-decker-trap-hypnosis-insult-aya-miyazaki-urea-sakuraba.html,https://www.giga-web.jp/db_titles/ghko/ghko03/pac_s.jpg,,not_found_in_complete_directory; official_asset_head_200,2026-09-12T21:44:14+08:00,确认官方下架,完整官网目录扫描未收录；官网域名下对应历史封面仍返回图像，确认该作品曾有官方记录且现已从目录移除（未发现下架公告或原因）,有依据标下架
GHKO-5,GHKO-05,GHKO,asiamonstr; gap,GHKO-05 Justice Low-Ranking Fighter Torture,,"September 24, 2016",,https://www.asiamonstr.com/giga/ghko-05-justice-low-ranking-fighter-torture-hell-mai-miori-hitomi-maisaka-izumi-asato-yui-misaki-ririko-otonagi.html,https://www.giga-web.jp/db_titles/ghko/ghko05/pac_s.jpg,,not_found_in_complete_directory; official_asset_head_200,2026-09-12T21:44:14+08:00,确认官方下架,完整官网目录扫描未收录；官网域名下对应历史封面仍返回图像，确认该作品曾有官方记录且现已从目录移除（未发现下架公告或原因）,有依据标下架
GHKO-57,GHKO-57,GHKO,asiamonstr; gap,GHKO-57 Female Cadre Ruin Story,,"February 26, 2017",,https://www.asiamonstr.com/giga/ghko-57-female-cadre-ruin-story-yuri-nikaidou.html,https://www.giga-web.jp/db_titles/ghko/ghko57/pac_s.jpg,,not_found_in_complete_directory; official_asset_head_200,2026-09-12T21:44:14+08:00,确认官方下架,完整官网目录扫描未收录；官网域名下对应历史封面仍返回图像，确认该作品曾有官方记录且现已从目录移除（未发现下架公告或原因）,有依据标下架
GHKO-58,GHKO-58,GHKO,asiamonstr; gap,GHKO-58 SUPER MORPHINE IRON RANGER -IRON RANGER,,"February 26, 2017",,https://www.asiamonstr.com/giga/ghko-58-super-morphine-iron-ranger-iron-ranger-destruction-crisis-the-trap-of-witch-lizera-natsuko-mishima-rina-utimura.html,https://www.giga-web.jp/db_titles/ghko/ghko58/pac_s.jpg,,not_found_in_complete_directory; official_asset_head_200,2026-09-12T21:44:15+08:00,确认官方下架,完整官网目录扫描未收录；官网域名下对应历史封面仍返回图像，确认该作品曾有官方记录且现已从目录移除（未发现下架公告或原因）,有依据标下架
GHKO-60,GHKO-60,GHKO,asiamonstr; gap,GHKO-60 Pretty Luminous,,"March 10, 2017",,https://www.asiamonstr.com/giga/ghko-60-pretty-luminous-natsuko-mishima-karen-sakisaka.html,https://www.giga-web.jp/db_titles/ghko/ghko60/pac_s.jpg,,not_found_in_complete_directory; official_asset_head_200,2026-09-12T21:44:15+08:00,确认官方下架,完整官网目录扫描未收录；官网域名下对应历史封面仍返回图像，确认该作品曾有官方记录且现已从目录移除（未发现下架公告或原因）,有依据标下架
GHKO-67,GHKO-67,GHKO,asiamonstr; gap,GHKO-67 Tentacle Monster Swallowing Torture Sailor Flare,,"March 27, 2017",,https://www.asiamonstr.com/giga/ghko-67-tentacle-monster-swallowing-torture-sailor-flare-reina-shirogane.html,https://www.giga-web.jp/db_titles/ghko/ghko67/pac_s.jpg,,not_found_in_complete_directory; official_asset_head_200,2026-09-12T21:44:15+08:00,确认官方下架,完整官网目录扫描未收录；官网域名下对应历史封面仍返回图像，确认该作品曾有官方记录且现已从目录移除（未发现下架公告或原因）,有依据标下架
GHKO-69,GHKO-69,GHKO,asiamonstr; gap,GHKO-69 Sailor Troopers modern – Domination Hell,,"April 16, 2017",,https://www.asiamonstr.com/giga/ghko-69-sailor-troopers-modern-domination-hell-yua-imai-airi-seto-ai-tsukimoto-shijimi-kanon-kuga.html,https://www.giga-web.jp/db_titles/ghko/ghko69/pac_s.jpg,,not_found_in_complete_directory; official_asset_head_200,2026-09-12T21:44:16+08:00,确认官方下架,完整官网目录扫描未收录；官网域名下对应历史封面仍返回图像，确认该作品曾有官方记录且现已从目录移除（未发现下架公告或原因）,有依据标下架
GHKO-78,GHKO-78,GHKO,asiamonstr; gap,GHKO-78 Infernal Slave Heroine Camp -Wonder Lady,,"May 4, 2017",,https://www.asiamonstr.com/giga/ghko-78-infernal-slave-heroine-camp-wonder-lady-reina-shirogane.html,https://www.giga-web.jp/db_titles/ghko/ghko78/pac_s.jpg,,not_found_in_complete_directory; official_asset_head_200,2026-09-12T21:44:16+08:00,确认官方下架,完整官网目录扫描未收录；官网域名下对应历史封面仍返回图像，确认该作品曾有官方记录且现已从目录移除（未发现下架公告或原因）,有依据标下架
GHKO-79,GHKO-79,GHKO,asiamonstr; gap,GHKO-79 Sailor Prism Again – Devil Tentacle Pot Hell,,"May 4, 2017",,https://www.asiamonstr.com/giga/ghko-79-sailor-prism-again-devil-tentacle-pot-hell-nagomi-haruna-ayane-harura-mori.html,https://www.giga-web.jp/db_titles/ghko/ghko79/pac_s.jpg,,not_found_in_complete_directory; official_asset_head_200,2026-09-12T21:44:16+08:00,确认官方下架,完整官网目录扫描未收录；官网域名下对应历史封面仍返回图像，确认该作品曾有官方记录且现已从目录移除（未发现下架公告或原因）,有依据标下架
GHKO-91,GHKO-91,GHKO,asiamonstr; gap,GHKO-91 American Comic Heroine-GO！GO！POWER WOMAN,,"June 4, 2017",,https://www.asiamonstr.com/giga/ghko-91-american-comic-heroine-go%ef%bc%81go%ef%bc%81power-woman-yuri-nikaidou.html,https://www.giga-web.jp/db_titles/ghko/ghko91/pac_s.jpg,,not_found_in_complete_directory; official_asset_head_200,2026-09-12T21:44:17+08:00,确认官方下架,完整官网目录扫描未收录；官网域名下对应历史封面仍返回图像，确认该作品曾有官方记录且现已从目录移除（未发现下架公告或原因）,有依据标下架
GHKO-97,GHKO-97,GHKO,asiamonstr; gap,GHKO-97 New Female Combatant Nylon66,,"June 18, 2017",,https://www.asiamonstr.com/giga/ghko-97-new-female-combatant-nylon66.html,https://www.giga-web.jp/db_titles/ghko/ghko97/pac_s.jpg,,not_found_in_complete_directory; official_asset_head_200,2026-09-12T21:44:17+08:00,确认官方下架,完整官网目录扫描未收录；官网域名下对应历史封面仍返回图像，确认该作品曾有官方记录且现已从目录移除（未发现下架公告或原因）,有依据标下架
GHKP-16,GHKP-16,GHKP,asiamonstr; gap,GHKP-16 Future Ninja Nintector-Beautiful Ninja Pleasure Torture,,"August 3, 2017",,https://www.asiamonstr.com/giga/ghkp-16-future-ninja-nintector-beautiful-ninja-pleasure-torture-natsuko-mishima.html,https://www.giga-web.jp/db_titles/ghkp/ghkp16/pac_s.jpg,,not_found_in_complete_directory; official_asset_head_200,2026-09-12T21:44:17+08:00,确认官方下架,完整官网目录扫描未收录；官网域名下对应历史封面仍返回图像，确认该作品曾有官方记录且现已从目录移除（未发现下架公告或原因）,有依据标下架
GHKP-31,GHKP-31,GHKP,asiamonstr; gap,GHKP-31 Art Guardian Mio VS Monster Namenba,,"September 11, 2017",,https://www.asiamonstr.com/giga/ghkp-31-art-guardian-mio-vs-monster-namenba-reina-shirogane-rei-tokunaga-ichika-hayano.html,https://www.giga-web.jp/db_titles/ghkp/ghkp31/pac_s.jpg,,not_found_in_complete_directory; official_asset_head_200,2026-09-12T21:44:18+08:00,确认官方下架,完整官网目录扫描未收录；官网域名下对应历史封面仍返回图像，确认该作品曾有官方记录且现已从目录移除（未发现下架公告或原因）,有依据标下架
GHKP-33,GHKP-33,GHKP,asiamonstr; gap,GHKP-33 Ray Storm Akari Mitani,,"September 29, 2017",,https://www.asiamonstr.com/giga/ghkp-33-ray-storm-akari-mitani.html,https://www.giga-web.jp/db_titles/ghkp/ghkp33/pac_s.jpg,,not_found_in_complete_directory; official_asset_head_200,2026-09-12T21:44:18+08:00,确认官方下架,完整官网目录扫描未收录；官网域名下对应历史封面仍返回图像，确认该作品曾有官方记录且现已从目录移除（未发现下架公告或原因）,有依据标下架
GHKP-4,GHKP-04,GHKP,asiamonstr; gap,GHKP-04 Freshness Melpure Pure Healing -Pleasure Hell Fallen,,"July 6, 2017",,https://www.asiamonstr.com/giga/ghkp-04-freshness-melpure-pure-healing-pleasure-hell-fallen-to-the-darkness-mia-shizuku.html,https://www.giga-web.jp/db_titles/ghkp/ghkp04/pac_s.jpg,,not_found_in_complete_directory; official_asset_head_200,2026-09-12T21:44:18+08:00,确认官方下架,完整官网目录扫描未收录；官网域名下对应历史封面仍返回图像，确认该作品曾有官方记录且现已从目录移除（未发现下架公告或原因）,有依据标下架
GHKP-42,GHKP-42,GHKP,asiamonstr; gap,GHKP-42 Cruel Shame Domination Asterios,,"November 4, 2017",,https://www.asiamonstr.com/giga/ghkp-42-cruel-shame-domination-asterios-kaho-shibuya.html,https://www.giga-web.jp/db_titles/ghkp/ghkp42/pac_s.jpg,,not_found_in_complete_directory; official_asset_head_200,2026-09-12T21:44:18+08:00,确认官方下架,完整官网目录扫描未收录；官网域名下对应历史封面仍返回图像，确认该作品曾有官方记录且现已从目录移除（未发现下架公告或原因）,有依据标下架
GHKP-49,GHKP-49,GHKP,asiamonstr; gap,GHKP-49 Beautiful Witch Girl Rena,,"November 16, 2017",,https://www.asiamonstr.com/giga/ghkp-49-beautiful-witch-girl-rena.html,https://www.giga-web.jp/db_titles/ghkp/ghkp49/pac_s.jpg,,not_found_in_complete_directory; official_asset_head_200,2026-09-12T21:44:19+08:00,确认官方下架,完整官网目录扫描未收录；官网域名下对应历史封面仍返回图像，确认该作品曾有官方记录且现已从目录移除（未发现下架公告或原因）,有依据标下架
GHKP-57,GHKP-57,GHKP,asiamonstr; gap,GHKP-57 Priestess Fighter Kaguya,,"December 22, 2017",,https://www.asiamonstr.com/giga/ghkp-57-priestess-fighter-kaguya-miyu-saito.html,https://www.giga-web.jp/db_titles/ghkp/ghkp57/pac_s.jpg,,not_found_in_complete_directory; official_asset_head_200,2026-09-12T21:44:19+08:00,确认官方下架,完整官网目录扫描未收录；官网域名下对应历史封面仍返回图像，确认该作品曾有官方记录且现已从目录移除（未发现下架公告或原因）,有依据标下架
GHKP-58,GHKP-58,GHKP,asiamonstr; gap,"GHKP-58 Wonder Stella Akari Mitani, Rina Utimura",,"December 17, 2017",,https://www.asiamonstr.com/giga/ghkp-58-wonder-stella-akari-mitani-rina-utimura.html,https://www.giga-web.jp/db_titles/ghkp/ghkp58/pac_s.jpg,,not_found_in_complete_directory; official_asset_head_200,2026-09-12T21:44:19+08:00,确认官方下架,完整官网目录扫描未收录；官网域名下对应历史封面仍返回图像，确认该作品曾有官方记录且现已从目录移除（未发现下架公告或原因）,有依据标下架
GHKP-6,GHKP-06,GHKP,asiamonstr; gap,GHKP-06 Superheroine Domination Hell 31 -Beautiful Witch Girl,,"July 14, 2017",,https://www.asiamonstr.com/giga/ghkp-06-superheroine-domination-hell-31-beautiful-witch-girl-fontaine-kaho-shibuya.html,https://www.giga-web.jp/db_titles/ghkp/ghkp06/pac_s.jpg,,not_found_in_complete_directory; official_asset_head_200,2026-09-12T21:44:20+08:00,确认官方下架,完整官网目录扫描未收录；官网域名下对应历史封面仍返回图像，确认该作品曾有官方记录且现已从目录移除（未发现下架公告或原因）,有依据标下架
GHKP-60,GHKP-60,GHKP,asiamonstr; gap,GHKP-60 Female Cadre Zora -Hero Insult- Zora’s Birth Story,,"December 25, 2017",,https://www.asiamonstr.com/giga/ghkp-60-female-cadre-zora-hero-insult-zoras-birth-story-sesera-harukawa.html,https://www.giga-web.jp/db_titles/ghkp/ghkp60/pac_s.jpg,,not_found_in_complete_directory; official_asset_head_200,2026-09-12T21:44:20+08:00,确认官方下架,完整官网目录扫描未收录；官网域名下对应历史封面仍返回图像，确认该作品曾有官方记录且现已从目录移除（未发现下架公告或原因）,有依据标下架
GHKP-66,GHKP-66,GHKP,asiamonstr; gap,GHKP-66 Love Fighter Battler K,,"January 15, 2018",,https://www.asiamonstr.com/giga/ghkp-66-love-fighter-battler-k-kaho-shibuya.html,https://www.giga-web.jp/db_titles/ghkp/ghkp66/pac_s.jpg,,not_found_in_complete_directory; official_asset_head_200,2026-09-12T21:44:20+08:00,确认官方下架,完整官网目录扫描未收录；官网域名下对应历史封面仍返回图像，确认该作品曾有官方记录且现已从目录移除（未发现下架公告或原因）,有依据标下架
GHKP-74,GHKP-74,GHKP,asiamonstr; gap,GHKP-74 Female Cadre Zora -Hero Insult-,,"January 29, 2018",,https://www.asiamonstr.com/giga/ghkp-74-female-cadre-zora-hero-insult-mai-tamaki.html,https://www.giga-web.jp/db_titles/ghkp/ghkp74/pac_s.jpg,,not_found_in_complete_directory; official_asset_head_200,2026-09-12T21:44:21+08:00,确认官方下架,完整官网目录扫描未收录；官网域名下对应历史封面仍返回图像，确认该作品曾有官方记录且现已从目录移除（未发现下架公告或原因）,有依据标下架
GHKP-79,GHKP-79,GHKP,asiamonstr; gap,GHKP-79 Tales of Vastinarve -Episode. ZERO-,,"February 11, 2018",,https://www.asiamonstr.com/giga/ghkp-79-tales-of-vastinarve-episode-zero.html,https://www.giga-web.jp/db_titles/ghkp/ghkp79/pac_s.jpg,,not_found_in_complete_directory; official_asset_head_200,2026-09-12T21:44:21+08:00,确认官方下架,完整官网目录扫描未收录；官网域名下对应历史封面仍返回图像，确认该作品曾有官方记录且现已从目录移除（未发现下架公告或原因）,有依据标下架
GHKP-94,GHKP-94,GHKP,asiamonstr; gap,GHKP-94 Blade Three -Blade Pink Temptation Punishment Ai Tsukimoto,,"March 30, 2018",,https://www.asiamonstr.com/giga/ghkp-94-blade-three-blade-pink-temptation-punishment-ai-tsukimoto.html,https://www.giga-web.jp/db_titles/ghkp/ghkp94/pac_s.jpg,,not_found_in_complete_directory; official_asset_head_200,2026-09-12T21:44:21+08:00,确认官方下架,完整官网目录扫描未收录；官网域名下对应历史封面仍返回图像，确认该作品曾有官方记录且现已从目录移除（未发现下架公告或原因）,有依据标下架
GHKP-98,GHKP-98,GHKP,asiamonstr; gap,GHKP-98 Punishment Princess Blade -Former Female Wrestler,,"March 27, 2018",,https://www.asiamonstr.com/giga/ghkp-98-punishment-princess-blade-former-female-wrestler-executioner-suffers-from-stormy-domination-and-torture-mai-tamaki-naoko-oosako.html,https://www.giga-web.jp/db_titles/ghkp/ghkp98/pac_s.jpg,,not_found_in_complete_directory; official_asset_head_200,2026-09-12T21:44:22+08:00,确认官方下架,完整官网目录扫描未收录；官网域名下对应历史封面仍返回图像，确认该作品曾有官方记录且现已从目录移除（未发现下架公告或原因）,有依据标下架
GHKQ-13,GHKQ-13,GHKQ,asiamonstr; gap,GHKQ-13 Sailor Arutorius -Fierce Battle for Etherium,,"May 24, 2018",,https://www.asiamonstr.com/giga/ghkq-13-sailor-arutorius-fierce-battle-for-etherium-miori-matsushita-kanon-kuga-ruria-ichinose.html,https://www.giga-web.jp/db_titles/ghkq/ghkq13/pac_s.jpg,,not_found_in_complete_directory; official_asset_head_200,2026-09-12T21:44:22+08:00,确认官方下架,完整官网目录扫描未收录；官网域名下对应历史封面仍返回图像，确认该作品曾有官方记录且现已从目录移除（未发现下架公告或原因）,有依据标下架
GHKQ-29,GHKQ-29,GHKQ,asiamonstr; gap; historical-catalog; historical-link-index; history,GHKQ-29 Female Combatant Hunting,2018-07-27,"July 4, 2018",,https://www.asiamonstr.com/giga/ghkq-29-female-combatant-hunting-mirai-haruka-sara-miyabi-koharu-tsukimiya.html,https://www.giga-web.jp/db_titles/ghkq/ghkq29/pac_s.jpg,0f1fe95ab25224f11cfd8fe304a3ed14a4fdd3ec:public/data/catalog.json; 8104579b6cc7411748b1685868af22e5b8d0dd77:public/data/catalog.json; D:\giga-catalog\data.json:video 1212; D:\giga-catalog\links.json:key GHKQ-29; b2f7a3e714bd49d9fa8c262d4460ce09c5286ec0:public/data/catalog.json; b8c1609c6eab57a96d6486d18175d4ee1c52d257:public/data/catalog.json; fb07a3ad9a69a3a57c96eab4405e1d5f45c507ed:public/data/catalog.json,not_found_in_complete_directory; official_asset_head_200,2026-09-12T21:44:22+08:00,确认官方下架,完整官网目录扫描未收录；官网域名下对应历史封面仍返回图像，确认该作品曾有官方记录且现已从目录移除（未发现下架公告或原因）,有依据标下架
GHKQ-35,GHKQ-35,GHKQ,asiamonstr; gap,GHKQ-35 Illusion Mask,,"July 14, 2018",,https://www.asiamonstr.com/giga/ghkq-35-illusion-mask-reina-shirogane.html,https://www.giga-web.jp/db_titles/ghkq/ghkq35/pac_s.jpg,,not_found_in_complete_directory; official_asset_head_200,2026-09-12T21:44:23+08:00,确认官方下架,完整官网目录扫描未收录；官网域名下对应历史封面仍返回图像，确认该作品曾有官方记录且现已从目录移除（未发现下架公告或原因）,有依据标下架
GHKQ-38,GHKQ-38,GHKQ,asiamonstr; gap,GHKQ-38 Evil Female Cadre Zaroma -Hero Insult- Miori Matsushita,,"August 4, 2018",,https://www.asiamonstr.com/giga/ghkq-38-evil-female-cadre-zaroma-hero-insult-miori-matsushita.html,https://www.giga-web.jp/db_titles/ghkq/ghkq38/pac_s.jpg,,not_found_in_complete_directory; official_asset_head_200,2026-09-12T21:44:23+08:00,确认官方下架,完整官网目录扫描未收录；官网域名下对应历史封面仍返回图像，确认该作品曾有官方记录且现已从目录移除（未发现下架公告或原因）,有依据标下架
GHKQ-4,GHKQ-04,GHKQ,asiamonstr; gap,GHKQ-04 Side Story of Spandexer -ZORA’s Birth Story,,"April 14, 2018",,https://www.asiamonstr.com/giga/ghkq-04-side-story-of-spandexer-zoras-birth-story-reina-shirogane-marie-konishi.html,https://www.giga-web.jp/db_titles/ghkq/ghkq04/pac_s.jpg,,not_found_in_complete_directory; official_asset_head_200,2026-09-12T21:44:23+08:00,确认官方下架,完整官网目录扫描未收录；官网域名下对应历史封面仍返回图像，确认该作品曾有官方记录且现已从目录移除（未发现下架公告或原因）,有依据标下架
GHKQ-42,GHKQ-42,GHKQ,asiamonstr; gap,GHKQ-42 SPANDEXER SUN ANGEL,,"August 26, 2018",,https://www.asiamonstr.com/giga/ghkq-42-spandexer-sun-angel-mao-hamasaki-moe-kurashina.html,https://www.giga-web.jp/db_titles/ghkq/ghkq42/pac_s.jpg,,not_found_in_complete_directory; official_asset_head_200,2026-09-12T21:44:24+08:00,确认官方下架,完整官网目录扫描未收录；官网域名下对应历史封面仍返回图像，确认该作品曾有官方记录且现已从目录移除（未发现下架公告或原因）,有依据标下架
GHKQ-52,GHKQ-52,GHKQ,asiamonstr; gap,GHKQ-52 The Record of Hero Insulted Training -Perfect Queen,,"September 8, 2018",,https://www.asiamonstr.com/giga/ghkq-52-the-record-of-hero-insulted-training-perfect-queen-gerbera-reina-shirogane.html,https://www.giga-web.jp/db_titles/ghkq/ghkq52/pac_s.jpg,,not_found_in_complete_directory; official_asset_head_200,2026-09-12T21:44:24+08:00,确认官方下架,完整官网目录扫描未收录；官网域名下对应历史封面仍返回图像，确认该作品曾有官方记录且现已从目录移除（未发现下架公告或原因）,有依据标下架
GHKQ-54,GHKQ-54,GHKQ,asiamonstr; gap,GHKQ-54 Hermaphrodite Female Low-Ranking Ninja –,,"September 2, 2018",,https://www.asiamonstr.com/giga/ghkq-54-hermaphrodite-female-low-ranking-ninja-perverts-group-pleasure-torture-kanon-kuga-moe-kurashina-rin-hayama.html,https://www.giga-web.jp/db_titles/ghkq/ghkq54/pac_s.jpg,,not_found_in_complete_directory; official_asset_head_200,2026-09-12T21:44:24+08:00,确认官方下架,完整官网目录扫描未收录；官网域名下对应历史封面仍返回图像，确认该作品曾有官方记录且现已从目录移除（未发现下架公告或原因）,有依据标下架
GHKQ-6,GHKQ-06,GHKQ,asiamonstr; gap,GHKQ-06 Hermaphrodite Heroine -Battle Excite Z -Miss. Excellent,,"May 9, 2018",,https://www.asiamonstr.com/giga/ghkq-06-hermaphrodite-heroine-battle-excite-z-miss-excellent-riko-kitagawa-miori-matsushita.html,https://www.giga-web.jp/db_titles/ghkq/ghkq06/pac_s.jpg,,not_found_in_complete_directory; official_asset_head_200,2026-09-12T21:44:25+08:00,确认官方下架,完整官网目录扫描未收录；官网域名下对应历史封面仍返回图像，确认该作品曾有官方记录且现已从目录移除（未发现下架公告或原因）,有依据标下架
GHKQ-60,GHKQ-60,GHKQ,asiamonstr; gap,GHKQ-60 Young Wife Heroine -Red and Pink are a Couple,,"October 8, 2018",,https://www.asiamonstr.com/giga/ghkq-60-young-wife-heroine-red-and-pink-are-a-couple-of-the-battle-force-but-red-has-an-affair-with-their-opponent-female-cadre-yukine-sakuragi-reina-shirogane.html,https://www.giga-web.jp/db_titles/ghkq/ghkq60/pac_s.jpg,,not_found_in_complete_directory; official_asset_head_200,2026-09-12T21:44:25+08:00,确认官方下架,完整官网目录扫描未收录；官网域名下对应历史封面仍返回图像，确认该作品曾有官方记录且现已从目录移除（未发现下架公告或原因）,有依据标下架
GHKQ-70,GHKQ-70,GHKQ,asiamonstr; gap,GHKQ-70 Half Monster Detective Yukihime -Revenge for Parents,,"November 14, 2018",,https://www.asiamonstr.com/giga/ghkq-70-half-monster-detective-yukihime-revenge-for-parents-death-monster-genie-enki-terrible-flame-tor.html,https://www.giga-web.jp/db_titles/ghkq/ghkq70/pac_s.jpg,,not_found_in_complete_directory; official_asset_head_200,2026-09-12T21:44:25+08:00,确认官方下架,完整官网目录扫描未收录；官网域名下对应历史封面仍返回图像，确认该作品曾有官方记录且现已从目录移除（未发现下架公告或原因）,有依据标下架
GHKQ-71,GHKQ-71,GHKQ,asiamonstr; gap,GHKQ-71 Evil Female Cadre VS Hero Battle!,,"November 17, 2018",,https://www.asiamonstr.com/giga/ghkq-71-evil-female-cadre-vs-hero-battle-misato-nonomiya.html,https://www.giga-web.jp/db_titles/ghkq/ghkq71/pac_s.jpg,,not_found_in_complete_directory; official_asset_head_200,2026-09-12T21:44:26+08:00,确认官方下架,完整官网目录扫描未收录；官网域名下对应历史封面仍返回图像，确认该作品曾有官方记录且现已从目录移除（未发现下架公告或原因）,有依据标下架
GHKQ-77,GHKQ-77,GHKQ,asiamonstr; gap,GHKQ-77 Female Combatant Diol,,"December 8, 2018",,https://www.asiamonstr.com/giga/ghkq-77-female-combatant-diol-kanon-kuga-shijimi-harumi-sagawa-airu-hashino-noa-natsuki-shizuka-takei-moe-kurashina-aine-kirinami-maron-suzumiya.html,https://www.giga-web.jp/db_titles/ghkq/ghkq77/pac_s.jpg,,not_found_in_complete_directory; official_asset_head_200,2026-09-12T21:44:26+08:00,确认官方下架,完整官网目录扫描未收录；官网域名下对应历史封面仍返回图像，确认该作品曾有官方记录且现已从目录移除（未发现下架公告或原因）,有依据标下架
GHKQ-82,GHKQ-82,GHKQ,asiamonstr; gap,GHKQ-82 Saint Force after.1 -Picked-Up Holy Bud-,,"December 22, 2018",,https://www.asiamonstr.com/giga/ghkq-82-saint-force-after-1-picked-up-holy-bud-miori-matsushita.html,https://www.giga-web.jp/db_titles/ghkq/ghkq82/pac_s.jpg,,not_found_in_complete_directory; official_asset_head_200,2026-09-12T21:44:27+08:00,确认官方下架,完整官网目录扫描未收录；官网域名下对应历史封面仍返回图像，确认该作品曾有官方记录且现已从目录移除（未发现下架公告或原因）,有依据标下架
GHKQ-83,GHKQ-83,GHKQ,asiamonstr; gap,GHKQ-83 Superheroine Domination Hell 36 -Dyna Woman Hana Misora,,"December 13, 2018",,https://www.asiamonstr.com/giga/ghkq-83-superheroine-domination-hell-36-dyna-woman-hana-misora.html,https://www.giga-web.jp/db_titles/ghkq/ghkq83/pac_s.jpg,,not_found_in_complete_directory; official_asset_head_200,2026-09-12T21:44:28+08:00,确认官方下架,完整官网目录扫描未收录；官网域名下对应历史封面仍返回图像，确认该作品曾有官方记录且现已从目录移除（未发现下架公告或原因）,有依据标下架
GHKR-32,GHKR-32,GHKR,asiamonstr; gap,GHKR-32 Power Lady 3 -Planed False Accusation- Misato Nonomiya,,"May 17, 2019",,https://www.asiamonstr.com/giga/ghkr-32-power-lady-3-planed-false-accusation-misato-nonomiya.html,https://www.giga-web.jp/db_titles/ghkr/ghkr32/pac_s.jpg,,not_found_in_complete_directory; official_asset_head_200,2026-09-12T21:44:29+08:00,确认官方下架,完整官网目录扫描未收录；官网域名下对应历史封面仍返回图像，确认该作品曾有官方记录且现已从目录移除（未发现下架公告或原因）,有依据标下架
GHKR-70,GHKR-70,GHKR,asiamonstr; gap,GHKR-70 Fighting Heroine Mai Hidaka VS Soldier from Another,,"September 20, 2019",,https://www.asiamonstr.com/giga/ghkr-70-fighting-heroine-mai-hidaka-vs-soldier-from-another-planet-misato-nonomiya.html,https://www.giga-web.jp/db_titles/ghkr/ghkr70/pac_s.jpg,,not_found_in_complete_directory; official_asset_head_200,2026-09-12T21:44:29+08:00,确认官方下架,完整官网目录扫描未收录；官网域名下对应历史封面仍返回图像，确认该作品曾有官方记录且现已从目录移除（未发现下架公告或原因）,有依据标下架
GHKR-95,GHKR-95,GHKR,asiamonstr; gap,GHKR-95 Sadistic Female Fighter Mai Hidaka -Evil Handsome,,"December 28, 2019",,https://www.asiamonstr.com/giga/ghkr-95-sadistic-female-fighter-mai-hidaka-evil-handsome-cadre-reverse-insult-natsuko-mishima-sousuke-asuma.html,https://www.giga-web.jp/db_titles/ghkr/ghkr95/pac_s.jpg,,not_found_in_complete_directory; official_asset_head_200,2026-09-12T21:44:30+08:00,确认官方下架,完整官网目录扫描未收录；官网域名下对应历史封面仍返回图像，确认该作品曾有官方记录且现已从目录移除（未发现下架公告或原因）,有依据标下架
GHLS-36,GHLS-36,GHLS,asiamonstr; gap,GHLS-36 Spandexer Neo3 -Moon Angel and Erotic Spell,,"April 17, 2020",,https://www.asiamonstr.com/giga/ghls-36-spandexer-neo3-moon-angel-and-erotic-spell-hikari-sakuraba-kanon-cyura.html,https://www.giga-web.jp/db_titles/ghls/ghls36/pac_s.jpg,,not_found_in_complete_directory; official_asset_head_200,2026-09-12T21:44:30+08:00,确认官方下架,完整官网目录扫描未收录；官网域名下对应历史封面仍返回图像，确认该作品曾有官方记录且现已从目录移除（未发现下架公告或原因）,有依据标下架
GHLS-41,GHLS-41,GHLS,asiamonstr; gap,GHLS-41 The Memorial Movie of 25th Anniversary 06,,"April 10, 2020",,https://www.asiamonstr.com/giga/ghls-41-the-memorial-movie-of-25th-anniversary-06-perfect-ranger-rei-yuino.html,https://www.giga-web.jp/db_titles/ghls/ghls41/pac_s.jpg,,not_found_in_complete_directory; official_asset_head_200,2026-09-12T21:44:30+08:00,确认官方下架,完整官网目录扫描未收录；官网域名下对应历史封面仍返回图像，确认该作品曾有官方记录且现已从目录移除（未发现下架公告或原因）,有依据标下架
GHLS-43,GHLS-43,GHLS,asiamonstr; gap,GHLS-43 Cuckolded Sexy Housewife Heroine,,"April 24, 2020",,https://www.asiamonstr.com/giga/ghls-43-cuckolded-sexy-housewife-heroine-tomoe-nakamura.html,https://www.giga-web.jp/db_titles/ghls/ghls43/pac_s.jpg,,not_found_in_complete_directory; official_asset_head_200,2026-09-12T21:44:31+08:00,确认官方下架,完整官网目录扫描未收录；官网域名下对应历史封面仍返回图像，确认该作品曾有官方记录且现已从目录移除（未发现下架公告或原因）,有依据标下架
GHLS-54,GHLS-54,GHLS,asiamonstr; gap,GHLS-54 Heroine Writhe in Pain,,"May 27, 2020",,https://www.asiamonstr.com/giga/ghls-54-heroine-writhe-in-pain-hana-misora.html,https://www.giga-web.jp/db_titles/ghls/ghls54/pac_s.jpg,,not_found_in_complete_directory; official_asset_head_200,2026-09-12T21:44:31+08:00,确认官方下架,完整官网目录扫描未收录；官网域名下对应历史封面仍返回图像，确认该作品曾有官方记录且现已从目录移除（未发现下架公告或原因）,有依据标下架
GHLS-55,GHLS-55,GHLS,asiamonstr; gap,GHLS-55 Beautiful Brave Woman Vehement Mask Sisters,,"June 9, 2020",,https://www.asiamonstr.com/giga/ghls-55-beautiful-brave-woman-vehement-mask-sisters-hikari-sakuraba.html,https://www.giga-web.jp/db_titles/ghls/ghls55/pac_s.jpg,,not_found_in_complete_directory; official_asset_head_200,2026-09-12T21:44:31+08:00,确认官方下架,完整官网目录扫描未收录；官网域名下对应历史封面仍返回图像，确认该作品曾有官方记录且现已从目录移除（未发现下架公告或原因）,有依据标下架
GHLS-57,GHLS-57,GHLS,asiamonstr; gap; historical-catalog; historical-link-index; history,GHLS-57 Female Combatant Polymer,2020-06-26,"May 29, 2020",,https://www.asiamonstr.com/giga/ghls-57-female-combatant-polymer.html,https://www.giga-web.jp/db_titles/ghls/ghls57/pac_s.jpg,0f1fe95ab25224f11cfd8fe304a3ed14a4fdd3ec:public/data/catalog.json; 8104579b6cc7411748b1685868af22e5b8d0dd77:public/data/catalog.json; D:\giga-catalog\data.json:video 928; D:\giga-catalog\links.json:key GHLS-57; b2f7a3e714bd49d9fa8c262d4460ce09c5286ec0:public/data/catalog.json; b8c1609c6eab57a96d6486d18175d4ee1c52d257:public/data/catalog.json; fb07a3ad9a69a3a57c96eab4405e1d5f45c507ed:public/data/catalog.json,not_found_in_complete_directory; official_asset_head_200,2026-09-12T21:44:32+08:00,确认官方下架,完整官网目录扫描未收录；官网域名下对应历史封面仍返回图像，确认该作品曾有官方记录且现已从目录移除（未发现下架公告或原因）,有依据标下架
GHLS-70,GHLS-70,GHLS,asiamonstr; gap,GHLS-70 Legenmirror -The Evil God Surrender,,"July 3, 2020",,https://www.asiamonstr.com/giga/ghls-70-legenmirror-the-evil-god-surrender-touka-rinne-mitsuki-nagisa-yuha-kiriyama.html,https://www.giga-web.jp/db_titles/ghls/ghls70/pac_s.jpg,,not_found_in_complete_directory; official_asset_head_200,2026-09-12T21:44:32+08:00,确认官方下架,完整官网目录扫描未收录；官网域名下对应历史封面仍返回图像，确认该作品曾有官方记录且现已从目录移除（未发现下架公告或原因）,有依据标下架
GHLS-73,GHLS-73,GHLS,asiamonstr; gap,GHLS-73 Saint Force Memories.2 -Holy Women’s Unknown,,"July 17, 2020",,https://www.asiamonstr.com/giga/ghls-73-saint-force-memories-2-holy-womens-unknown-defects-misato-nonomiya-akari-niimura.html,https://www.giga-web.jp/db_titles/ghls/ghls73/pac_s.jpg,,not_found_in_complete_directory; official_asset_head_200,2026-09-12T21:44:32+08:00,确认官方下架,完整官网目录扫描未收录；官网域名下对应历史封面仍返回图像，确认该作品曾有官方记录且现已从目录移除（未发现下架公告或原因）,有依据标下架
GHLS-83,GHLS-83,GHLS,asiamonstr; gap; historical-catalog; historical-link-index; history,GHLS-83 Low-Ranking Female Corp,2020-08-28,"July 31, 2020",,https://www.asiamonstr.com/giga/ghls-83-low-ranking-female-corp.html,https://www.giga-web.jp/db_titles/ghls/ghls83/pac_s.jpg,0f1fe95ab25224f11cfd8fe304a3ed14a4fdd3ec:public/data/catalog.json; 8104579b6cc7411748b1685868af22e5b8d0dd77:public/data/catalog.json; D:\giga-catalog\data.json:video 952; D:\giga-catalog\links.json:key GHLS-83; b2f7a3e714bd49d9fa8c262d4460ce09c5286ec0:public/data/catalog.json; b8c1609c6eab57a96d6486d18175d4ee1c52d257:public/data/catalog.json; fb07a3ad9a69a3a57c96eab4405e1d5f45c507ed:public/data/catalog.json,not_found_in_complete_directory; official_asset_head_200,2026-09-12T21:44:33+08:00,确认官方下架,完整官网目录扫描未收录；官网域名下对应历史封面仍返回图像，确认该作品曾有官方记录且现已从目录移除（未发现下架公告或原因）,有依据标下架
GHLS-84,GHLS-84,GHLS,asiamonstr; gap,GHLS-84 Sexy Mask -The Tower of Disgrace,,"August 24, 2020",,https://www.asiamonstr.com/giga/ghls-84-sexy-mask-the-tower-of-disgrace-misato-nonomiya.html,https://www.giga-web.jp/db_titles/ghls/ghls84/pac_s.jpg,,not_found_in_complete_directory; official_asset_head_200,2026-09-12T21:44:33+08:00,确认官方下架,完整官网目录扫描未收录；官网域名下对应历史封面仍返回图像，确认该作品曾有官方记录且现已从目录移除（未发现下架公告或原因）,有依据标下架
GHLS-86,GHLS-86,GHLS,asiamonstr; gap,GHLS-86 Spandexer Neo Zero -Spandexer and the Body Stigma-,,"August 21, 2020",,https://www.asiamonstr.com/giga/ghls-86-spandexer-neo-zero-spandexer-and-the-body-stigma-touka-rinne.html,https://www.giga-web.jp/db_titles/ghls/ghls86/pac_s.jpg,,not_found_in_complete_directory; official_asset_head_200,2026-09-12T21:44:33+08:00,确认官方下架,完整官网目录扫描未收录；官网域名下对应历史封面仍返回图像，确认该作品曾有官方记录且现已从目录移除（未发现下架公告或原因）,有依据标下架
GHLS-9,GHLS-09,GHLS,asiamonstr; gap,GHLS-09 Night Fever V – Ms. Exceed -Incomplete Transformation,,"January 29, 2020",,https://www.asiamonstr.com/giga/ghls-09-night-fever-v-ms-exceed-incomplete-transformation-insult-hana-misora.html,https://www.giga-web.jp/db_titles/ghls/ghls09/pac_s.jpg,,not_found_in_complete_directory; official_asset_head_200,2026-09-12T21:44:33+08:00,确认官方下架,完整官网目录扫描未收录；官网域名下对应历史封面仍返回图像，确认该作品曾有官方记录且现已从目录移除（未发现下架公告或原因）,有依据标下架
GHLS-97,GHLS-97,GHLS,asiamonstr; gap,GHLS-97 The Memorial Movie of 25th Anniversary 11 -Sailor Mermaid & Dark Pink -Vorarephilia Hell,,"September 19, 2020",,https://www.asiamonstr.com/giga/ghls-97-the-memorial-movie-of-25th-anniversary-11-sailor-mermaid-dark-pink-vorarephilia-hell-ai-kawana-hana-misora.html,https://www.giga-web.jp/db_titles/ghls/ghls97/pac_s.jpg,,not_found_in_complete_directory; official_asset_head_200,2026-09-12T21:44:34+08:00,确认官方下架,完整官网目录扫描未收录；官网域名下对应历史封面仍返回图像，确认该作品曾有官方记录且现已从目录移除（未发现下架公告或原因）,有依据标下架
GHMT-26,GHMT-26,GHMT,asiamonstr; gap; historical-catalog; historical-link-index; history,GHMT-26 METHOROUS,2021-01-08,"December 18, 2020",,https://www.asiamonstr.com/giga/ghmt-26-methorous.html,https://www.giga-web.jp/db_titles/ghmt/ghmt26/pac_s.jpg,0f1fe95ab25224f11cfd8fe304a3ed14a4fdd3ec:public/data/catalog.json; 8104579b6cc7411748b1685868af22e5b8d0dd77:public/data/catalog.json; D:\giga-catalog\data.json:video 810; D:\giga-catalog\links.json:key GHMT-26; b2f7a3e714bd49d9fa8c262d4460ce09c5286ec0:public/data/catalog.json; b8c1609c6eab57a96d6486d18175d4ee1c52d257:public/data/catalog.json; fb07a3ad9a69a3a57c96eab4405e1d5f45c507ed:public/data/catalog.json,not_found_in_complete_directory; official_asset_head_200,2026-09-12T21:44:34+08:00,确认官方下架,完整官网目录扫描未收录；官网域名下对应历史封面仍返回图像，确认该作品曾有官方记录且现已从目录移除（未发现下架公告或原因）,有依据标下架
GHMT-35,GHMT-35,GHMT,asiamonstr; gap,GHMT-35 Superheroine Domination Hell 47 -Attack of The Split Alien,,"January 15, 2021",,https://www.asiamonstr.com/giga/ghmt-35-superheroine-domination-hell-47-attack-of-the-split-alien.html,https://www.giga-web.jp/db_titles/ghmt/ghmt35/pac_s.jpg,,not_found_in_complete_directory; official_asset_head_200,2026-09-12T21:44:34+08:00,确认官方下架,完整官网目录扫描未收录；官网域名下对应历史封面仍返回图像，确认该作品曾有官方记录且现已从目录移除（未发现下架公告或原因）,有依据标下架
GHMT-45,GHMT-45,GHMT,asiamonstr; gap; historical-catalog; historical-link-index; history,GHMT-45 Legenmirror Episode 17 “Untransformable! Blue Fenril! Beautiful Fighters Fierce Pinch”,2021-02-26,"January 29, 2021",,https://www.asiamonstr.com/giga/ghmt-45-legenmirror-episode-17-untransformable-blue-fenril-beautiful-fighters-fierce-pinch.html,https://www.giga-web.jp/db_titles/ghmt/ghmt45/pac_s.jpg,0f1fe95ab25224f11cfd8fe304a3ed14a4fdd3ec:public/data/catalog.json; 8104579b6cc7411748b1685868af22e5b8d0dd77:public/data/catalog.json; D:\giga-catalog\data.json:video 828; D:\giga-catalog\links.json:key GHMT-45; b2f7a3e714bd49d9fa8c262d4460ce09c5286ec0:public/data/catalog.json; b8c1609c6eab57a96d6486d18175d4ee1c52d257:public/data/catalog.json; fb07a3ad9a69a3a57c96eab4405e1d5f45c507ed:public/data/catalog.json,not_found_in_complete_directory; official_asset_head_200,2026-09-12T21:44:35+08:00,确认官方下架,完整官网目录扫描未收录；官网域名下对应历史封面仍返回图像，确认该作品曾有官方记录且现已从目录移除（未发现下架公告或原因）,有依据标下架
GHMT-53,GHMT-53,GHMT,asiamonstr; gap,GHMT-53 Mrs. Milkredible -Celeb Heroine Possessed by God of Poverty-,,"March 9, 2021",,https://www.asiamonstr.com/giga/ghmt-53-mrs-milkredible-celeb-heroine-possessed-by-god-of-poverty.html,https://www.giga-web.jp/db_titles/ghmt/ghmt53/pac_s.jpg,,not_found_in_complete_directory; official_asset_head_200,2026-09-12T21:44:35+08:00,确认官方下架,完整官网目录扫描未收录；官网域名下对应历史封面仍返回图像，确认该作品曾有官方记录且现已从目录移除（未发现下架公告或原因）,有依据标下架
GHMT-60,GHMT-60,GHMT,asiamonstr; gap,GHMT-60 Sailor Aquas Brainwash -The Last Day of Sailor Diore,,"March 23, 2021",,https://www.asiamonstr.com/giga/ghmt-60-sailor-aquas-brainwash-the-last-day-of-sailor-diore.html,https://www.giga-web.jp/db_titles/ghmt/ghmt60/pac_s.jpg,,not_found_in_complete_directory; official_asset_head_200,2026-09-12T21:44:35+08:00,确认官方下架,完整官网目录扫描未收录；官网域名下对应历史封面仍返回图像，确认该作品曾有官方记录且现已从目录移除（未发现下架公告或原因）,有依据标下架
GHMT-66,GHMT-66,GHMT,asiamonstr; gap,GHMT-66 Magical Holy Fighter Fontaine Slender -Super Slender and Beautiful Girl Fighter Fainting Ecstasy-,,"April 2, 2021",,https://www.asiamonstr.com/giga/ghmt-66-magical-holy-fighter-fontaine-slender-super-slender-and-beautiful-girl-fighter-fainting-ecstasy.html,https://www.giga-web.jp/db_titles/ghmt/ghmt66/pac_s.jpg,,not_found_in_complete_directory; official_asset_head_200,2026-09-12T21:44:36+08:00,确认官方下架,完整官网目录扫描未收录；官网域名下对应历史封面仍返回图像，确认该作品曾有官方记录且现已从目录移除（未发现下架公告或原因）,有依据标下架
GHMT-69,GHMT-69,GHMT,asiamonstr; gap,GHMT-69 Star Shine,,"March 31, 2021",,https://www.asiamonstr.com/giga/ghmt-69-star-shine.html,https://www.giga-web.jp/db_titles/ghmt/ghmt69/pac_s.jpg,,not_found_in_complete_directory; official_asset_head_200,2026-09-12T21:44:36+08:00,确认官方下架,完整官网目录扫描未收录；官网域名下对应历史封面仍返回图像，确认该作品曾有官方记录且现已从目录移除（未发现下架公告或原因）,有依据标下架
GHMT-71,GHMT-71,GHMT,asiamonstr; gap,GHMT-71 Magnaman -Targeted Magna Pink and Magna Yellow –,,"March 26, 2021",,https://www.asiamonstr.com/giga/ghmt-71-magnaman-targeted-magna-pink-and-magna-yellow-development-plan-of-magna-hunter.html,https://www.giga-web.jp/db_titles/ghmt/ghmt71/pac_s.jpg,,not_found_in_complete_directory; official_asset_head_200,2026-09-12T21:44:36+08:00,确认官方下架,完整官网目录扫描未收录；官网域名下对应历史封面仍返回图像，确认该作品曾有官方记录且现已从目录移除（未发现下架公告或原因）,有依据标下架
GHNU-3,GHNU-03; GHNU-3,GHNU,asiamonstr; gap; historical-catalog; historical-link-index; history,GHNU-03 Beautiful Witch Girl Fontaine -The Trap of Fake Fontaine-,2021-07-23,"July 2, 2021",,https://www.asiamonstr.com/giga/ghnu-03-beautiful-witch-girl-fontaine-the-trap-of-fake-fontaine.html,https://www.giga-web.jp/db_titles/ghnu/ghnu03/pac_s.jpg,0f1fe95ab25224f11cfd8fe304a3ed14a4fdd3ec:public/data/catalog.json; 8104579b6cc7411748b1685868af22e5b8d0dd77:public/data/catalog.json; D:\giga-catalog\data.json:video 689; D:\giga-catalog\links.json:key GHNU-03; b2f7a3e714bd49d9fa8c262d4460ce09c5286ec0:public/data/catalog.json; b8c1609c6eab57a96d6486d18175d4ee1c52d257:public/data/catalog.json; fb07a3ad9a69a3a57c96eab4405e1d5f45c507ed:public/data/catalog.json,not_found_in_complete_directory; official_asset_head_200,2026-09-12T21:44:37+08:00,确认官方下架,完整官网目录扫描未收录；官网域名下对应历史封面仍返回图像，确认该作品曾有官方记录且现已从目录移除（未发现下架公告或原因）,有依据标下架
GHNU-80,GHNU-80,GHNU,asiamonstr; gap,GHNU-80 Heroine Drunk and Lecherous Fall -Pure Sailor’s Evil Alcohol Seduction-,,"January 21, 2022",,https://www.asiamonstr.com/giga/ghnu-80-heroine-drunk-and-lecherous-fall-pure-sailors-evil-alcohol-seduction.html,https://www.giga-web.jp/db_titles/ghnu/ghnu80/pac_s.jpg,,not_found_in_complete_directory; official_asset_head_200,2026-09-12T21:44:37+08:00,确认官方下架,完整官网目录扫描未收录；官网域名下对应历史封面仍返回图像，确认该作品曾有官方记录且现已从目录移除（未发现下架公告或原因）,有依据标下架
GHOR-10,GHOR-10,GHOR,asiamonstr; gap,GHOR-10 Amira,,"February 25, 2016",,https://www.asiamonstr.com/giga/ghor-10-amira-iroha-seino.html,https://www.giga-web.jp/db_titles/ghor/ghor10/pac_s.jpg,,not_found_in_complete_directory; official_asset_head_200,2026-09-12T21:44:37+08:00,确认官方下架,完整官网目录扫描未收录；官网域名下对应历史封面仍返回图像，确认该作品曾有官方记录且现已从目录移除（未发现下架公告或原因）,有依据标下架
GHOR-2,GHOR-02,GHOR,asiamonstr; gap,GHOR-02 Heroine Twisty Bondage,,"January 20, 2016",,https://www.asiamonstr.com/giga/ghor-02-heroine-twisty-bondage-asuka-hanai-nozomi-haduki.html,https://www.giga-web.jp/db_titles/ghor/ghor02/pac_s.jpg,,not_found_in_complete_directory; official_asset_head_200,2026-09-12T21:44:38+08:00,确认官方下架,完整官网目录扫描未收录；官网域名下对应历史封面仍返回图像，确认该作品曾有官方记录且现已从目录移除（未发现下架公告或原因）,有依据标下架
GHOR-26,GHOR-26,GHOR,asiamonstr; gap,GHOR-26 Galaxy Investigator Daytona Pink,,"March 27, 2016",,https://www.asiamonstr.com/giga/ghor-26-galaxy-investigator-daytona-pink-in-the-ensuing-five-months-yurina-ayashiro.html,https://www.giga-web.jp/db_titles/ghor/ghor26/pac_s.jpg,,not_found_in_complete_directory; official_asset_head_200,2026-09-12T21:44:38+08:00,确认官方下架,完整官网目录扫描未收录；官网域名下对应历史封面仍返回图像，确认该作品曾有官方记录且现已从目录移除（未发现下架公告或原因）,有依据标下架
GHOR-30,GHOR-30,GHOR,asiamonstr; gap,GHOR-30 Making an Adorable Heroine Your Slave Ⅴ,,"April 17, 2016",,https://www.asiamonstr.com/giga/ghor-30-making-adorable-heroine-slave-mao-shirakawa-haru-kataoka.html,https://www.giga-web.jp/db_titles/ghor/ghor30/pac_s.jpg,,not_found_in_complete_directory; official_asset_head_200,2026-09-12T21:44:38+08:00,确认官方下架,完整官网目录扫描未收录；官网域名下对应历史封面仍返回图像，确认该作品曾有官方记录且现已从目录移除（未发现下架公告或原因）,有依据标下架
GHOR-32,GHOR-32,GHOR,asiamonstr; gap,GHOR-32 Heroine Lesbian SM -Two Female Benevolent thief-,,"April 7, 2016",,https://www.asiamonstr.com/giga/ghor-32-heroine-lesbian-sm-two-female-benevolent-thief-mai-tamaki-mirei-yokoyama.html,https://www.giga-web.jp/db_titles/ghor/ghor32/pac_s.jpg,,not_found_in_complete_directory; official_asset_head_200,2026-09-12T21:44:39+08:00,确认官方下架,完整官网目录扫描未收录；官网域名下对应历史封面仍返回图像，确认该作品曾有官方记录且现已从目录移除（未发现下架公告或原因）,有依据标下架
GHOR-37,GHOR-37,GHOR,asiamonstr; gap,GHOR-37 Witch Angel Magical Mask -The Second Nightmare-,,"April 29, 2016",,https://www.asiamonstr.com/giga/ghor-37-witch-angel-magical-mask-second-nightmare-runa-suzumori.html,,,not_found_in_complete_directory,2026-09-12T17:52:16+08:00,历史条目，状态待核实,外部或历史来源明确记载，但当前官方状态未获确认,仍需核实
GHOR-47,GHOR-47,GHOR,asiamonstr; gap,GHOR-47 Making an Adorable Heroine Your Slave 3 REMAKE,,"May 12, 2016",,https://www.asiamonstr.com/giga/ghor-47-making-adorable-heroine-slave-3-remake-nana-ninomiya-shiori-anzai.html,https://www.giga-web.jp/db_titles/ghor/ghor47/pac_s.jpg,,not_found_in_complete_directory; official_asset_head_200,2026-09-12T21:44:40+08:00,确认官方下架,完整官网目录扫描未收录；官网域名下对应历史封面仍返回图像，确认该作品曾有官方记录且现已从目录移除（未发现下架公告或原因）,有依据标下架
GHOR-69,GHOR-69,GHOR,asiamonstr; gap,GHOR-69 Rescue Heroine Five Laser,,"July 13, 2016",,https://www.asiamonstr.com/giga/ghor-69-rescue-heroine-five-laser-maki-hoshikawa.html,https://www.giga-web.jp/db_titles/ghor/ghor69/pac_s.jpg,,not_found_in_complete_directory; official_asset_head_200,2026-09-12T21:44:41+08:00,确认官方下架,完整官网目录扫描未收录；官网域名下对应历史封面仍返回图像，确认该作品曾有官方记录且现已从目录移除（未发现下架公告或原因）,有依据标下架
GHOR-72,GHOR-72,GHOR,asiamonstr; gap,GHOR-72 Heroine Twisty Bondage Bird 3,,"July 29, 2016",,https://www.asiamonstr.com/giga/ghor-72-heroine-twisty-bondage-ally-nanami-aoi-bird-3-arisa-seina.html,https://www.giga-web.jp/db_titles/ghor/ghor72/pac_s.jpg,,not_found_in_complete_directory; official_asset_head_200,2026-09-12T21:44:41+08:00,确认官方下架,完整官网目录扫描未收录；官网域名下对应历史封面仍返回图像，确认该作品曾有官方记录且现已从目录移除（未发现下架公告或原因）,有依据标下架
GHOR-73,GHOR-73,GHOR,asiamonstr; gap,GHOR-73 Vehement Mask Apprentice -The First Battle-,,"July 30, 2016",,https://www.asiamonstr.com/giga/ghor-73-vehement-mask-apprentice-first-battle-yuri-momose.html,https://www.giga-web.jp/db_titles/ghor/ghor73/pac_s.jpg,,not_found_in_complete_directory; official_asset_head_200,2026-09-12T21:44:41+08:00,确认官方下架,完整官网目录扫描未收录；官网域名下对应历史封面仍返回图像，确认该作品曾有官方记录且现已从目录移除（未发现下架公告或原因）,有依据标下架
GHOR-75,GHOR-75,GHOR,asiamonstr; gap,GHOR-75 Female Commander Perfect Training,,"August 24, 2016",,https://www.asiamonstr.com/giga/ghor-75-female-commander-perfect-training-haruna-ikoma-aya-miyazaki.html,https://www.giga-web.jp/db_titles/ghor/ghor75/pac_s.jpg,,not_found_in_complete_directory; official_asset_head_200,2026-09-12T21:44:42+08:00,确认官方下架,完整官网目录扫描未收录；官网域名下对应历史封面仍返回图像，确认该作品曾有官方记录且现已从目录移除（未发现下架公告或原因）,有依据标下架
GHOR-79,GHOR-79,GHOR,asiamonstr; gap,GHOR-79 Judicial Heroine Judgelia,,"August 24, 2016",,https://www.asiamonstr.com/giga/ghor-79-judicial-heroine-judgelia-ai-tsukimoto-shijimi.html,https://www.giga-web.jp/db_titles/ghor/ghor79/pac_s.jpg,,not_found_in_complete_directory; official_asset_head_200,2026-09-12T21:44:42+08:00,确认官方下架,完整官网目录扫描未收录；官网域名下对应历史封面仍返回图像，确认该作品曾有官方记录且现已从目录移除（未发现下架公告或原因）,有依据标下架
GHOR-8,GHOR-08,GHOR,asiamonstr; gap,GHOR-08 Heroine Cutie Battle Pink Feather VS Evil Lady,,"February 18, 2016",,https://www.asiamonstr.com/giga/ghor-08-heroine-cutie-battle-pink-feather-vs-evil-lady-hitomi-maisaka-miori-hara.html,https://www.giga-web.jp/db_titles/ghor/ghor08/pac_s.jpg,,not_found_in_complete_directory; official_asset_head_200,2026-09-12T21:44:42+08:00,确认官方下架,完整官网目录扫描未收录；官网域名下对应历史封面仍返回图像，确认该作品曾有官方记录且现已从目录移除（未发现下架公告或原因）,有依据标下架
GHPM-1,GHPM-01,GHPM,asiamonstr,GHPM-01 Triple Soldier,,"June 14, 2015",,https://www.asiamonstr.com/giga/ghpm-01-triple-soldier-an-mizuki.html,https://www.giga-web.jp/db_titles/ghpm/ghpm01/pac_s.jpg,,not_found_in_complete_directory; official_asset_head_200,2026-09-12T21:44:43+08:00,确认官方下架,完整官网目录扫描未收录；官网域名下对应历史封面仍返回图像，确认该作品曾有官方记录且现已从目录移除（未发现下架公告或原因）,有依据标下架
GHPM-12,GHPM-12,GHPM,asiamonstr; gap,GHPM-12 Fantastic Ai,,"July 19, 2015",,https://www.asiamonstr.com/giga/ghpm-12-fantastic-ai-ai-uehara.html,https://www.giga-web.jp/db_titles/ghpm/ghpm12/pac_s.jpg,,not_found_in_complete_directory; official_asset_head_200,2026-09-12T21:44:43+08:00,确认官方下架,完整官网目录扫描未收录；官网域名下对应历史封面仍返回图像，确认该作品曾有官方记录且现已从目录移除（未发现下架公告或原因）,有依据标下架
GHPM-30,GHPM-30,GHPM,asiamonstr; gap,GHPM-30 Non-Transforming Heroine Diana,,"August 15, 2015",,https://www.asiamonstr.com/giga/ghpm-30-non-transforming-heroine-diana-ai-uehara.html,https://www.giga-web.jp/db_titles/ghpm/ghpm30/pac_s.jpg,,not_found_in_complete_directory; official_asset_head_200,2026-09-12T21:44:43+08:00,确认官方下架,完整官网目录扫描未收录；官网域名下对应历史封面仍返回图像，确认该作品曾有官方记录且现已从目录移除（未发现下架公告或原因）,有依据标下架
GHPM-38,GHPM-38,GHPM,asiamonstr; gap,"GHPM-38 Heroine 4 Short Episode – Sexy Mask, Fontaine",,"August 26, 2015",,https://www.asiamonstr.com/giga/ghpm-38-heroine-4-short-episode-sexy-mask-fontaine-sailor-forte-yui-misaki-miori-hara-hitomi-maisaka.html,https://www.giga-web.jp/db_titles/ghpm/ghpm38/pac_s.jpg,,not_found_in_complete_directory; official_asset_head_200,2026-09-12T21:44:44+08:00,确认官方下架,完整官网目录扫描未收录；官网域名下对应历史封面仍返回图像，确认该作品曾有官方记录且现已从目录移除（未发现下架公告或原因）,有依据标下架
GHPM-41,GHPM-41,GHPM,asiamonstr; gap,GHPM-41 Tied Up Heroine –Wonder Lady,,"September 6, 2015",,https://www.asiamonstr.com/giga/ghpm-41-tied-up-heroine-wonder-lady-reiko-kobayakawa.html,https://www.giga-web.jp/db_titles/ghpm/ghpm41/pac_s.jpg,,not_found_in_complete_directory; official_asset_head_200,2026-09-12T21:44:44+08:00,确认官方下架,完整官网目录扫描未收录；官网域名下对应历史封面仍返回图像，确认该作品曾有官方记录且现已从目录移除（未发现下架公告或原因）,有依据标下架
GHPM-50,GHPM-50,GHPM,asiamonstr; gap,GHPM-50 Sailor Gemini Premier and Aquas Insult Part,,"September 20, 2015",,https://www.asiamonstr.com/giga/ghpm-50-sailor-gemini-premier-and-aquas-insult-part-airu-minami-emiri-takayama.html,https://www.giga-web.jp/db_titles/ghpm/ghpm50/pac_s.jpg,,not_found_in_complete_directory; official_asset_head_200,2026-09-12T21:44:44+08:00,确认官方下架,完整官网目录扫描未收录；官网域名下对应历史封面仍返回图像，确认该作品曾有官方记录且现已从目录移除（未发现下架公告或原因）,有依据标下架
GHPM-64,GHPM-64,GHPM,asiamonstr; gap,GHPM-64 Heroine Twisty Bondage Sailor Heroines Sailor Angelina,,"November 3, 2015",,https://www.asiamonstr.com/giga/ghpm-64-heroine-twisty-bondage-sailor-heroines-sailor-angelina-sailor-mask-aurora-jewel-princess-rina-utimura.html,https://www.giga-web.jp/db_titles/ghpm/ghpm64/pac_s.jpg,,not_found_in_complete_directory; official_asset_head_200,2026-09-12T21:44:45+08:00,确认官方下架,完整官网目录扫描未收录；官网域名下对应历史封面仍返回图像，确认该作品曾有官方记录且现已从目录移除（未发现下架公告或原因）,有依据标下架
GHPM-78,GHPM-78,GHPM,asiamonstr; gap,GHPM-78 Heroine Twisty Bondage Miss Heart,,"November 26, 2015",,https://www.asiamonstr.com/giga/ghpm-78-heroine-twisty-bondage-miss-heart-nozomi-haduki.html,https://www.giga-web.jp/db_titles/ghpm/ghpm78/pac_s.jpg,,not_found_in_complete_directory; official_asset_head_200,2026-09-12T21:44:45+08:00,确认官方下架,完整官网目录扫描未收录；官网域名下对应历史封面仍返回图像，确认该作品曾有官方记录且现已从目录移除（未发现下架公告或原因）,有依据标下架
GHPM-8,GHPM-08,GHPM,asiamonstr; gap,GHPM-08 Heroine Twisty Bondage,,"July 6, 2015",,https://www.asiamonstr.com/giga/ghpm-08-heroine-twisty-bondage-nozomi-haduki.html,https://www.giga-web.jp/db_titles/ghpm/ghpm08/pac_s.jpg,,not_found_in_complete_directory; official_asset_head_200,2026-09-12T21:44:45+08:00,确认官方下架,完整官网目录扫描未收录；官网域名下对应历史封面仍返回图像，确认该作品曾有官方记录且现已从目录移除（未发现下架公告或原因）,有依据标下架
GHPM-89,GHPM-89,GHPM,asiamonstr; gap,GHPM-89 Heroine Twisty Bondage Beautiful Brave Woman,,"December 26, 2015",,https://www.asiamonstr.com/giga/ghpm-89-heroine-twisty-bondage-beautiful-brave-woman-vehement-mask-red-and-white-rina-utimura.html,https://www.giga-web.jp/db_titles/ghpm/ghpm89/pac_s.jpg,,not_found_in_complete_directory; official_asset_head_200,2026-09-12T21:44:46+08:00,确认官方下架,完整官网目录扫描未收录；官网域名下对应历史封面仍返回图像，确认该作品曾有官方记录且现已从目录移除（未发现下架公告或原因）,有依据标下架
GHPM-98,GHPM-98,GHPM,asiamonstr; gap,GHPM-98 Black Dress Temptation Vol.9 Beautiful Mask Aurora,,"January 24, 2016",,https://www.asiamonstr.com/giga/ghpm-98-black-dress-temptation-vol-9-beautiful-mask-aurora-fairy-and-wind-emiri-takayama-mai-tamaki.html,https://www.giga-web.jp/db_titles/ghpm/ghpm98/pac_s.jpg,,not_found_in_complete_directory; official_asset_head_200,2026-09-12T21:44:46+08:00,确认官方下架,完整官网目录扫描未收录；官网域名下对应历史封面仍返回图像，确认该作品曾有官方记录且现已从目录移除（未发现下架公告或原因）,有依据标下架
GIGP-12,GIGP-12,GIGP,asiamonstr; gap,GIGP-12 Spandexer -Extra Domination-,,"October 24, 2019",,https://www.asiamonstr.com/giga/gigp-12-spandexer-extra-domination-rina-otomi.html,https://www.giga-web.jp/db_titles/gigp/gigp12/pac_s.jpg,,not_found_in_complete_directory; official_asset_head_200,2026-09-12T21:44:46+08:00,确认官方下架,完整官网目录扫描未收录；官网域名下对应历史封面仍返回图像，确认该作品曾有官方记录且现已从目录移除（未发现下架公告或原因）,有依据标下架
GIGP-19,GIGP-19,GIGP,asiamonstr; gap,GIGP-19 Sexy Mask -Seven Perverts,,"October 27, 2020",,https://www.asiamonstr.com/giga/gigp-19-sexy-mask-seven-perverts-misato-nonomiya.html,https://www.giga-web.jp/db_titles/gigp/gigp19/pac_s.jpg,,not_found_in_complete_directory; official_asset_head_200,2026-09-12T21:44:47+08:00,确认官方下架,完整官网目录扫描未收录；官网域名下对应历史封面仍返回图像，确认该作品曾有官方记录且现已从目录移除（未发现下架公告或原因）,有依据标下架
GIGP-22,GIGP-22,GIGP,asiamonstr; gap; historical-catalog; historical-link-index; history,GIGP-22 Sailor Tifana and Melius -Sexually Corrupted Sailor Suit,2020-11-27,"November 5, 2020",,https://www.asiamonstr.com/giga/gigp-22-sailor-tifana-and-melius-sexually-corrupted-sailor-suit-mitsuki-nagisa-mio-ichijyo.html,https://www.giga-web.jp/db_titles/gigp/gigp22/pac_s.jpg,0f1fe95ab25224f11cfd8fe304a3ed14a4fdd3ec:public/data/catalog.json; 8104579b6cc7411748b1685868af22e5b8d0dd77:public/data/catalog.json; D:\giga-catalog\data.json:video 1115; D:\giga-catalog\links.json:key GIGP-22; b2f7a3e714bd49d9fa8c262d4460ce09c5286ec0:public/data/catalog.json; b8c1609c6eab57a96d6486d18175d4ee1c52d257:public/data/catalog.json; fb07a3ad9a69a3a57c96eab4405e1d5f45c507ed:public/data/catalog.json,not_found_in_complete_directory; official_asset_head_200,2026-09-12T21:44:47+08:00,确认官方下架,完整官网目录扫描未收录；官网域名下对应历史封面仍返回图像，确认该作品曾有官方记录且现已从目录移除（未发现下架公告或原因）,有依据标下架
GIGP-4,GIGP-04,GIGP,asiamonstr; gap,"GIGP-04 Evil Female Cadre Wizabell Reika Hashimoto, Yua Nanami",,"October 31, 2018",,https://www.asiamonstr.com/giga/gigp-04-evil-female-cadre-wizabell-reika-hashimoto-yua-nanami.html,https://www.giga-web.jp/db_titles/gigp/gigp04/pac_s.jpg,,not_found_in_complete_directory; official_asset_head_200,2026-09-12T21:44:47+08:00,确认官方下架,完整官网目录扫描未收录；官网域名下对应历史封面仍返回图像，确认该作品曾有官方记录且现已从目录移除（未发现下架公告或原因）,有依据标下架
GIGP-5,GIGP-05,GIGP,asiamonstr; gap,"GIGP-05 U.S.A. Super Heroine -Accel Girl VS Dyna Woman Miki Sunohara, Hana Misora",,"November 3, 2018",,https://www.asiamonstr.com/giga/gigp-05-u-s-a-super-heroine-accel-girl-vs-dyna-woman-miki-sunohara-hana-misora.html,https://www.giga-web.jp/db_titles/gigp/gigp05/pac_s.jpg,,not_found_in_complete_directory; official_asset_head_200,2026-09-12T21:44:48+08:00,确认官方下架,完整官网目录扫描未收录；官网域名下对应历史封面仍返回图像，确认该作品曾有官方记录且现已从目录移除（未发现下架公告或原因）,有依据标下架
GIGP-8,GIGP-08,GIGP,asiamonstr; gap,GIGP-08 Power Lady2 -Stolen Love Juice! Heroine Incest Plan! Misato Nonomiya,,"November 3, 2018",,https://www.asiamonstr.com/giga/gigp-08-power-lady2-stolen-love-juice-heroine-incest-plan-misato-nonomiya.html,https://www.giga-web.jp/db_titles/gigp/gigp08/pac_s.jpg,,not_found_in_complete_directory; official_asset_head_200,2026-09-12T21:44:48+08:00,确认官方下架,完整官网目录扫描未收录；官网域名下对应历史封面仍返回图像，确认该作品曾有官方记录且现已从目录移除（未发现下架公告或原因）,有依据标下架
GIMG-11,GIMG-11,GIMG,asiamonstr; gap,GIMG-11 Heroine Image Factory11 Marvelous Mask,,"November 1, 2017",,https://www.asiamonstr.com/giga/gimg-11-heroine-image-factory11-marvelous-mask-shizuku-hasegawa.html,https://www.giga-web.jp/db_titles/gimg/gimg11/pac_s.jpg,,not_found_in_complete_directory; official_asset_head_200,2026-09-12T21:44:48+08:00,确认官方下架,完整官网目录扫描未收录；官网域名下对应历史封面仍返回图像，确认该作品曾有官方记录且现已从目录移除（未发现下架公告或原因）,有依据标下架
GIMG-13,GIMG-13,GIMG,asiamonstr; gap,GIMG-13 Heroine Image Factory Daytona Pink,,"September 16, 2015",,https://www.asiamonstr.com/giga/gimg-13-heroine-image-factory-daytona-pink-yurina-ayashiro.html,https://www.giga-web.jp/db_titles/gimg/gimg13/pac_s.jpg,,not_found_in_complete_directory; official_asset_head_200,2026-09-12T21:44:49+08:00,确认官方下架,完整官网目录扫描未收录；官网域名下对应历史封面仍返回图像，确认该作品曾有官方记录且现已从目录移除（未发现下架公告或原因）,有依据标下架
GIMG-16,GIMG-16,GIMG,asiamonstr; gap,"GIMG-16 Heroine Image Factory16 Rui, the Attractive Investigator An Mizuki",,"December 6, 2017",,https://www.asiamonstr.com/giga/gimg-16-heroine-image-factory16-rui-the-attractive-investigator-an-mizuki.html,,,not_found_in_complete_directory,2026-09-12T17:52:16+08:00,历史条目，状态待核实,外部或历史来源明确记载，但当前官方状态未获确认,仍需核实
GIMG-3,GIMG-03,GIMG,asiamonstr; gap,"GIMG-03 Heroine image factory Sailor sapphire, Saya Aika",,"July 23, 2013",,https://www.asiamonstr.com/giga/gimg-03-heroine-image-factory-sailor-sapphire-saya-aika.html,https://www.giga-web.jp/db_titles/gimg/gimg03/pac_s.jpg,,not_found_in_complete_directory; official_asset_head_200,2026-09-12T21:44:50+08:00,确认官方下架,完整官网目录扫描未收录；官网域名下对应历史封面仍返回图像，确认该作品曾有官方记录且现已从目录移除（未发现下架公告或原因）,有依据标下架
GIMG-30,GIMG-30,GIMG,asiamonstr; gap,GIMG-30 Heroine Image Factory BUSHIDO GIRLS,,"November 16, 2014",,https://www.asiamonstr.com/giga/gimg-30-heroine-image-factory-bushido-girls-fatal-force-the-legend-of-the-fire-eagle-yurina-ayashiro-an-mizuki.html,,,not_found_in_complete_directory,2026-09-12T17:52:16+08:00,历史条目，状态待核实,外部或历史来源明确记载，但当前官方状态未获确认,仍需核实
GIMG-36,GIMG-36,GIMG,asiamonstr; gap,GIMG-36 Heroine Image Factory Kunoichi,,"March 2, 2015",,https://www.asiamonstr.com/giga/gimg-36-heroine-image-factory-kunoichi-chizuru-sakura-akari-nishiyama.html,https://www.giga-web.jp/db_titles/gimg/gimg36/pac_s.jpg,,not_found_in_complete_directory; official_asset_head_200,2026-09-12T21:44:52+08:00,确认官方下架,完整官网目录扫描未收录；官网域名下对应历史封面仍返回图像，确认该作品曾有官方记录且现已从目录移除（未发现下架公告或原因）,有依据标下架
GIMG-43,GIMG-43,GIMG,asiamonstr; gap,GIMG-43 Heroine Image Factory The Fighter Of Love And Peace,,"December 5, 2015",,https://www.asiamonstr.com/giga/gimg-43-heroine-image-factory-the-fighter-of-love-and-peace-aphrodite-hitomi-maisaka.html,https://www.giga-web.jp/db_titles/gimg/gimg43/pac_s.jpg,,not_found_in_complete_directory; official_asset_head_200,2026-09-12T21:44:52+08:00,确认官方下架,完整官网目录扫描未收录；官网域名下对应历史封面仍返回图像，确认该作品曾有官方记录且现已从目录移除（未发现下架公告或原因）,有依据标下架
GIMG-50,GIMG-50,GIMG,asiamonstr; gap,GIMG-50 Heroine Image Factory Daytona Pink,,"June 28, 2016",,https://www.asiamonstr.com/giga/gimg-50-heroine-image-factory-daytona-pink-yurina-ayashiro.html,https://www.giga-web.jp/db_titles/gimg/gimg50/pac_s.jpg,,not_found_in_complete_directory; official_asset_head_200,2026-09-12T21:44:53+08:00,确认官方下架,完整官网目录扫描未收录；官网域名下对应历史封面仍返回图像，确认该作品曾有官方记录且现已从目录移除（未发现下架公告或原因）,有依据标下架
GIMG-65,GIMG-65,GIMG,asiamonstr; gap,GIMG-65 Heroine Image Factory65 Pure Healing,,"October 4, 2017",,https://www.asiamonstr.com/giga/gimg-65-heroine-image-factory65-pure-healing-mia-shizuku.html,https://www.giga-web.jp/db_titles/gimg/gimg65/pac_s.jpg,,not_found_in_complete_directory; official_asset_head_200,2026-09-12T21:44:53+08:00,确认官方下架,完整官网目录扫描未收录；官网域名下对应历史封面仍返回图像，确认该作品曾有官方记录且现已从目录移除（未发现下架公告或原因）,有依据标下架
GIMG-9,GIMG-09,GIMG,asiamonstr; gap,GIMG-09 Heroine Image Factory Beauty God Christina,,"May 28, 2015",,https://www.asiamonstr.com/giga/gimg-09-heroine-image-factory-beauty-god-christina-tomomi-motozawa.html,https://www.giga-web.jp/db_titles/gimg/gimg09/pac_s.jpg,,not_found_in_complete_directory; official_asset_head_200,2026-09-12T21:44:53+08:00,确认官方下架,完整官网目录扫描未收录；官网域名下对应历史封面仍返回图像，确认该作品曾有官方记录且现已从目录移除（未发现下架公告或原因）,有依据标下架
GIRO-27,GIRO-27,GIRO,asiamonstr; gap,GIRO-27 Kaguya the Masked Tramsformer,,"December 3, 2014",,https://www.asiamonstr.com/giga/giro-27-kaguya-masked-tramsformer.html,https://www.giga-web.jp/db_titles/giro/giro27/pac_s.jpg,,not_found_in_complete_directory; official_asset_head_200,2026-09-12T21:44:54+08:00,确认官方下架,完整官网目录扫描未收录；官网域名下对应历史封面仍返回图像，确认该作品曾有官方记录且现已从目录移除（未发现下架公告或原因）,有依据标下架
GIRO-29,GIRO-29,GIRO,asiamonstr; gap,GIRO-29 Heroine Bukkake Torture Sailor Topaz,,"December 4, 2014",,https://www.asiamonstr.com/giga/giro-29-heroine-bukkake-torture-sailor-topaz.html,https://www.giga-web.jp/db_titles/giro/giro29/pac_s.jpg,,not_found_in_complete_directory; official_asset_head_200,2026-09-12T21:44:54+08:00,确认官方下架,完整官网目录扫描未收录；官网域名下对应历史封面仍返回图像，确认该作品曾有官方记录且现已从目录移除（未发现下架公告或原因）,有依据标下架
GIRO-31,GIRO-31,GIRO,asiamonstr; gap,GIRO-31 Heroine Applicant Charge Mermaid,,"November 29, 2014",,https://www.asiamonstr.com/giga/giro-31-heroine-applicant-charge-mermaid.html,https://www.giga-web.jp/db_titles/giro/giro31/pac_s.jpg,,not_found_in_complete_directory; official_asset_head_200,2026-09-12T21:44:54+08:00,确认官方下架,完整官网目录扫描未收录；官网域名下对应历史封面仍返回图像，确认该作品曾有官方记录且现已从目录移除（未发现下架公告或原因）,有依据标下架
GIRO-40,GIRO-40,GIRO,asiamonstr; gap,GIRO-40 Non-Transforming Heroine – Andrzei Yellow Ema Part 2,,"December 29, 2014",,https://www.asiamonstr.com/giga/giro-40-non-transforming-heroine-andrzei-yellow-ema-part-2-satomi-nomiya-mai-miori.html,https://www.giga-web.jp/db_titles/giro/giro40/pac_s.jpg,,not_found_in_complete_directory; official_asset_head_200,2026-09-12T21:44:55+08:00,确认官方下架,完整官网目录扫描未收录；官网域名下对应历史封面仍返回图像，确认该作品曾有官方记录且现已从目录移除（未发现下架公告或原因）,有依据标下架
GIRO-62,GIRO-62,GIRO,asiamonstr; gap,GIRO-62 Armored Heroine Kinbaku Domination –ANGELA-,,"March 10, 2015",,https://www.asiamonstr.com/giga/giro-62-armored-heroine-kinbaku-domination-angela-mio-kayama.html,https://www.giga-web.jp/db_titles/giro/giro62/pac_s.jpg,,not_found_in_complete_directory; official_asset_head_200,2026-09-12T21:44:55+08:00,确认官方下架,完整官网目录扫描未收录；官网域名下对应历史封面仍返回图像，确认该作品曾有官方记录且现已从目录移除（未发现下架公告或原因）,有依据标下架
GIRO-65,GIRO-65,GIRO,asiamonstr; gap,GIRO-65 Revenge of the Combatants – The Fall of Daytona Pink,,"March 6, 2015",,https://www.asiamonstr.com/giga/giro-65-revenge-of-the-combatants-the-fall-of-daytona-pink-yurina-ayashiro.html,https://www.giga-web.jp/db_titles/giro/giro65/pac_s.jpg,,not_found_in_complete_directory; official_asset_head_200,2026-09-12T21:44:55+08:00,确认官方下架,完整官网目录扫描未收录；官网域名下对应历史封面仍返回图像，确认该作品曾有官方记录且现已从目录移除（未发现下架公告或原因）,有依据标下架
GIRO-79,GIRO-79,GIRO,asiamonstr; gap,GIRO-79 Black Dress Temptation Vol.08 Saint Scent Stained,,"May 2, 2015",,https://www.asiamonstr.com/giga/giro-79-black-dress-temptation-vol-08-saint-scent-stained-yurina-ayashiro-ayako-kanou.html,https://www.giga-web.jp/db_titles/giro/giro79/pac_s.jpg,,not_found_in_complete_directory; official_asset_head_200,2026-09-12T21:44:56+08:00,确认官方下架,完整官网目录扫描未收录；官网域名下对应历史封面仍返回图像，确认该作品曾有官方记录且现已从目录移除（未发现下架公告或原因）,有依据标下架
GIRO-87,GIRO-87,GIRO,asiamonstr; gap,GIRO-87 Primteus,,"May 13, 2015",,https://www.asiamonstr.com/giga/giro-87-primteus-yurina-ayashiro.html,https://www.giga-web.jp/db_titles/giro/giro87/pac_s.jpg,,not_found_in_complete_directory; official_asset_head_200,2026-09-12T21:44:56+08:00,确认官方下架,完整官网目录扫描未收录；官网域名下对应历史封面仍返回图像，确认该作品曾有官方记录且现已从目录移除（未发现下架公告或原因）,有依据标下架
GIRO-89,GIRO-89,GIRO,asiamonstr; gap,GIRO-89 Sailor Legend V Part 1,,"May 16, 2015",,https://www.asiamonstr.com/giga/giro-89-sailor-legend-v-part-1-moa-hoshizora-mai-tamaki-haruna-ayane-emiri-takayama-ran-narutsuki-kyouko-maki-makoto-takeuchi.html,https://www.giga-web.jp/db_titles/giro/giro89/pac_s.jpg,,not_found_in_complete_directory; official_asset_head_200,2026-09-12T21:44:56+08:00,确认官方下架,完整官网目录扫描未收录；官网域名下对应历史封面仍返回图像，确认该作品曾有官方记录且现已从目录移除（未发现下架公告或原因）,有依据标下架
GIRO-9,GIRO-09,GIRO,asiamonstr; gap,GIRO-09 Citi Link the Phantom Thief – Tickling Torture Sana Tujii,,"September 12, 2014",,https://www.asiamonstr.com/giga/giro-09-citi-link-the-phantom-thief-tickling-torture.html,https://www.giga-web.jp/db_titles/giro/giro09/pac_s.jpg,,not_found_in_complete_directory; official_asset_head_200,2026-09-12T21:44:57+08:00,确认官方下架,完整官网目录扫描未收录；官网域名下对应历史封面仍返回图像，确认该作品曾有官方记录且现已从目录移除（未发现下架公告或原因）,有依据标下架
GIRO-92,GIRO-92,GIRO,asiamonstr; gap,GIRO-92 Sailor Legend V Part 2,,"May 31, 2015",,https://www.asiamonstr.com/giga/giro-92-sailor-legend-v-part-2-moa-hoshizora-haruna-ayane-emiri-takayama-ran-narutsuki-mai-tamaki-makoto-takeuchi-kyouko-maki.html,https://www.giga-web.jp/db_titles/giro/giro92/pac_s.jpg,,not_found_in_complete_directory; official_asset_head_200,2026-09-12T21:44:57+08:00,确认官方下架,完整官网目录扫描未收录；官网域名下对应历史封面仍返回图像，确认该作品曾有官方记录且现已从目录移除（未发现下架公告或原因）,有依据标下架
GMMD-5,GMMD-05,GMMD,asiamonstr; gap,GMMD-05 Contemptuous Heroine – Desperate Endurance,,"April 12, 2013",,https://www.asiamonstr.com/giga/gmmd-05-contemptuous-heroine-desperate-endurance-beautiful-fighter-briria-yokoyama-mirei.html,https://www.giga-web.jp/db_titles/gmmd/gmmd05/pac_s.jpg,,not_found_in_complete_directory; official_asset_head_200,2026-09-12T21:44:57+08:00,确认官方下架,完整官网目录扫描未收录；官网域名下对应历史封面仍返回图像，确认该作品曾有官方记录且现已从目录移除（未发现下架公告或原因）,有依据标下架
GOMK-11,GOMK-11,GOMK,asiamonstr; gap,GOMK-11 Bolero combatant woman,,"February 20, 2013",,https://www.asiamonstr.com/giga/gomk-11-bolero-combatant-woman-ai-wakana-ryo-kamiya.html,https://www.giga-web.jp/db_titles/gomk/gomk11/pac_s.jpg,,not_found_in_complete_directory; official_asset_head_200,2026-09-12T21:44:58+08:00,确认官方下架,完整官网目录扫描未收录；官网域名下对应历史封面仍返回图像，确认该作品曾有官方记录且现已从目录移除（未发现下架公告或原因）,有依据标下架
GOMK-17,GOMK-17,GOMK,asiamonstr; gap,GOMK-17 Charge Mermaid VS Galaxy Special Agent Ally,,"February 20, 2013",,https://www.asiamonstr.com/giga/gomk-17-charge-mermaid-vs-galaxy-special-agent-ally-kana-ohori-emi-kobashi.html,https://www.giga-web.jp/db_titles/gomk/gomk17/pac_s.jpg,,not_found_in_complete_directory; official_asset_head_200,2026-09-12T21:44:58+08:00,确认官方下架,完整官网目录扫描未收录；官网域名下对应历史封面仍返回图像，确认该作品曾有官方记录且现已从目录移除（未发现下架公告或原因）,有依据标下架
GOMK-38,GOMK-38,GOMK,asiamonstr; gap,GOMK-38 Blue Streak Force Pulser Pink,,"April 25, 2013",,https://www.asiamonstr.com/giga/gomk-38-blue-streak-force-pulser-pink-ren-aizawa.html,https://www.giga-web.jp/db_titles/gomk/gomk38/pac_s.jpg,,not_found_in_complete_directory; official_asset_head_200,2026-09-12T21:44:58+08:00,确认官方下架,完整官网目录扫描未收录；官网域名下对应历史封面仍返回图像，确认该作品曾有官方记录且现已从目录移除（未发现下架公告或原因）,有依据标下架
GOMK-39,GOMK-39,GOMK,asiamonstr; gap,GOMK-39 KUNOICHI – Misty Oshichi,,"May 20, 2013",,https://www.asiamonstr.com/giga/gomk-39-kunoichi-misty-oshichi-hitomi-fujiwara.html,,,not_found_in_complete_directory,2026-09-12T17:52:16+08:00,历史条目，状态待核实,外部或历史来源明确记载，但当前官方状态未获确认,仍需核实
GOMK-44,GOMK-44,GOMK,asiamonstr; gap,GOMK-44 Black Dress Temptation – Holy Star That Falls Into Evil Alice,,"May 28, 2013",,https://www.asiamonstr.com/giga/gomk-44-black-dress-temptation-holy-star-that-falls-into-evil-alice-mimi-hanae-megumi-touno.html,https://www.giga-web.jp/db_titles/gomk/gomk44/pac_s.jpg,,not_found_in_complete_directory; official_asset_head_200,2026-09-12T21:45:00+08:00,确认官方下架,完整官网目录扫描未收录；官网域名下对应历史封面仍返回图像，确认该作品曾有官方记录且现已从目录移除（未发现下架公告或原因）,有依据标下架
GOMK-60,GOMK-60,GOMK,asiamonstr; gap,GOMK-60 Female Combatant Bolero 2,,"August 10, 2013",,https://www.asiamonstr.com/giga/gomk-60-female-combatant-bolero-2-mio-mikuru-miina-kuboduka-eri-makino-chisa-hiruma-ayano-kamiya.html,https://www.giga-web.jp/db_titles/gomk/gomk60/pac_s.jpg,,not_found_in_complete_directory; official_asset_head_200,2026-09-12T21:45:00+08:00,确认官方下架,完整官网目录扫描未收录；官网域名下对应历史封面仍返回图像，确认该作品曾有官方记录且现已从目录移除（未发现下架公告或原因）,有依据标下架
GOMK-61,GOMK-61,GOMK,asiamonstr; gap,GOMK-61 Tied Up Heroine Ninja Closer NO.3 Flower Shadow,,"September 4, 2013",,https://www.asiamonstr.com/giga/gomk-61-tied-up-heroine-ninja-closer-no-3-flower-shadow-yu-kawakami-azusa-kirihara.html,https://www.giga-web.jp/db_titles/gomk/gomk61/pac_s.jpg,,not_found_in_complete_directory; official_asset_head_200,2026-09-12T21:45:01+08:00,确认官方下架,完整官网目录扫描未收录；官网域名下对应历史封面仍返回图像，确认该作品曾有官方记录且现已从目录移除（未发现下架公告或原因）,有依据标下架
GOMK-65,GOMK-65,GOMK,asiamonstr; gap,GOMK-65 III first rare ESP girl Misa Noah,,"September 1, 2013",,https://www.asiamonstr.com/giga/gomk-65-iii-first-rare-esp-girl-misa-noah.html,https://www.giga-web.jp/db_titles/gomk/gomk65/pac_s.jpg,,not_found_in_complete_directory; official_asset_head_200,2026-09-12T21:45:01+08:00,确认官方下架,完整官网目录扫描未收录；官网域名下对应历史封面仍返回图像，确认该作品曾有官方记录且现已从目录移除（未发现下架公告或原因）,有依据标下架
GOMK-73,GOMK-73,GOMK,asiamonstr; gap,GOMK-73 Rape Hunter Development Project File 5,,"September 16, 2013",,https://www.asiamonstr.com/giga/gomk-73-rape-hunter-development-project-file-5-nana-usami-nozomi-haduki-chisa-hiruma.html,https://www.giga-web.jp/db_titles/gomk/gomk73/pac_s.jpg,,not_found_in_complete_directory; official_asset_head_200,2026-09-12T21:45:01+08:00,确认官方下架,完整官网目录扫描未收录；官网域名下对应历史封面仍返回图像，确认该作品曾有官方记录且现已从目录移除（未发现下架公告或原因）,有依据标下架
GOMK-76,GOMK-76,GOMK,asiamonstr; gap,GOMK-76 Beautiful Witch Girl Fontane,,"September 18, 2013",,https://www.asiamonstr.com/giga/gomk-76-beautiful-witch-girl-fontane-saya-aika.html,https://www.giga-web.jp/db_titles/gomk/gomk76/pac_s.jpg,,not_found_in_complete_directory; official_asset_head_200,2026-09-12T21:45:02+08:00,确认官方下架,完整官网目录扫描未收录；官网域名下对应历史封面仍返回图像，确认该作品曾有官方记录且现已从目录移除（未发现下架公告或原因）,有依据标下架
GOMK-78,GOMK-78,GOMK,asiamonstr; gap,GOMK-78 Beautiful Mask Aurora,,"October 8, 2013",,https://www.asiamonstr.com/giga/gomk-78-beautiful-mask-aurora-yurina-ayashiro.html,https://www.giga-web.jp/db_titles/gomk/gomk78/pac_s.jpg,,not_found_in_complete_directory; official_asset_head_200,2026-09-12T21:45:02+08:00,确认官方下架,完整官网目录扫描未收录；官网域名下对应历史封面仍返回图像，确认该作品曾有官方记录且现已从目录移除（未发现下架公告或原因）,有依据标下架
GOMK-95,GOMK-95,GOMK,asiamonstr; gap,GOMK-95 Marvelous Mask the first part,,"November 4, 2013",,https://www.asiamonstr.com/giga/gomk-95-marvelous-mask-part-ai-ishihara.html,https://www.giga-web.jp/db_titles/gomk/gomk95/pac_s.jpg,,not_found_in_complete_directory; official_asset_head_200,2026-09-12T21:45:02+08:00,确认官方下架,完整官网目录扫描未收录；官网域名下对应历史封面仍返回图像，确认该作品曾有官方记录且现已从目录移除（未发现下架公告或原因）,有依据标下架
GOMK-96,GOMK-96,GOMK,asiamonstr; gap,"GOMK-96 Monoclinous Heroine – Space Agent Androcross, An Mizuki, Mika Osaki",,"November 7, 2013",,https://www.asiamonstr.com/giga/gomk-96-monoclinous-heroine-space-agent-androcross-mizuki-mika-osaki.html,https://www.giga-web.jp/db_titles/gomk/gomk96/pac_s.jpg,,not_found_in_complete_directory; official_asset_head_200,2026-09-12T21:45:03+08:00,确认官方下架,完整官网目录扫描未收录；官网域名下对应历史封面仍返回图像，确认该作品曾有官方记录且现已从目录移除（未发现下架公告或原因）,有依据标下架
GOMK-98,GOMK-98,GOMK,asiamonstr; gap,GOMK-98 Marvelous Mask,,"November 20, 2013",,https://www.asiamonstr.com/giga/gomk-98-marvelous-mask-ai-ishihara.html,https://www.giga-web.jp/db_titles/gomk/gomk98/pac_s.jpg,,not_found_in_complete_directory; official_asset_head_200,2026-09-12T21:45:03+08:00,确认官方下架,完整官网目录扫描未收录；官网域名下对应历史封面仍返回图像，确认该作品曾有官方记录且现已从目录移除（未发现下架公告或原因）,有依据标下架
GPTM-22,GPTM-22,GPTM,asiamonstr; gap,GPTM-22 Giant Heroine Sophia,,"April 26, 2013",,https://www.asiamonstr.com/giga/gptm-22-giant-heroine-sophia.html,,,not_found_in_complete_directory,2026-09-12T17:52:16+08:00,历史条目，状态待核实,外部或历史来源明确记载，但当前官方状态未获确认,仍需核实
GPTM-38,GPTM-38,GPTM,asiamonstr,GPTM-38 Saint Force after.3 -Broken Hope,,"November 22, 2019",,https://www.asiamonstr.com/giga/gptm-38-saint-force-after-3-broken-hope-reunion-of-holy-women-miho-tono-natsuki-misato-nonomiya.html,https://www.giga-web.jp/db_titles/gptm/gptm38/pac_s.jpg,,not_found_in_complete_directory; official_asset_head_200,2026-09-12T21:45:05+08:00,确认官方下架,完整官网目录扫描未收录；官网域名下对应历史封面仍返回图像，确认该作品曾有官方记录且现已从目录移除（未发现下架公告或原因）,有依据标下架
GRET-26,GRET-26,GRET,asiamonstr; gap,GRET-26 Gigantic Heroine (R) Next Lady,,"October 4, 2016",,https://www.asiamonstr.com/giga/gret-26-gigantic-heroine-r-next-lady-mai-tamaki.html,https://www.giga-web.jp/db_titles/gret/gret26/pac_s.jpg,,not_found_in_complete_directory; official_asset_head_200,2026-09-12T21:45:05+08:00,确认官方下架,完整官网目录扫描未收录；官网域名下对应历史封面仍返回图像，确认该作品曾有官方记录且现已从目录移除（未发现下架公告或原因）,有依据标下架
GRET-5,GRET-05,GRET,asiamonstr; gap,GRET-05 Giant Heroine Fire Woman,,"April 2, 2013",,https://www.asiamonstr.com/giga/gret-05-giant-heroine-fire-woman.html,https://www.giga-web.jp/db_titles/gret/gret05/pac_s.jpg,,not_found_in_complete_directory; official_asset_head_200,2026-09-12T21:45:05+08:00,确认官方下架,完整官网目录扫描未收录；官网域名下对应历史封面仍返回图像，确认该作品曾有官方记录且现已从目录移除（未发现下架公告或原因）,有依据标下架
GRET-7,GRET-07,GRET,asiamonstr; gap,GRET-07 Super Cocky Heroine Completely Defeated Insult Princess Noa,,"February 7, 2013",,https://www.asiamonstr.com/giga/gret-07-super-cocky-heroine-alien-puppets.html,https://www.giga-web.jp/db_titles/gret/gret07/pac_s.jpg,,not_found_in_complete_directory; official_asset_head_200,2026-09-12T21:45:06+08:00,确认官方下架,完整官网目录扫描未收录；官网域名下对应历史封面仍返回图像，确认该作品曾有官方记录且现已从目录移除（未发现下架公告或原因）,有依据标下架
GSAD-3,GSAD-03,GSAD,asiamonstr; gap,GSAD-03 SUPER HEROINE Action Wars – Toki Force Sanseijer The Dangers Target,,"April 12, 2013",,https://www.asiamonstr.com/giga/gsad-03-super-heroine-action-wars-toki-force-sanseijer-the-dangers-target.html,https://www.giga-web.jp/db_titles/gsad/gsad03/pac_s.jpg,,not_found_in_complete_directory; official_asset_head_200,2026-09-12T21:45:06+08:00,确认官方下架,完整官网目录扫描未收录；官网域名下对应历史封面仍返回图像，确认该作品曾有官方记录且现已从目录移除（未发现下架公告或原因）,有依据标下架
GSHE-10,GSHE-10,GSHE,asiamonstr,GSHE-10 20th Anniversary Thanks to You! The History of GIGA,,"December 22, 2017",,https://www.asiamonstr.com/giga/gshe-10-20th-anniversary-thanks-to-you-the-history-of-giga-tokusatsu-pornography.html,https://www.giga-web.jp/db_titles/gshe/gshe10/pac_s.jpg,,not_found_in_complete_directory; official_asset_head_200,2026-09-12T21:45:06+08:00,确认官方下架,完整官网目录扫描未收录；官网域名下对应历史封面仍返回图像，确认该作品曾有官方记录且现已从目录移除（未发现下架公告或原因）,有依据标下架
GSHE-2,GSHE-02,GSHE,asiamonstr; gap,GSHE-02 Highlights of Heroines Fainting,,"November 7, 2017",,https://www.asiamonstr.com/giga/gshe-02-highlights-of-heroines-fainting.html,https://www.giga-web.jp/db_titles/gshe/gshe02/pac_s.jpg,,not_found_in_complete_directory; official_asset_head_200,2026-09-12T21:45:07+08:00,确认官方下架,完整官网目录扫描未收录；官网域名下对应历史封面仍返回图像，确认该作品曾有官方记录且现已从目录移除（未发现下架公告或原因）,有依据标下架
GSHE-3,GSHE-03,GSHE,asiamonstr; gap,GSHE-03 Top 20 User’s Choice 2013,,"August 23, 2014",,https://www.asiamonstr.com/giga/gshe-03-top-20-user-s-choice-2013.html,https://www.giga-web.jp/db_titles/gshe/gshe03/pac_s.jpg,,not_found_in_complete_directory; official_asset_head_200,2026-09-12T21:45:07+08:00,确认官方下架,完整官网目录扫描未收录；官网域名下对应历史封面仍返回图像，确认该作品曾有官方记录且现已从目录移除（未发现下架公告或原因）,有依据标下架
GSHE-4,GSHE-04,GSHE,asiamonstr; gap,GSHE-04 Highlights of the Sailor Fighters,,"November 8, 2017",,https://www.asiamonstr.com/giga/gshe-04-highlights-of-the-sailor-fighters.html,https://www.giga-web.jp/db_titles/gshe/gshe04/pac_s.jpg,,not_found_in_complete_directory; official_asset_head_200,2026-09-12T21:45:07+08:00,确认官方下架,完整官网目录扫描未收录；官网域名下对应历史封面仍返回图像，确认该作品曾有官方记录且现已从目录移除（未发现下架公告或原因）,有依据标下架
GSHE-8,GSHE-08,GSHE,asiamonstr; gap,GSHE-08 Charge Mermaid Highlights,,"April 14, 2015",,https://www.asiamonstr.com/giga/gshe-08-charge-mermaid-highlights.html,https://www.giga-web.jp/db_titles/gshe/gshe08/pac_s.jpg,,not_found_in_complete_directory; official_asset_head_200,2026-09-12T21:45:08+08:00,确认官方下架,完整官网目录扫描未收录；官网域名下对应历史封面仍返回图像，确认该作品曾有官方记录且现已从目录移除（未发现下架公告或原因）,有依据标下架
GTRL-1,GTRL-01,GTRL,asiamonstr,GTRL-01 New Star Unit Ryuseiger Suppression,,"April 13, 2013",,https://www.asiamonstr.com/giga/gtrl-01-star-unit-ryuseiger-suppression-hitomi-fujiwara.html,,,not_found_in_complete_directory,2026-09-12T17:52:16+08:00,历史条目，状态待核实,外部或历史来源明确记载，但当前官方状态未获确认,仍需核实
GTRL-10,GTRL-10,GTRL,asiamonstr; gap,GTRL-10 Sailor Heroines Vol.01 Sailor Crysta and Voltes,,"February 14, 2015",,https://www.asiamonstr.com/giga/gtrl-10-sailor-heroines-vol-01-sailor-crysta-voltes-yurina-ayashiro-mizuki.html,https://www.giga-web.jp/db_titles/gtrl/gtrl10/pac_s.jpg,,not_found_in_complete_directory; official_asset_head_200,2026-09-12T21:45:10+08:00,确认官方下架,完整官网目录扫描未收录；官网域名下对应历史封面仍返回图像，确认该作品曾有官方记录且现已从目录移除（未发现下架公告或原因）,有依据标下架
GTRL-2,GTRL-02,GTRL,asiamonstr,GTRL-02 New Star Unit Ryuseiger Lesbian insult Sumire,,"February 21, 2013",,https://www.asiamonstr.com/giga/gtrl-02-new-star-unit-ryuseiger-lesbian-insult.html,,,not_found_in_complete_directory,2026-09-12T17:52:16+08:00,历史条目，状态待核实,外部或历史来源明确记载，但当前官方状态未获确认,仍需核实
GTRL-24,GTRL-24,GTRL,asiamonstr; gap,GTRL-24 JK Investigator Blu-sailor Striker 03,,"July 9, 2015",,https://www.asiamonstr.com/giga/gtrl-24-jk-investigator-blu-sailor-striker-03-yurina-ayashiro-mio-shiraishi.html,https://www.giga-web.jp/db_titles/gtrl/gtrl24/pac_s.jpg,,not_found_in_complete_directory; official_asset_head_200,2026-09-12T21:45:11+08:00,确认官方下架,完整官网目录扫描未收录；官网域名下对应历史封面仍返回图像，确认该作品曾有官方记录且现已从目录移除（未发现下架公告或原因）,有依据标下架
GTRL-3,GTRL-03,GTRL,asiamonstr,GTRL-03 New Star Unit Ryuseiger Humiliation white insult,,"February 21, 2013",,https://www.asiamonstr.com/giga/gtrl-03-new-star-unit-ryuseiger-humiliation-white-insult.html,,,not_found_in_complete_directory,2026-09-12T17:52:16+08:00,历史条目，状态待核实,外部或历史来源明确记载，但当前官方状态未获确认,仍需核实
GTRL-47,GTRL-47,GTRL,asiamonstr; gap,GTRL-47 Rape Hunter BEAST Vol.2 Beautiful Brave Woman,,"October 8, 2017",,https://www.asiamonstr.com/giga/gtrl-47-rape-hunter-beast-vol-2-beautiful-brave-woman-vehement-mask-grace-natsuko-mishima.html,https://www.giga-web.jp/db_titles/gtrl/gtrl47/pac_s.jpg,,not_found_in_complete_directory; official_asset_head_200,2026-09-12T21:45:13+08:00,确认官方下架,完整官网目录扫描未收录；官网域名下对应历史封面仍返回图像，确认该作品曾有官方记录且现已从目录移除（未发现下架公告或原因）,有依据标下架
GTRL-52,GTRL-52,GTRL,asiamonstr; gap,GTRL-52 The Stallion Monster Trilogy Vol.1 -Bird Force Bird Swan Hana Misora,,"March 18, 2018",,https://www.asiamonstr.com/giga/gtrl-52-the-stallion-monster-trilogy-vol-1-bird-force-bird-swan-hana-misora.html,https://www.giga-web.jp/db_titles/gtrl/gtrl52/pac_s.jpg,,not_found_in_complete_directory; official_asset_head_200,2026-09-12T21:45:13+08:00,确认官方下架,完整官网目录扫描未收录；官网域名下对应历史封面仍返回图像，确认该作品曾有官方记录且现已从目录移除（未发现下架公告或原因）,有依据标下架
GVRD-20,GVRD-20,GVRD,asiamonstr; gap,"GVRD-20 The Evil Empress Teaches Lesbianism to a Superheroine, Rei Ayana, Ai Ishihara",,"January 19, 2014",,https://www.asiamonstr.com/giga/gvrd-20-the-evil-empress-teaches-lesbianism-to-a-superheroine-rei-ayana-ai-ishihara.html,https://www.giga-web.jp/db_titles/gvrd/gvrd20/pac_s.jpg,,not_found_in_complete_directory; official_asset_head_200,2026-09-12T21:45:14+08:00,确认官方下架,完整官网目录扫描未收录；官网域名下对应历史封面仍返回图像，确认该作品曾有官方记录且现已从目录移除（未发现下架公告或原因）,有依据标下架
GVRD-27,GVRD-27,GVRD,asiamonstr; gap,GVRD-27 Queen Mask,,"February 18, 2014",,https://www.asiamonstr.com/giga/gvrd-27-queen-mask-an-mizuki.html,https://www.giga-web.jp/db_titles/gvrd/gvrd27/pac_s.jpg,,not_found_in_complete_directory; official_asset_head_200,2026-09-12T21:45:14+08:00,确认官方下架,完整官网目录扫描未收录；官网域名下对应历史封面仍返回图像，确认该作品曾有官方记录且现已从目录移除（未发现下架公告或原因）,有依据标下架
GVRD-32,GVRD-32,GVRD,asiamonstr; gap,"GVRD-32 Monoclinous Heroine – GaoMaru – The Wonder Man, An Mizuki",,"March 23, 2014",,https://www.asiamonstr.com/giga/gvrd-32-monoclinous-heroine-gaomaru-the-wonder-man-an-mizuki.html,https://www.giga-web.jp/db_titles/gvrd/gvrd32/pac_s.jpg,,not_found_in_complete_directory; official_asset_head_200,2026-09-12T21:45:14+08:00,确认官方下架,完整官网目录扫描未收录；官网域名下对应历史封面仍返回图像，确认该作品曾有官方记录且现已从目录移除（未发现下架公告或原因）,有依据标下架
GVRD-33,GVRD-33,GVRD,asiamonstr; gap,GVRD-33 Heroine Showery Insult Sailor Dolphin,,"February 26, 2014",,https://www.asiamonstr.com/giga/gvrd-33-heroine-showery-insult-sailor-dolphin-yurina-ayashiro.html,https://www.giga-web.jp/db_titles/gvrd/gvrd33/pac_s.jpg,,not_found_in_complete_directory; official_asset_head_200,2026-09-12T21:45:15+08:00,确认官方下架,完整官网目录扫描未收录；官网域名下对应历史封面仍返回图像，确认该作品曾有官方记录且现已从目录移除（未发现下架公告或原因）,有依据标下架
GVRD-37,GVRD-37,GVRD,asiamonstr; gap,GVRD-37 Merupure Tied Up Insult,,"March 15, 2014",,https://www.asiamonstr.com/giga/gvrd-37-merupure-tied-up-insult-momo-watanabe-ai-ishihara.html,https://www.giga-web.jp/db_titles/gvrd/gvrd37/pac_s.jpg,,not_found_in_complete_directory; official_asset_head_200,2026-09-12T21:45:15+08:00,确认官方下架,完整官网目录扫描未收录；官网域名下对应历史封面仍返回图像，确认该作品曾有官方记录且现已从目录移除（未发现下架公告或原因）,有依据标下架
GVRD-44,GVRD-44,GVRD,asiamonstr; gap,GVRD-44 Sailor-Fighters Tentacle Monster Swallowing,,"March 17, 2014",,https://www.asiamonstr.com/giga/gvrd-44-sailor-fighters-tentacle-monster-swallowing-insult-from-the-inside-part-1-yurina-ayashiro-yui-fujishima.html,https://www.giga-web.jp/db_titles/gvrd/gvrd44/pac_s.jpg,,not_found_in_complete_directory; official_asset_head_200,2026-09-12T21:45:16+08:00,确认官方下架,完整官网目录扫描未收录；官网域名下对应历史封面仍返回图像，确认该作品曾有官方记录且现已从目录移除（未发现下架公告或原因）,有依据标下架
GVRD-48,GVRD-48,GVRD,asiamonstr; gap,GVRD-48 Ame-Comi Heroine Double Rape,,"April 1, 2014",,https://www.asiamonstr.com/giga/gvrd-48-ame-comi-heroine-double-rape-minami-ayase-yurina-ayashiro.html,https://www.giga-web.jp/db_titles/gvrd/gvrd48/pac_s.jpg,,not_found_in_complete_directory; official_asset_head_200,2026-09-12T21:45:17+08:00,确认官方下架,完整官网目录扫描未收录；官网域名下对应历史封面仍返回图像，确认该作品曾有官方记录且现已从目录移除（未发现下架公告或原因）,有依据标下架
GVRD-49,GVRD-49,GVRD,asiamonstr; gap,GVRD-49 Sailor-Fighters Tentacle Monster Swallowing,,"April 7, 2014",,https://www.asiamonstr.com/giga/gvrd-49-sailor-fighters-tentacle-monster-swallowing-insult-from-the-inside-part-2-yurina-ayashiro-yui-fujishima.html,https://www.giga-web.jp/db_titles/gvrd/gvrd49/pac_s.jpg,,not_found_in_complete_directory; official_asset_head_200,2026-09-12T21:45:20+08:00,确认官方下架,完整官网目录扫描未收录；官网域名下对应历史封面仍返回图像，确认该作品曾有官方记录且现已从目录移除（未发现下架公告或原因）,有依据标下架
GVRD-58,GVRD-58,GVRD,asiamonstr; gap,GVRD-58 Heroine’s Monster Transformation Project,,"April 30, 2014",,https://www.asiamonstr.com/giga/gvrd-58-heroine-s-monster-transformation-project-chizuru-sakura.html,https://www.giga-web.jp/db_titles/gvrd/gvrd58/pac_s.jpg,,not_found_in_complete_directory; official_asset_head_200,2026-09-12T21:45:21+08:00,确认官方下架,完整官网目录扫描未收录；官网域名下对应历史封面仍返回图像，确认该作品曾有官方记录且现已从目录移除（未发现下架公告或原因）,有依据标下架
GVRD-60,GVRD-60,GVRD,asiamonstr; gap,GVRD-60 Tied Up Heroine -Good Bye Super Woman Episode 2,,"April 28, 2014",,https://www.asiamonstr.com/giga/gvrd-60-tied-up-heroine-good-bye-super-woman-episode-2-karin-itsuki.html,https://www.giga-web.jp/db_titles/gvrd/gvrd60/pac_s.jpg,,not_found_in_complete_directory; official_asset_head_200,2026-09-12T21:45:21+08:00,确认官方下架,完整官网目录扫描未收录；官网域名下对应历史封面仍返回图像，确认该作品曾有官方记录且现已从目录移除（未发现下架公告或原因）,有依据标下架
GVRD-69,GVRD-69,GVRD,asiamonstr; gap,"GVRD-69 Completely Clothed Heroine Insult – Battle of the Future, Yurina Ayashiro",,"July 23, 2014",,https://www.asiamonstr.com/giga/gvrd-69-completely-clothed-heroine-insult-battle-of-the-future-yurina-ayashiro.html,https://www.giga-web.jp/db_titles/gvrd/gvrd69/pac_s.jpg,,not_found_in_complete_directory; official_asset_head_200,2026-09-12T21:45:21+08:00,确认官方下架,完整官网目录扫描未收录；官网域名下对应历史封面仍返回图像，确认该作品曾有官方记录且现已从目录移除（未发现下架公告或原因）,有依据标下架
GVRD-81,GVRD-81,GVRD,asiamonstr; gap,GVRD-81 Battle of Future – Bondage Rape,,"August 12, 2014",,https://www.asiamonstr.com/giga/gvrd-81-battle-of-future-bondage-rape-yurina-ayashiro.html,https://www.giga-web.jp/db_titles/gvrd/gvrd81/pac_s.jpg,,not_found_in_complete_directory; official_asset_head_200,2026-09-12T21:45:21+08:00,确认官方下架,完整官网目录扫描未收录；官网域名下对应历史封面仍返回图像，确认该作品曾有官方记录且现已从目录移除（未发现下架公告或原因）,有依据标下架
GXXD-2,GXXD-02,GXXD,asiamonstr; gap,GXXD-02 Ninja Force High Ranger,,"May 23, 2015",,https://www.asiamonstr.com/giga/gxxd-02-ninja-force-high-ranger-rika-yuuki.html,https://www.giga-web.jp/db_titles/gxxd/gxxd02/pac_s.jpg,,not_found_in_complete_directory; official_asset_head_200,2026-09-12T21:45:22+08:00,确认官方下架,完整官网目录扫描未收录；官网域名下对应历史封面仍返回图像，确认该作品曾有官方记录且现已从目录移除（未发现下架公告或原因）,有依据标下架
GXXD-4,GXXD-04,GXXD,asiamonstr; gap,"GXXD-04 Hermaphrodite Heroine – Galaxy Girl, Akira Ithinose",,"July 8, 2013",,https://www.asiamonstr.com/giga/gxxd-04-hermaphrodite-heroine-galaxy-girl-akira-ithinose.html,https://www.giga-web.jp/db_titles/gxxd/gxxd04/pac_s.jpg,,not_found_in_complete_directory; official_asset_head_200,2026-09-12T21:45:22+08:00,确认官方下架,完整官网目录扫描未收录；官网域名下对应历史封面仍返回图像，确认该作品曾有官方记录且现已从目录移除（未发现下架公告或原因）,有依据标下架
GXXD-58,GXXD-58,GXXD,gap,,,,,,,,not_found_in_complete_directory,2026-09-12T17:52:16+08:00,无证据空号,仅由现有番号区间不连续产生，未找到存在记录,仍需核实
GXXD-79,GXXD-79,GXXD,asiamonstr; gap,GXXD-79 Heroine Awakening – Slutty Masked Heroine,,"February 22, 2013",,https://www.asiamonstr.com/giga/gxxd-79-heroine-awakening-slutty-masked-heroine.html,https://www.giga-web.jp/db_titles/gxxd/gxxd79/pac_s.jpg,,not_found_in_complete_directory; official_asset_head_200,2026-09-12T21:45:22+08:00,确认官方下架,完整官网目录扫描未收录；官网域名下对应历史封面仍返回图像，确认该作品曾有官方记录且现已从目录移除（未发现下架公告或原因）,有依据标下架
JDSD-2,JDSD-2,JDSD,gap,,,,,,,,not_found_in_complete_directory,2026-09-12T17:52:16+08:00,无证据空号,仅由现有番号区间不连续产生，未找到存在记录,仍需核实
JDSD-9,JDSD-9,JDSD,gap,,,,,,,,not_found_in_complete_directory,2026-09-12T17:52:16+08:00,无证据空号,仅由现有番号区间不连续产生，未找到存在记录,仍需核实
JHHD-1,JHHD-1,JHHD,official,ヒロイン排泄地獄Vol.01,2007-10-12,,,,https://www.giga-web.jp/product/index.php?product_id=473,,confirmed,2026-09-12T17:52:16+08:00,确认漏收录,当前官方记录明确存在且线上目录未收录,可补录
JHHD-13,JHHD-13,JHHD,gap,,,,,,,,not_found_in_complete_directory,2026-09-12T17:52:16+08:00,无证据空号,仅由现有番号区间不连续产生，未找到存在记录,仍需核实
JHHD-2,JHHD-2,JHHD,official,ヒロイン排泄地獄Vol.02,2007-11-09,,,,https://www.giga-web.jp/product/index.php?product_id=467,,confirmed,2026-09-12T17:52:16+08:00,确认漏收录,当前官方记录明确存在且线上目录未收录,可补录
JHHD-3,JHHD-3,JHHD,official,ヒロイン排泄地獄Vol.03,2007-11-23,,,,https://www.giga-web.jp/product/index.php?product_id=461,,confirmed,2026-09-12T17:52:16+08:00,确认漏收录,当前官方记录明确存在且线上目录未收录,可补录
JMSZ-29,JMSZ-29,JMSZ,asiamonstr; gap,JMSZ-29 Targeted Super Heroine -Tragic Fate Awaited Shuriff Pink,,"December 2, 2015",,https://www.asiamonstr.com/giga/jmsz-29-targeted-super-heroine-tragic-fate-awaited-shuriff-pink-rina-utimura-hitomi-maisaka.html,https://www.giga-web.jp/db_titles/jmsz/jmsz29/pac_s.jpg,,not_found_in_complete_directory; official_asset_head_200,2026-09-12T21:45:23+08:00,确认官方下架,完整官网目录扫描未收录；官网域名下对应历史封面仍返回图像，确认该作品曾有官方记录且现已从目录移除（未发现下架公告或原因）,有依据标下架
JMSZ-3,JMSZ-3,JMSZ,gap,,,,,,,,not_found_in_complete_directory,2026-09-12T17:52:16+08:00,无证据空号,仅由现有番号区间不连续产生，未找到存在记录,仍需核实
JMSZ-32,JMSZ-32,JMSZ,asiamonstr; gap,JMSZ-32 Princess Fighter Pure Blazer Angel Blazer,,"February 11, 2016",,https://www.asiamonstr.com/giga/jmsz-32-princess-fighter-pure-blazer-angel-blazer-harura-mori.html,https://www.giga-web.jp/db_titles/jmsz/jmsz32/pac_s.jpg,,not_found_in_complete_directory; official_asset_head_200,2026-09-12T21:45:23+08:00,确认官方下架,完整官网目录扫描未收录；官网域名下对应历史封面仍返回图像，确认该作品曾有官方记录且现已从目录移除（未发现下架公告或原因）,有依据标下架
JMSZ-34,JMSZ-34,JMSZ,asiamonstr; gap,JMSZ-34 Justice Five Fallen Justice Pink,,"April 6, 2016",,https://www.asiamonstr.com/giga/jmsz-34-justice-five-fallen-justice-pink-harura-mori.html,https://www.giga-web.jp/db_titles/jmsz/jmsz34/pac_s.jpg,,not_found_in_complete_directory; official_asset_head_200,2026-09-12T21:45:23+08:00,确认官方下架,完整官网目录扫描未收录；官网域名下对应历史封面仍返回图像，确认该作品曾有官方记录且现已从目录移除（未发现下架公告或原因）,有依据标下架
JMSZ-42,JMSZ-42,JMSZ,asiamonstr; gap,"JMSZ-42 Miori Hara, Hitomi Maisaka Holy Goddess Fighter Saint",,"August 25, 2016",,https://www.asiamonstr.com/giga/jmsz-42-miori-hara-hitomi-maisaka-holy-goddess-fighter-saint-cheer-childhood-friend-super-heroine.html,https://www.giga-web.jp/db_titles/jmsz/jmsz42/pac_s.jpg,,not_found_in_complete_directory; official_asset_head_200,2026-09-12T21:45:24+08:00,确认官方下架,完整官网目录扫描未收录；官网域名下对应历史封面仍返回图像，确认该作品曾有官方记录且现已从目录移除（未发现下架公告或原因）,有依据标下架
JMSZ-50,JMSZ-50,JMSZ,asiamonstr; gap,JMSZ-50 The Sovereign Princess in Grave Danger,,"March 8, 2017",,https://www.asiamonstr.com/giga/jmsz-50-the-sovereign-princess-in-grave-danger.html,https://www.giga-web.jp/db_titles/jmsz/jmsz50/pac_s.jpg,,not_found_in_complete_directory; official_asset_head_200,2026-09-12T21:45:24+08:00,确认官方下架,完整官网目录扫描未收录；官网域名下对应历史封面仍返回图像，确认该作品曾有官方记录且现已从目录移除（未发现下架公告或原因）,有依据标下架
JMSZ-55,JMSZ-55,JMSZ,asiamonstr; gap,JMSZ-55 Beautiful Middle-Aged Fontaine -Spell of Stallion Mask-,,"June 11, 2017",,https://www.asiamonstr.com/giga/jmsz-55-beautiful-middle-aged-fontaine-spell-of-stallion-mask-natsuko-mishima.html,https://www.giga-web.jp/db_titles/jmsz/jmsz55/pac_s.jpg,,not_found_in_complete_directory; official_asset_head_200,2026-09-12T21:45:24+08:00,确认官方下架,完整官网目录扫描未收录；官网域名下对应历史封面仍返回图像，确认该作品曾有官方记录且现已从目录移除（未发现下架公告或原因）,有依据标下架
JMSZ-56,JMSZ-56,JMSZ,asiamonstr; gap,JMSZ-56 Plump Wife Heroine -Housewife Pink Fallen,,"July 1, 2017",,https://www.asiamonstr.com/giga/jmsz-56-plump-wife-heroine-housewife-pink-fallen-to-the-pleasure-training-natsuki-narumi.html,https://www.giga-web.jp/db_titles/jmsz/jmsz56/pac_s.jpg,,not_found_in_complete_directory; official_asset_head_200,2026-09-12T21:45:25+08:00,确认官方下架,完整官网目录扫描未收录；官网域名下对应历史封面仍返回图像，确认该作品曾有官方记录且现已从目录移除（未发现下架公告或原因）,有依据标下架
JMSZ-57,JMSZ-57,JMSZ,asiamonstr; gap,JMSZ-57 Female Cadre Larussa -Force Red Reverse Insult,,"August 7, 2017",,https://www.asiamonstr.com/giga/jmsz-57-female-cadre-larussa-force-red-reverse-insult-kaho-shibuya.html,https://www.giga-web.jp/db_titles/jmsz/jmsz57/pac_s.jpg,,not_found_in_complete_directory; official_asset_head_200,2026-09-12T21:45:25+08:00,确认官方下架,完整官网目录扫描未收录；官网域名下对应历史封面仍返回图像，确认该作品曾有官方记录且现已从目录移除（未发现下架公告或原因）,有依据标下架
JMSZ-7,JMSZ-7,JMSZ,gap,,,,,,,,not_found_in_complete_directory,2026-09-12T17:52:16+08:00,无证据空号,仅由现有番号区间不连续产生，未找到存在记录,仍需核实
JMSZ-83,JMSZ-83,JMSZ,asiamonstr; gap,JMSZ-83 Hero Insult -Female Cadre Vel Maria –,,"February 10, 2020",,https://www.asiamonstr.com/giga/jmsz-83-hero-insult-female-cadre-vel-maria-the-dangerous-beauty-misato-nonomiya.html,https://www.giga-web.jp/db_titles/jmsz/jmsz83/pac_s.jpg,,not_found_in_complete_directory; official_asset_head_200,2026-09-12T21:45:25+08:00,确认官方下架,完整官网目录扫描未收录；官网域名下对应历史封面仍返回图像，确认该作品曾有官方记录且现已从目录移除（未发现下架公告或原因）,有依据标下架
JMSZ-86,JMSZ-86,JMSZ,asiamonstr; gap; historical-catalog; historical-link-index; history,JMSZ-86 Miracle Momo Episode.0,2020-09-11,"August 20, 2020",,https://www.asiamonstr.com/giga/jmsz-86-miracle-momo-episode-0-mitsuki-nagisa-saku-kurosaki.html,https://www.giga-web.jp/db_titles/jmsz/jmsz86/pac_s.jpg,0f1fe95ab25224f11cfd8fe304a3ed14a4fdd3ec:public/data/catalog.json; 8104579b6cc7411748b1685868af22e5b8d0dd77:public/data/catalog.json; D:\giga-catalog\data.json:video 2352; D:\giga-catalog\links.json:key JMSZ-86; b2f7a3e714bd49d9fa8c262d4460ce09c5286ec0:public/data/catalog.json; b8c1609c6eab57a96d6486d18175d4ee1c52d257:public/data/catalog.json; fb07a3ad9a69a3a57c96eab4405e1d5f45c507ed:public/data/catalog.json,not_found_in_complete_directory; official_asset_head_200,2026-09-12T21:45:26+08:00,确认官方下架,完整官网目录扫描未收录；官网域名下对应历史封面仍返回图像，确认该作品曾有官方记录且现已从目录移除（未发现下架公告或原因）,有依据标下架
MEBO-3,MEBO-03,MEBO,asiamonstr; gap,MEBO-03 We are the Third Force! Reserve Ranger,,"November 1, 2016",,https://www.asiamonstr.com/giga/mebo-03-third-force-reserve-ranger-mai-tamaki.html,https://www.giga-web.jp/db_titles/mebo/mebo03/pac_s.jpg,,not_found_in_complete_directory; official_asset_head_200,2026-09-12T21:45:26+08:00,确认官方下架,完整官网目录扫描未收录；官网域名下对应历史封面仍返回图像，确认该作品曾有官方记录且现已从目录移除（未发现下架公告或原因）,有依据标下架
MNFC-10,MNFC-10,MNFC,asiamonstr; gap,MNFC-10 Heroine Insult Club 10 -Dimension Female Fighter Helena Yurika Amane,,"December 5, 2018",,https://www.asiamonstr.com/giga/mnfc-10-heroine-insult-club-10-dimension-female-fighter-helena-yurika-amane.html,https://www.giga-web.jp/db_titles/mnfc/mnfc10/pac_s.jpg,,not_found_in_complete_directory; official_asset_head_200,2026-09-12T21:45:26+08:00,确认官方下架,完整官网目录扫描未收录；官网域名下对应历史封面仍返回图像，确认该作品曾有官方记录且现已从目录移除（未发现下架公告或原因）,有依据标下架
MNFC-19,MNFC-19,MNFC,asiamonstr,MNFC-19 Heroine Surrender Club -Spandexer Cosmo Angel –,,"March 31, 2020",,https://www.asiamonstr.com/giga/mnfc-19-heroine-surrender-club-spandexer-cosmo-angel-skea-boy-misato-nonomiya.html,https://www.giga-web.jp/db_titles/mnfc/mnfc19/pac_s.jpg,,not_found_in_complete_directory; official_asset_head_200,2026-09-12T21:45:27+08:00,确认官方下架,完整官网目录扫描未收录；官网域名下对应历史封面仍返回图像，确认该作品曾有官方记录且现已从目录移除（未发现下架公告或原因）,有依据标下架
MNFC-4,MNFC-04,MNFC,asiamonstr; gap,MNFC-04 Heroine Insult Club 04 Spandexer Cosmo Angel,,"May 26, 2018",,https://www.asiamonstr.com/giga/mnfc-04-heroine-insult-club-04-spandexer-cosmo-angel-reina-nakatani.html,https://www.giga-web.jp/db_titles/mnfc/mnfc04/pac_s.jpg,,not_found_in_complete_directory; official_asset_head_200,2026-09-12T21:45:27+08:00,确认官方下架,完整官网目录扫描未收录；官网域名下对应历史封面仍返回图像，确认该作品曾有官方记录且现已从目录移除（未发现下架公告或原因）,有依据标下架
NTSP-2,NTSP-02,NTSP,asiamonstr,NTSP-02 Fatal Force – The Legend of the Fire Eagle Pack,,"April 9, 2014",,https://www.asiamonstr.com/giga/ntsp-02-fatal-force-the-legend-of-the-fire-eagle-pack-an-mizuki.html,https://www.giga-web.jp/db_titles/ntsp/ntsp02/pac_s.jpg,,not_found_in_complete_directory; official_asset_head_200,2026-09-12T21:45:27+08:00,确认官方下架,完整官网目录扫描未收录；官网域名下对应历史封面仍返回图像，确认该作品曾有官方记录且现已从目录移除（未发现下架公告或原因）,有依据标下架
NTSP-3,NTSP-03,NTSP,asiamonstr,NTSP-03 Bushido Girls,,"April 15, 2014",,https://www.asiamonstr.com/giga/ntsp-03-bushido-girls-yurina-ayashiro.html,https://www.giga-web.jp/db_titles/ntsp/ntsp03/pac_s.jpg,,not_found_in_complete_directory; official_asset_head_200,2026-09-12T21:45:28+08:00,确认官方下架,完整官网目录扫描未收录；官网域名下对应历史封面仍返回图像，确认该作品曾有官方记录且现已从目录移除（未发现下架公告或原因）,有依据标下架
PDLN-129,PDLN-129,PDLN,gap,,,,,,,,not_found_in_complete_directory,2026-09-12T17:52:16+08:00,无证据空号,仅由现有番号区间不连续产生，未找到存在记录,仍需核实
PDLN-130,PDLN-130,PDLN,gap,,,,,,,,not_found_in_complete_directory,2026-09-12T17:52:16+08:00,无证据空号,仅由现有番号区间不连续产生，未找到存在记录,仍需核实
PDLN-131,PDLN-131,PDLN,gap,,,,,,,,not_found_in_complete_directory,2026-09-12T17:52:16+08:00,无证据空号,仅由现有番号区间不连续产生，未找到存在记录,仍需核实
PDLN-132,PDLN-132,PDLN,gap,,,,,,,,not_found_in_complete_directory,2026-09-12T17:52:16+08:00,无证据空号,仅由现有番号区间不连续产生，未找到存在记录,仍需核实
PDLN-133,PDLN-133,PDLN,gap,,,,,,,,not_found_in_complete_directory,2026-09-12T17:52:16+08:00,无证据空号,仅由现有番号区间不连续产生，未找到存在记录,仍需核实
PDLN-135,PDLN-135,PDLN,gap,,,,,,,,not_found_in_complete_directory,2026-09-12T17:52:16+08:00,无证据空号,仅由现有番号区间不连续产生，未找到存在记录,仍需核实
PDLN-137,PDLN-137,PDLN,gap,,,,,,,,not_found_in_complete_directory,2026-09-12T17:52:16+08:00,无证据空号,仅由现有番号区间不连续产生，未找到存在记录,仍需核实
PDLN-139,PDLN-139,PDLN,gap,,,,,,,,not_found_in_complete_directory,2026-09-12T17:52:16+08:00,无证据空号,仅由现有番号区间不连续产生，未找到存在记录,仍需核实
PDLN-142,PDLN-142,PDLN,gap,,,,,,,,not_found_in_complete_directory,2026-09-12T17:52:16+08:00,无证据空号,仅由现有番号区间不连续产生，未找到存在记录,仍需核实
PMID-102,PMID-102,PMID,gap,,,,,,,,not_found_in_complete_directory,2026-09-12T17:52:16+08:00,无证据空号,仅由现有番号区间不连续产生，未找到存在记录,仍需核实
PMID-103,PMID-103,PMID,gap,,,,,,,,not_found_in_complete_directory,2026-09-12T17:52:16+08:00,无证据空号,仅由现有番号区间不连续产生，未找到存在记录,仍需核实
PMID-104,PMID-104,PMID,gap,,,,,,,,not_found_in_complete_directory,2026-09-12T17:52:16+08:00,无证据空号,仅由现有番号区间不连续产生，未找到存在记录,仍需核实
PMID-105,PMID-105,PMID,gap,,,,,,,,not_found_in_complete_directory,2026-09-12T17:52:16+08:00,无证据空号,仅由现有番号区间不连续产生，未找到存在记录,仍需核实
PMID-110,PMID-110,PMID,gap,,,,,,,,not_found_in_complete_directory,2026-09-12T17:52:16+08:00,无证据空号,仅由现有番号区间不连续产生，未找到存在记录,仍需核实
PMID-111,PMID-111,PMID,gap,,,,,,,,not_found_in_complete_directory,2026-09-12T17:52:16+08:00,无证据空号,仅由现有番号区间不连续产生，未找到存在记录,仍需核实
PMID-114,PMID-114,PMID,gap,,,,,,,,not_found_in_complete_directory,2026-09-12T17:52:16+08:00,无证据空号,仅由现有番号区间不连续产生，未找到存在记录,仍需核实
PMID-115,PMID-115,PMID,gap,,,,,,,,not_found_in_complete_directory,2026-09-12T17:52:16+08:00,无证据空号,仅由现有番号区间不连续产生，未找到存在记录,仍需核实
PMID-116,PMID-116,PMID,gap,,,,,,,,not_found_in_complete_directory,2026-09-12T17:52:16+08:00,无证据空号,仅由现有番号区间不连续产生，未找到存在记录,仍需核实
PMID-119,PMID-119,PMID,gap,,,,,,,,not_found_in_complete_directory,2026-09-12T17:52:16+08:00,无证据空号,仅由现有番号区间不连续产生，未找到存在记录,仍需核实
PMID-120,PMID-120,PMID,gap,,,,,,,,not_found_in_complete_directory,2026-09-12T17:52:16+08:00,无证据空号,仅由现有番号区间不连续产生，未找到存在记录,仍需核实
PMID-121,PMID-121,PMID,gap,,,,,,,,not_found_in_complete_directory,2026-09-12T17:52:16+08:00,无证据空号,仅由现有番号区间不连续产生，未找到存在记录,仍需核实
PMID-123,PMID-123,PMID,gap,,,,,,,,not_found_in_complete_directory,2026-09-12T17:52:16+08:00,无证据空号,仅由现有番号区间不连续产生，未找到存在记录,仍需核实
PMID-20,PMID-20,PMID,official,ショタコン 第二巻,2007-11-09,,,,https://www.giga-web.jp/product/index.php?product_id=1001,,confirmed,2026-09-12T17:52:16+08:00,确认漏收录,当前官方记录明确存在且线上目录未收录,可补录
PMID-29,PMID-29,PMID,official,男女・交錯 第二巻,2007-10-18,,,,https://www.giga-web.jp/product/index.php?product_id=924,,confirmed,2026-09-12T17:52:16+08:00,确认漏收录,当前官方记录明确存在且线上目录未收录,可补录
PMID-7,PMID-7,PMID,official,巨大女 第一巻,2005-03-23,,,,https://www.giga-web.jp/product/index.php?product_id=939,,confirmed,2026-09-12T17:52:16+08:00,确认漏收录,当前官方记录明确存在且线上目录未收录,可补录
PMID-77,PMID-77,PMID,official,憑依 第一巻,2007-03-22,,,,https://www.giga-web.jp/product/index.php?product_id=951,,confirmed,2026-09-12T17:52:16+08:00,确认漏收录,当前官方记录明确存在且线上目录未收录,可补录
PMID-78,PMID-78,PMID,official,憑依 第二巻,2007-03-22,,,,https://www.giga-web.jp/product/index.php?product_id=952,,confirmed,2026-09-12T17:52:16+08:00,确认漏收录,当前官方记录明确存在且线上目录未收录,可补录
PMID-8,PMID-8,PMID,official,巨大女 第二巻,2005-03-23,,,,https://www.giga-web.jp/product/index.php?product_id=940,,confirmed,2026-09-12T17:52:16+08:00,确认漏收录,当前官方记录明确存在且线上目录未收录,可补录
PMID-81,PMID-81,PMID,official,透明人間 第一巻,2007-07-10,,,,https://www.giga-web.jp/product/index.php?product_id=1022,,confirmed,2026-09-12T17:52:16+08:00,确认漏收录,当前官方记录明确存在且线上目录未收录,可补录
PMID-82,PMID-82,PMID,official,透明人間 第二巻,2007-07-10,,,,https://www.giga-web.jp/product/index.php?product_id=1023,,confirmed,2026-09-12T17:52:16+08:00,确认漏收录,当前官方记录明确存在且线上目录未收录,可补录
PMID-84,PMID-84,PMID,gap,,,,,,,,not_found_in_complete_directory,2026-09-12T17:52:16+08:00,无证据空号,仅由现有番号区间不连续产生，未找到存在记录,仍需核实
PMID-85,PMID-85,PMID,gap,,,,,,,,not_found_in_complete_directory,2026-09-12T17:52:16+08:00,无证据空号,仅由现有番号区间不连续产生，未找到存在记录,仍需核实
PMID-86,PMID-86,PMID,gap,,,,,,,,not_found_in_complete_directory,2026-09-12T17:52:16+08:00,无证据空号,仅由现有番号区间不连续产生，未找到存在记录,仍需核实
PMID-87,PMID-87,PMID,gap; official,ショタコン 第四巻,2007-11-09,,,,https://www.giga-web.jp/product/index.php?product_id=998,,confirmed,2026-09-12T17:52:16+08:00,确认漏收录,当前官方记录明确存在且线上目录未收录,可补录
PMID-88,PMID-88,PMID,gap; official,改造人間 第四巻,2007-11-09,,,,https://www.giga-web.jp/product/index.php?product_id=965,,confirmed,2026-09-12T17:52:16+08:00,确认漏收录,当前官方记录明确存在且线上目录未收录,可补录
PMID-89,PMID-89,PMID,gap,,,,,,,,not_found_in_complete_directory,2026-09-12T17:52:16+08:00,无证据空号,仅由现有番号区间不连续产生，未找到存在记录,仍需核实
PMID-9,PMID-9,PMID,official,巨大女 第三巻,2005-03-23,,,,https://www.giga-web.jp/product/index.php?product_id=941,,confirmed,2026-09-12T17:52:16+08:00,确认漏收录,当前官方记录明确存在且线上目录未收录,可补录
PMID-91,PMID-91,PMID,gap,,,,,,,,not_found_in_complete_directory,2026-09-12T17:52:16+08:00,无证据空号,仅由现有番号区间不连续产生，未找到存在记录,仍需核实
PMID-97,PMID-97,PMID,gap,,,,,,,,not_found_in_complete_directory,2026-09-12T17:52:16+08:00,无证据空号,仅由现有番号区间不连续产生，未找到存在记录,仍需核实
PMID-99,PMID-99,PMID,gap,,,,,,,,not_found_in_complete_directory,2026-09-12T17:52:16+08:00,无证据空号,仅由现有番号区间不连续产生，未找到存在记录,仍需核实
RYOJ-17,RYOJ-17,RYOJ,asiamonstr; gap,RYOJ-17 Heroine Insult Vol.117 -Sailor Diana,,"April 17, 2019",,https://www.asiamonstr.com/giga/ryoj-17-heroine-insult-vol-117-sailor-diana-erina-ichihashi.html,https://www.giga-web.jp/db_titles/ryoj/ryoj17/pac_s.jpg,,not_found_in_complete_directory; official_asset_head_200,2026-09-12T21:45:28+08:00,确认官方下架,完整官网目录扫描未收录；官网域名下对应历史封面仍返回图像，确认该作品曾有官方记录且现已从目录移除（未发现下架公告或原因）,有依据标下架
RYOJ-2,RYOJ-02,RYOJ,asiamonstr; gap,RYOJ-02 Heroine Insult Vol.102 -Spider Lady,,"November 13, 2017",,https://www.asiamonstr.com/giga/ryoj-02-heroine-insult-vol-102-spider-lady-miori-matsushita.html,https://www.giga-web.jp/db_titles/ryoj/ryoj02/pac_s.jpg,,not_found_in_complete_directory; official_asset_head_200,2026-09-12T21:45:28+08:00,确认官方下架,完整官网目录扫描未收录；官网域名下对应历史封面仍返回图像，确认该作品曾有官方记录且现已从目录移除（未发现下架公告或原因）,有依据标下架
SGKA-11,SGKA-11,SGKA,asiamonstr; gap,SGKA-11 Hand Picked Scenes Over 200 Minutes Jav Film Sex,,"February 26, 2013",,https://www.asiamonstr.com/giga/sgka-11-hand-picked-scenes-over-200-minutes-jav-film-sex.html,,,not_found_in_complete_directory,2026-09-12T17:52:16+08:00,历史条目，状态待核实,外部或历史来源明确记载，但当前官方状态未获确认,仍需核实
SGKA-12,SGKA-12,SGKA,gap,,,,,,,,not_found_in_complete_directory,2026-09-12T17:52:16+08:00,无证据空号,仅由现有番号区间不连续产生，未找到存在记录,仍需核实
SGKA-15,SGKA-15,SGKA,gap,,,,,,,,not_found_in_complete_directory,2026-09-12T17:52:16+08:00,无证据空号,仅由现有番号区间不连续产生，未找到存在记录,仍需核实
SGKA-9,SGKA-9,SGKA,gap,,,,,,,,not_found_in_complete_directory,2026-09-12T17:52:16+08:00,无证据空号,仅由现有番号区间不连续产生，未找到存在记录,仍需核实
SNGM-4,SNGM-04,SNGM,asiamonstr; gap,SNGM-04 Dark Elf Knight Arnas,,"March 18, 2017",,https://www.asiamonstr.com/giga/sngm-04-dark-elf-knight-arnas-kaho-shibuya.html,https://www.giga-web.jp/db_titles/sngm/sngm04/pac_s.jpg,,not_found_in_complete_directory; official_asset_head_200,2026-09-12T21:45:30+08:00,确认官方下架,完整官网目录扫描未收录；官网域名下对应历史封面仍返回图像，确认该作品曾有官方记录且现已从目录移除（未发现下架公告或原因）,有依据标下架
STAK-18,STAK-18,STAK,asiamonstr; gap,STAK-18 Hinawa-Gun,,"April 2, 2015",,https://www.asiamonstr.com/giga/stak-18-hinawa-gun-yurina-ayashiro.html,https://www.giga-web.jp/db_titles/stak/stak18/pac_s.jpg,,not_found_in_complete_directory; official_asset_head_200,2026-09-12T21:45:30+08:00,确认官方下架,完整官网目录扫描未收录；官网域名下对应历史封面仍返回图像，确认该作品曾有官方记录且现已从目录移除（未发现下架公告或原因）,有依据标下架
STAK-21,STAK-21,STAK,asiamonstr; gap,STAK-21 Road Breakers,,"August 1, 2014",,https://www.asiamonstr.com/giga/stak-21-road-breakers.html,https://www.giga-web.jp/db_titles/stak/stak21/pac_s.jpg,,not_found_in_complete_directory; official_asset_head_200,2026-09-12T21:45:31+08:00,确认官方下架,完整官网目录扫描未收录；官网域名下对应历史封面仍返回图像，确认该作品曾有官方记录且现已从目录移除（未发现下架公告或原因）,有依据标下架
STAK-23,STAK-23,STAK,asiamonstr; gap,STAK-23 Dreamy Lily the Magical Idol,,"September 19, 2014",,https://www.asiamonstr.com/giga/stak-23-dreamy-lily-the-magical-idol.html,https://www.giga-web.jp/db_titles/stak/stak23/pac_s.jpg,,not_found_in_complete_directory; official_asset_head_200,2026-09-12T21:45:31+08:00,确认官方下架,完整官网目录扫描未收录；官网域名下对应历史封面仍返回图像，确认该作品曾有官方记录且现已从目录移除（未发现下架公告或原因）,有依据标下架
STAK-9,STAK-09,STAK,asiamonstr; gap,STAK-09 Gekiretsu Space Pirate,,"February 15, 2014",,https://www.asiamonstr.com/giga/stak-09-gekiretsu-space-pirate-chizuru-sakura-ichigo-aoi.html,https://www.giga-web.jp/db_titles/stak/stak09/pac_s.jpg,,not_found_in_complete_directory; official_asset_head_200,2026-09-12T21:45:31+08:00,确认官方下架,完整官网目录扫描未收录；官网域名下对应历史封面仍返回图像，确认该作品曾有官方记录且现已从目录移除（未发现下架公告或原因）,有依据标下架
TBB-1,TBB-1,TBB,official,ヒロイン討伐Vol.01,2005-01-13,,,,https://www.giga-web.jp/product/index.php?product_id=1104,,confirmed,2026-09-12T17:52:16+08:00,确认漏收录,当前官方记录明确存在且线上目录未收录,可补录
TBB-10,TBB-10,TBB,official,ヒロイン討伐Vol.10,2005-09-13,,,,https://www.giga-web.jp/product/index.php?product_id=1095,,confirmed,2026-09-12T17:52:16+08:00,确认漏收录,当前官方记录明确存在且线上目录未收录,可补录
TBB-11,TBB-11,TBB,asiamonstr; official,TBB-11 Heroine Suppression Vol.11,2005-10-13,"April 24, 2013",,https://www.asiamonstr.com/giga/tbb-11-heroine-suppression-vol-11-nakano-chinatsu.html,https://www.giga-web.jp/product/index.php?product_id=1094,,confirmed,2026-09-12T17:52:16+08:00,确认漏收录,当前官方记录明确存在且线上目录未收录,可补录
TBB-12,TBB-12,TBB,asiamonstr; official,"TBB-12 Heroine Suppression Vol.12, Sakurada Sakura",2005-11-13,"December 25, 2013",,https://www.asiamonstr.com/giga/tbb-12-heroine-suppression-vol-12-sakurada-sakura.html,https://www.giga-web.jp/product/index.php?product_id=1093,,confirmed,2026-09-12T17:52:16+08:00,确认漏收录,当前官方记录明确存在且线上目录未收录,可补录
TBB-13,TBB-13,TBB,asiamonstr; official,TBB-13 Heroine Suppression Vol.13,2005-12-13,"February 28, 2013",,https://www.asiamonstr.com/giga/tbb-13-heroine-suppression-vol-13.html,https://www.giga-web.jp/product/index.php?product_id=1092,,confirmed,2026-09-12T17:52:16+08:00,确认漏收录,当前官方记录明确存在且线上目录未收录,可补录
TBB-14,TBB-14,TBB,asiamonstr; official,TBB-14 Heroine Suppression Vol.14,2006-01-13,"February 28, 2013",,https://www.asiamonstr.com/giga/tbb-14-heroine-suppression-vol-14.html,https://www.giga-web.jp/product/index.php?product_id=1091,,confirmed,2026-09-12T17:52:16+08:00,确认漏收录,当前官方记录明确存在且线上目录未收录,可补录
TBB-15,TBB-15,TBB,asiamonstr; official,TBB-15 Heroine Suppression Vol.15 Patty Kate,2006-02-13,"December 25, 2013",,https://www.asiamonstr.com/giga/tbb-15-heroine-suppression-vol-15.html,https://www.giga-web.jp/product/index.php?product_id=1090,,confirmed,2026-09-12T17:52:16+08:00,确认漏收录,当前官方记录明确存在且线上目录未收录,可补录
TBB-16,TBB-16,TBB,asiamonstr; official,"TBB-16 Heroine Suppression Vol.16, Tachibana Riko",2006-03-13,"August 25, 2014",,https://www.asiamonstr.com/giga/tbb-16-heroine-suppression-vol-16-tachibana-riko.html,https://www.giga-web.jp/product/index.php?product_id=1089,,confirmed,2026-09-12T17:52:16+08:00,确认漏收录,当前官方记录明确存在且线上目录未收录,可补录
TBB-17,TBB-17,TBB,asiamonstr; official,TBB-17 Heroine Suppression Vol.17,2006-04-13,"September 6, 2017",,https://www.asiamonstr.com/giga/tbb-17-heroine-suppression-vol-17-daiya-mizusawa.html,https://www.giga-web.jp/product/index.php?product_id=1085,,confirmed,2026-09-12T17:52:16+08:00,确认漏收录,当前官方记录明确存在且线上目录未收录,可补录
TBB-18,TBB-18,TBB,asiamonstr; official,"TBB-18 Heroine Suppression Vol.18, Kinoshita Chinatsu",2006-05-13,"November 5, 2013",,https://www.asiamonstr.com/giga/tbb-18-heroine-suppression-vol-18-kinoshita-chinatsu.html,https://www.giga-web.jp/product/index.php?product_id=1083,,confirmed,2026-09-12T17:52:16+08:00,确认漏收录,当前官方记录明确存在且线上目录未收录,可补录
TBB-19,TBB-19,TBB,asiamonstr; official,"TBB-19 Heroine Suppression Vol.19, Komine Yui",2006-06-13,"January 2, 2014",,https://www.asiamonstr.com/giga/tbb-19-heroine-suppression-vol-19.html,https://www.giga-web.jp/product/index.php?product_id=1080,,confirmed,2026-09-12T17:52:16+08:00,确认漏收录,当前官方记录明确存在且线上目录未收录,可补录
TBB-2,TBB-2,TBB,official,ヒロイン討伐Vol.02,2005-02-13,,,,https://www.giga-web.jp/product/index.php?product_id=1103,,confirmed,2026-09-12T17:52:16+08:00,确认漏收录,当前官方记录明确存在且线上目录未收录,可补录
TBB-20,TBB-20,TBB,asiamonstr; official,TBB-20 Heroine Suppression Vol.20 YOU,2006-07-13,"June 26, 2014",,https://www.asiamonstr.com/giga/tbb-20-heroine-suppression-vol-20.html,https://www.giga-web.jp/product/index.php?product_id=1079,,confirmed,2026-09-12T17:52:16+08:00,确认漏收录,当前官方记录明确存在且线上目录未收录,可补录
TBB-21,TBB-21,TBB,asiamonstr; official,"TBB-21 Heroine Suppression Vol.21, Asou Misaki",2006-08-13,"January 2, 2014",,https://www.asiamonstr.com/giga/tbb-21-heroine-suppression-vol-21-asou-misaki.html,https://www.giga-web.jp/product/index.php?product_id=1078,,confirmed,2026-09-12T17:52:16+08:00,确认漏收录,当前官方记录明确存在且线上目录未收录,可补录
TBB-22,TBB-22,TBB,asiamonstr; official,TBB-22 Heroine Suppression Vol.22,2006-09-13,"April 8, 2014",,https://www.asiamonstr.com/giga/tbb-22-heroine-suppression-vol-22.html,https://www.giga-web.jp/product/index.php?product_id=1077,,confirmed,2026-09-12T17:52:16+08:00,确认漏收录,当前官方记录明确存在且线上目录未收录,可补录
TBB-23,TBB-23,TBB,asiamonstr; official,"TBB-23 Heroine Suppression Vol.23, Shiina Riku",2006-10-13,"February 1, 2014",,https://www.asiamonstr.com/giga/tbb-23-heroine-suppression-vol-23-shiina-riku.html,https://www.giga-web.jp/product/index.php?product_id=2912,,confirmed,2026-09-12T17:52:16+08:00,确认漏收录,当前官方记录明确存在且线上目录未收录,可补录
TBB-24,TBB-24,TBB,asiamonstr; official,TBB-24 Heroine Suppression Vol.24,2006-11-13,"February 28, 2013",,https://www.asiamonstr.com/giga/tbb-24-heroine-suppression-vol-24.html,https://www.giga-web.jp/product/index.php?product_id=1075,,confirmed,2026-09-12T17:52:16+08:00,确认漏收录,当前官方记录明确存在且线上目录未收录,可补录
TBB-25,TBB-25,TBB,asiamonstr; official,"TBB-25 Heroine Suppression Vol.25, Ousawa Mahiru",2006-12-13,"January 9, 2014",,https://www.asiamonstr.com/giga/tbb-25-heroine-suppression-vol-25-ousawa-mahiru.html,https://www.giga-web.jp/product/index.php?product_id=1074,,confirmed,2026-09-12T17:52:16+08:00,确认漏收录,当前官方记录明确存在且线上目录未收录,可补录
TBB-26,TBB-26,TBB,asiamonstr; official,"TBB-26 Heroine Suppression Vol.26, Imokawa Naoko",2007-01-13,"January 9, 2014",,https://www.asiamonstr.com/giga/tbb-26-heroine-suppression-vol-26-imokawa-naoko.html,https://www.giga-web.jp/product/index.php?product_id=1073,,confirmed,2026-09-12T17:52:16+08:00,确认漏收录,当前官方记录明确存在且线上目录未收录,可补录
TBB-27,TBB-27,TBB,asiamonstr; official,TBB-27 Heroine Suppression Vol.27,2007-02-13,"February 28, 2013",,https://www.asiamonstr.com/giga/tbb-27-heroine-suppression-vol-27.html,https://www.giga-web.jp/product/index.php?product_id=1072,,confirmed,2026-09-12T17:52:16+08:00,确认漏收录,当前官方记录明确存在且线上目录未收录,可补录
TBB-28,TBB-28,TBB,asiamonstr,TBB-28 Heroine Suppression Vol.28,,"January 9, 2014",,https://www.asiamonstr.com/giga/tbb-28-heroine-suppression-vol-28.html,https://www.giga-web.jp/db_titles/tbb/tbb28/pac_s.jpg,,not_found_in_complete_directory; official_asset_head_200,2026-09-12T21:45:32+08:00,确认官方下架,完整官网目录扫描未收录；官网域名下对应历史封面仍返回图像，确认该作品曾有官方记录且现已从目录移除（未发现下架公告或原因）,有依据标下架
TBB-29,TBB-29,TBB,asiamonstr,"TBB-29 Heroine Suppression Vol.29, Mochida Akane",,"January 10, 2014",,https://www.asiamonstr.com/giga/tbb-29-heroine-suppression-vol-29-mochida-akane.html,https://www.giga-web.jp/db_titles/tbb/tbb29/pac_s.jpg,,not_found_in_complete_directory; official_asset_head_200,2026-09-12T21:45:32+08:00,确认官方下架,完整官网目录扫描未收录；官网域名下对应历史封面仍返回图像，确认该作品曾有官方记录且现已从目录移除（未发现下架公告或原因）,有依据标下架
TBB-3,TBB-3,TBB,official,ヒロイン討伐Vol.03,2005-03-20,,,,https://www.giga-web.jp/product/index.php?product_id=1102,,confirmed,2026-09-12T17:52:16+08:00,确认漏收录,当前官方记录明确存在且线上目录未收录,可补录
TBB-30,TBB-30,TBB,asiamonstr; official,TBB-30 Heroine Suppression,2007-06-08,"February 1, 2013",,https://www.asiamonstr.com/giga/tbb-30-heroine-suppression-rina-himekawa.html,https://www.giga-web.jp/product/index.php?product_id=1069,,confirmed,2026-09-12T17:52:16+08:00,确认漏收录,当前官方记录明确存在且线上目录未收录,可补录
TBB-31,TBB-31,TBB,asiamonstr; official,TBB-31 Heroine Suppression Vol.31,2007-08-10,"February 2, 2014",,https://www.asiamonstr.com/giga/tbb-31-heroine-suppression-vol-31-sayama-kotomi.html,https://www.giga-web.jp/product/index.php?product_id=1068,,confirmed,2026-09-12T17:52:16+08:00,确认漏收录,当前官方记录明确存在且线上目录未收录,可补录
TBB-32,TBB-32,TBB,asiamonstr; official,"TBB-32 Heroine Suppression Vol.32, Ousawa Mahiru, Arakawa Maimi",2007-10-12,"February 2, 2014",,https://www.asiamonstr.com/giga/tbb-32-heroine-suppression-vol-32-ousawa-mahiru-arakawa-maimi.html,https://www.giga-web.jp/product/index.php?product_id=1067,,confirmed,2026-09-12T17:52:16+08:00,确认漏收录,当前官方记录明确存在且线上目录未收录,可补录
TBB-4,TBB-4,TBB,official,ヒロイン討伐Vol.04,2005-04-13,,,,https://www.giga-web.jp/product/index.php?product_id=1101,,confirmed,2026-09-12T17:52:16+08:00,确认漏收录,当前官方记录明确存在且线上目录未收录,可补录
TBB-45,TBB-45,TBB,asiamonstr; gap,TBB-45 Super heroine,,"April 5, 2013",,https://www.asiamonstr.com/giga/tbb-45-super-heroine-rino-kamiya.html,,,not_found_in_complete_directory,2026-09-12T17:52:16+08:00,历史条目，状态待核实,外部或历史来源明确记载，但当前官方状态未获确认,仍需核实
TBB-5,TBB-5,TBB,official,ヒロイン討伐Vol.05,2005-05-13,,,,https://www.giga-web.jp/product/index.php?product_id=1100,,confirmed,2026-09-12T17:52:16+08:00,确认漏收录,当前官方记录明确存在且线上目录未收录,可补录
TBB-6,TBB-6,TBB,official,ヒロイン討伐Vol.06,2005-06-14,,,,https://www.giga-web.jp/product/index.php?product_id=1099,,confirmed,2026-09-12T17:52:16+08:00,确认漏收录,当前官方记录明确存在且线上目录未收录,可补录
TBB-7,TBB-7,TBB,official,ヒロイン討伐Vol.07,2005-07-11,,,,https://www.giga-web.jp/product/index.php?product_id=1098,,confirmed,2026-09-12T17:52:16+08:00,确认漏收录,当前官方记录明确存在且线上目录未收录,可补录
TBB-71,TBB-71,TBB,asiamonstr; gap,TBB-71 Heroine Subjugation Vol.71,,"May 8, 2015",,https://www.asiamonstr.com/giga/tbb-71-heroine-subjugation-vol-71-mai-tamaki-emiri-takayama.html,https://www.giga-web.jp/db_titles/tbb/tbb71/pac_s.jpg,,not_found_in_complete_directory; official_asset_head_200,2026-09-12T21:45:34+08:00,确认官方下架,完整官网目录扫描未收录；官网域名下对应历史封面仍返回图像，确认该作品曾有官方记录且现已从目录移除（未发现下架公告或原因）,有依据标下架
TBB-74,TBB-74,TBB,asiamonstr; gap,TBB-74 Heroine Suppression Vol.74,,"March 10, 2016",,https://www.asiamonstr.com/giga/tbb-74-heroine-suppression-vol-74-iroha-seino-tomoka.html,https://www.giga-web.jp/db_titles/tbb/tbb74/pac_s.jpg,,not_found_in_complete_directory; official_asset_head_200,2026-09-12T21:45:34+08:00,确认官方下架,完整官网目录扫描未收录；官网域名下对应历史封面仍返回图像，确认该作品曾有官方记录且现已从目录移除（未发现下架公告或原因）,有依据标下架
TBB-75,TBB-75,TBB,asiamonstr; gap,TBB-75 Heroine Suppression Vol.75,,"June 18, 2016",,https://www.asiamonstr.com/giga/tbb-75-heroine-suppression-vol-75-miku-aoyama-mirei-yokoyama.html,https://www.giga-web.jp/db_titles/tbb/tbb75/pac_s.jpg,,not_found_in_complete_directory; official_asset_head_200,2026-09-12T21:45:34+08:00,确认官方下架,完整官网目录扫描未收录；官网域名下对应历史封面仍返回图像，确认该作品曾有官方记录且现已从目录移除（未发现下架公告或原因）,有依据标下架
TBB-8,TBB-8,TBB,official,ヒロイン討伐Vol.08,2005-08-24,,,,https://www.giga-web.jp/product/index.php?product_id=1097,,confirmed,2026-09-12T17:52:16+08:00,确认漏收录,当前官方记录明确存在且线上目录未收录,可补录
TBB-87,TBB-87,TBB,asiamonstr; gap,TBB-87 Heroine Suppression Vol.87 New Star Unit Ryuseijer -Ryusei Pink Erina Ichihashi,,"May 11, 2019",,https://www.asiamonstr.com/giga/tbb-87-heroine-suppression-vol-87-new-star-unit-ryuseijer-ryusei-pink-erina-ichihashi.html,https://www.giga-web.jp/db_titles/tbb/tbb87/pac_s.jpg,,not_found_in_complete_directory; official_asset_head_200,2026-09-12T21:45:35+08:00,确认官方下架,完整官网目录扫描未收录；官网域名下对应历史封面仍返回图像，确认该作品曾有官方记录且现已从目录移除（未发现下架公告或原因）,有依据标下架
TBB-88,TBB-88,TBB,asiamonstr; gap,TBB-88 Heroine Suppression Vol.88 -Bird Force Bird Swan,,"July 14, 2019",,https://www.asiamonstr.com/giga/tbb-88-heroine-suppression-vol-88-bird-force-bird-swan-hana-misora-rina-sato.html,https://www.giga-web.jp/db_titles/tbb/tbb88/pac_s.jpg,,not_found_in_complete_directory; official_asset_head_200,2026-09-12T21:45:35+08:00,确认官方下架,完整官网目录扫描未收录；官网域名下对应历史封面仍返回图像，确认该作品曾有官方记录且现已从目录移除（未发现下架公告或原因）,有依据标下架
TBB-9,TBB-9,TBB,official,ヒロイン討伐Vol.09,2005-08-30,,,,https://www.giga-web.jp/product/index.php?product_id=1096,,confirmed,2026-09-12T17:52:16+08:00,确认漏收录,当前官方记录明确存在且线上目录未收录,可补录
TBB-93,TBB-93,TBB,asiamonstr; gap,TBB-93 Heroine Suppression Vol.93 Mach Ranger -Cooking Suppression,,"July 14, 2020",,https://www.asiamonstr.com/giga/tbb-93-heroine-suppression-vol-93-mach-ranger-cooking-suppression-noa-kawanishi.html,https://www.giga-web.jp/db_titles/tbb/tbb93/pac_s.jpg,,not_found_in_complete_directory; official_asset_head_200,2026-09-12T21:45:35+08:00,确认官方下架,完整官网目录扫描未收录；官网域名下对应历史封面仍返回图像，确认该作品曾有官方记录且现已从目录移除（未发现下架公告或原因）,有依据标下架
TBB-97,TBB-97,TBB,asiamonstr; gap; history,TBB-97 Heroine Suppression Vol.97 -Legenmirror Episode 24 Eliminate Blue Fenril-,2021-06-11,"May 21, 2021",,https://www.asiamonstr.com/giga/tbb-97-heroine-suppression-vol-97-legenmirror-episode-24-eliminate-blue-fenril.html,https://www.giga-web.jp/db_titles/tbb/tbb97/pac_s.jpg,0f1fe95ab25224f11cfd8fe304a3ed14a4fdd3ec:public/data/catalog.json; 8104579b6cc7411748b1685868af22e5b8d0dd77:public/data/catalog.json; b2f7a3e714bd49d9fa8c262d4460ce09c5286ec0:public/data/catalog.json; b8c1609c6eab57a96d6486d18175d4ee1c52d257:public/data/catalog.json; fb07a3ad9a69a3a57c96eab4405e1d5f45c507ed:public/data/catalog.json,not_found_in_complete_directory; official_asset_head_200,2026-09-12T21:45:36+08:00,确认官方下架,完整官网目录扫描未收录；官网域名下对应历史封面仍返回图像，确认该作品曾有官方记录且现已从目录移除（未发现下架公告或原因）,有依据标下架
TBW-1,TBW-01; TBW-1,TBW,asiamonstr; official,"TBW-01 Heroine Brainwash 01, Miyuu Honoka, Satomi Nakayama",2007-04-13,"July 14, 2013",,https://www.asiamonstr.com/giga/tbw-01-heroine-brainwash-01-miyuu-honoka-satomi-nakayama.html,https://www.giga-web.jp/product/index.php?product_id=1047,,confirmed,2026-09-12T17:52:16+08:00,确认漏收录,当前官方记录明确存在且线上目录未收录,可补录
TBW-2,TBW-02; TBW-2,TBW,asiamonstr; official,"TBW-02 Heroine Brainwash 02, Eri Sakuragi",2007-05-25,"February 3, 2014",,https://www.asiamonstr.com/giga/tbw-02-heroine-brainwash-02-eri-sakuragi.html,https://www.giga-web.jp/product/index.php?product_id=1046,,confirmed,2026-09-12T17:52:16+08:00,确认漏收录,当前官方记录明确存在且线上目录未收录,可补录
TBW-30,TBW-30,TBW,asiamonstr; gap,"TBW-30 Heroine Brainwash Vol.30 -Silfina, Sneaky Trap!",,"April 26, 2024",,https://www.asiamonstr.com/giga/tbw-30-heroine-brainwash-vol-30-silfina-sneaky-trap.html,,,not_found_in_complete_directory,2026-09-12T17:52:16+08:00,历史条目，状态待核实,外部或历史来源明确记载，但当前官方状态未获确认,仍需核实
TBXX-14,TBXX-14,TBXX,asiamonstr; gap,"TBXX-14 Heroine Wars – One Year War of the Naked Teacher, Ai Ishihara",,"August 9, 2014",,https://www.asiamonstr.com/giga/tbxx-14-heroine-wars-one-year-war-of-the-naked-teacher-ai-ishihara.html,https://www.giga-web.jp/db_titles/tbxx/tbxx14/pac_s.jpg,,not_found_in_complete_directory; official_asset_head_200,2026-09-12T21:45:38+08:00,确认官方下架,完整官网目录扫描未收录；官网域名下对应历史封面仍返回图像，确认该作品曾有官方记录且现已从目录移除（未发现下架公告或原因）,有依据标下架
TBXX-19,TBXX-19,TBXX,asiamonstr; gap,TBXX-19 Heroine Sexual Harassment – Target Daytona Pink,,"January 6, 2015",,https://www.asiamonstr.com/giga/tbxx-19-heroine-sexual-harassment-target-daytona-pink-yurina-ayashiro.html,https://www.giga-web.jp/db_titles/tbxx/tbxx19/pac_s.jpg,,not_found_in_complete_directory; official_asset_head_200,2026-09-12T21:45:38+08:00,确认官方下架,完整官网目录扫描未收录；官网域名下对应历史封面仍返回图像，确认该作品曾有官方记录且现已从目录移除（未发现下架公告或原因）,有依据标下架
TBXX-9,TBXX-09,TBXX,asiamonstr; gap,"TBXX-09 What’s Your Job, Shizuku Hasegawa",,"March 12, 2014",,https://www.asiamonstr.com/giga/tbxx-09-what-s-your-job-shizuku-hasegawa.html,https://www.giga-web.jp/db_titles/tbxx/tbxx09/pac_s.jpg,,not_found_in_complete_directory; official_asset_head_200,2026-09-12T21:45:38+08:00,确认官方下架,完整官网目录扫描未收录；官网域名下对应历史封面仍返回图像，确认该作品曾有官方记录且现已从目录移除（未发现下架公告或原因）,有依据标下架
TCC-2,TCC-2,TCC,gap,,,,,,,,not_found_in_complete_directory,2026-09-12T17:52:16+08:00,无证据空号,仅由现有番号区间不连续产生，未找到存在记录,仍需核实
TDLN-1,TDLN-01; TDLN-1,TDLN,asiamonstr; official,TDLN-01 Heroine in Hell with Subjugation-Hungry Demon,2004-02-14,"December 24, 2017",,https://www.asiamonstr.com/giga/tdln-01-heroine-in-hell-with-subjugation-hungry-demon-kokoro-miyauti.html,https://www.giga-web.jp/product/index.php?product_id=2052,,confirmed,2026-09-12T17:52:16+08:00,确认漏收录,当前官方记录明确存在且线上目录未收录,可补录
TDLN-10,TDLN-10,TDLN,asiamonstr; official,TDLN-10 Woman combatant SP,2004-12-15,"February 3, 2014",,https://www.asiamonstr.com/giga/tdln-10-woman-combatant-sp-anri-mizuna.html,https://www.giga-web.jp/product/index.php?product_id=2060,,confirmed,2026-09-12T17:52:16+08:00,确认漏收录,当前官方记录明确存在且线上目录未收录,可补录
TDLN-11,TDLN-11,TDLN,official,スーパーヒロイン危機一髪!!ＳＰ２,2004-12-16,,,,https://www.giga-web.jp/product/index.php?product_id=2061,,confirmed,2026-09-12T17:52:16+08:00,确认漏收录,当前官方记录明确存在且线上目录未收录,可补录
TDLN-12,TDLN-12,TDLN,asiamonstr; official,TDLN-12 Heroine in Hell with Subjugation-Hungry Demon Vol.04,2004-12-17,"September 12, 2018",,https://www.asiamonstr.com/giga/tdln-12-heroine-in-hell-with-subjugation-hungry-demon-vol-04-sayo-yagami.html,https://www.giga-web.jp/product/index.php?product_id=2062,,confirmed,2026-09-12T17:52:16+08:00,确认漏收录,当前官方记录明确存在且线上目录未收录,可补录
TDLN-13,TDLN-13,TDLN,official,スーパーヒロイン電マ Vol.03,2004-12-17,,,,https://www.giga-web.jp/product/index.php?product_id=2063,,confirmed,2026-09-12T17:52:16+08:00,确认漏收录,当前官方记录明确存在且线上目录未收录,可补录
TDLN-130,TDLN-130,TDLN,gap,,,,,,,,not_found_in_complete_directory,2026-09-12T17:52:16+08:00,无证据空号,仅由现有番号区间不连续产生，未找到存在记录,仍需核实
TDLN-134,TDLN-134,TDLN,asiamonstr; gap,TDLN-134 Heroine Orgasm Face Hell,,"May 2, 2013",,https://www.asiamonstr.com/giga/tdln-134-heroine-orgasm-face-hell.html,https://www.giga-web.jp/db_titles/tdln/tdln134/pac_s.jpg,,not_found_in_complete_directory; official_asset_head_200,2026-09-12T21:45:38+08:00,确认官方下架,完整官网目录扫描未收录；官网域名下对应历史封面仍返回图像，确认该作品曾有官方记录且现已从目录移除（未发现下架公告或原因）,有依据标下架
TDLN-14,TDLN-14,TDLN,official,悪のスーパーヒロイン危機一髪!!ＳＰ２,2004-12-18,,,,https://www.giga-web.jp/product/index.php?product_id=2064,,confirmed,2026-09-12T17:52:16+08:00,确认漏收录,当前官方记录明确存在且线上目录未收录,可补录
TDLN-15,TDLN-15,TDLN,asiamonstr; official,TDLN-15 Super Heroine Electric Massage Torture Vol.04,2004-12-19,"September 15, 2018",,https://www.asiamonstr.com/giga/tdln-15-super-heroine-electric-massage-torture-vol-04-haruna-hosino-riko-tachibana.html,https://www.giga-web.jp/product/index.php?product_id=2065,,confirmed,2026-09-12T17:52:16+08:00,确认漏收录,当前官方记录明确存在且线上目录未收录,可补录
TDLN-16,TDLN-16,TDLN,asiamonstr; official,TDLN-16 Close call Super Heroine,2004-12-20,"April 15, 2013",,https://www.asiamonstr.com/giga/tdln-16-close-call-super-heroine-riko-tachibana.html,https://www.giga-web.jp/product/index.php?product_id=2067,,confirmed,2026-09-12T17:52:16+08:00,确认漏收录,当前官方记录明确存在且线上目录未收录,可补录
TDLN-17,TDLN-17,TDLN,asiamonstr; official,TDLN-17 Super-heroine near miss SP3 of evil,2004-12-21,"August 28, 2014",,https://www.asiamonstr.com/giga/tdln-17-super-heroine-near-miss-sp3-of-evil-anri-mizuna.html,https://www.giga-web.jp/product/index.php?product_id=2068,,confirmed,2026-09-12T17:52:16+08:00,确认漏收录,当前官方记录明确存在且线上目录未收录,可补录
TDLN-18,TDLN-18,TDLN,official,スーパーヒロイン危機一髪!!ＳＰ４,2004-12-22,,,,https://www.giga-web.jp/product/index.php?product_id=2069,,confirmed,2026-09-12T17:52:16+08:00,确认漏收录,当前官方记录明确存在且线上目录未收录,可补录
TDLN-19,TDLN-19,TDLN,asiamonstr; official,TDLN-19 HEROINE subjugation hungry demon hell Vol.05,2004-12-23,"September 16, 2018",,https://www.asiamonstr.com/giga/tdln-19-heroine-subjugation-hungry-demon-hell-vol-05.html,https://www.giga-web.jp/product/index.php?product_id=2070,,confirmed,2026-09-12T17:52:16+08:00,确认漏收录,当前官方记录明确存在且线上目录未收录,可补录
TDLN-2,TDLN-02; TDLN-2,TDLN,asiamonstr; official,TDLN-02 Super Heroine Electric Massage Torture Vol.01,2004-05-15,"December 25, 2017",,https://www.asiamonstr.com/giga/tdln-02-super-heroine-electric-massage-torture-vol-01-akane-yazaki-ray-himekawa.html,https://www.giga-web.jp/product/index.php?product_id=2053,,confirmed,2026-09-12T17:52:16+08:00,确认漏收录,当前官方记录明确存在且线上目录未收录,可补录
TDLN-20,TDLN-20,TDLN,official,スーパーヒロインこぶ縄Vol.01,2004-12-24,,,,https://www.giga-web.jp/product/index.php?product_id=2073,,confirmed,2026-09-12T17:52:16+08:00,确认漏收录,当前官方记录明确存在且线上目录未收录,可补录
TDLN-21,TDLN-21,TDLN,official,スーパーヒロイン電マ Vol.05,2004-12-25,,,,https://www.giga-web.jp/product/index.php?product_id=2074,,confirmed,2026-09-12T17:52:16+08:00,确认漏收录,当前官方记录明确存在且线上目录未收录,可补录
TDLN-22,TDLN-22,TDLN,official,スーパーヒロインキューティーバトルＳＰ,2004-12-26,,,,https://www.giga-web.jp/product/index.php?product_id=2075,,confirmed,2026-09-12T17:52:16+08:00,确认漏收录,当前官方记录明确存在且线上目录未收录,可补录
TDLN-23,TDLN-23,TDLN,asiamonstr; official,TDLN-23 Super-twilight girl heroine SP,2004-12-27,"July 14, 2022",,https://www.asiamonstr.com/giga/tdln-23-super-twilight-girl-heroine-sp.html,https://www.giga-web.jp/product/index.php?product_id=2076,,confirmed,2026-09-12T17:52:16+08:00,确认漏收录,当前官方记录明确存在且线上目录未收录,可补录
TDLN-24,TDLN-24,TDLN,asiamonstr; official,TDLN-24 Heroine subjugation hungry demon hell Vol.06,2004-12-27,"September 17, 2018",,https://www.asiamonstr.com/giga/tdln-24-heroine-subjugation-hungry-demon-hell-vol-06-miki-karasawa.html,https://www.giga-web.jp/product/index.php?product_id=2077,,confirmed,2026-09-12T17:52:16+08:00,确认漏收录,当前官方记录明确存在且线上目录未收录,可补录
TDLN-25,TDLN-25,TDLN,asiamonstr; official,TDLN-25 Hiroindomine-shon,2004-12-28,"June 14, 2013",,https://www.asiamonstr.com/giga/tdln-25-hiroindomine-shon.html,https://www.giga-web.jp/product/index.php?product_id=2078,,confirmed,2026-09-12T17:52:16+08:00,确认漏收录,当前官方记录明确存在且线上目录未收录,可补录
TDLN-26,TDLN-26,TDLN,official,スーパーヒロイン電マ Vol.06,2004-12-29,,,,https://www.giga-web.jp/product/index.php?product_id=2079,,confirmed,2026-09-12T17:52:16+08:00,确认漏收录,当前官方记录明确存在且线上目录未收录,可补录
TDLN-27,TDLN-27,TDLN,asiamonstr; official,TDLN-27 Super-heroine near miss of evil SP4,2004-12-30,"April 24, 2013",,https://www.asiamonstr.com/giga/tdln-27-super-heroine-near-miss-of-evil-sp4-komine-yui.html,https://www.giga-web.jp/product/index.php?product_id=2080,,confirmed,2026-09-12T17:52:16+08:00,确认漏收录,当前官方记录明确存在且线上目录未收录,可补录
TDLN-28,TDLN-28,TDLN,asiamonstr; official,TDLN-28 Superheroine Body Blow 2,2004-12-31,"June 27, 2014",,https://www.asiamonstr.com/giga/tdln-28-superheroine-body-blow-2-yuduki-hikaru.html,https://www.giga-web.jp/product/index.php?product_id=2081,,confirmed,2026-09-12T17:52:16+08:00,确认漏收录,当前官方记录明确存在且线上目录未收录,可补录
TDLN-29,TDLN-29,TDLN,asiamonstr; official,TDLN-29 Super-heroine misasagikatajikena SP1,2005-01-01,"October 14, 2013",,https://www.asiamonstr.com/giga/tdln-29-super-heroine-misasagikatajikena-sp1-mao-saito-sarina.html,https://www.giga-web.jp/product/index.php?product_id=2082,,confirmed,2026-09-12T17:52:16+08:00,确认漏收录,当前官方记录明确存在且线上目录未收录,可补录
TDLN-3,TDLN-3,TDLN,official,スーパーヒロインボディーブロー,2004-06-15,,,,https://www.giga-web.jp/product/index.php?product_id=2054,,confirmed,2026-09-12T17:52:16+08:00,确认漏收录,当前官方记录明确存在且线上目录未收录,可补录
TDLN-30,TDLN-30,TDLN,official,スーパーヒロイン危機一髪!!ＳＰ５,2005-01-02,,,,https://www.giga-web.jp/product/index.php?product_id=2083,,confirmed,2026-09-12T17:52:16+08:00,确认漏收录,当前官方记录明确存在且线上目录未收录,可补录
TDLN-31,TDLN-31,TDLN,asiamonstr; official,TDLN-31 Super-heroine misasagikatajikena SP2,2005-01-03,"October 18, 2013",,https://www.asiamonstr.com/giga/tdln-31-super-heroine-misasagikatajikena-sp2-yuri-shirayama-sumire.html,https://www.giga-web.jp/product/index.php?product_id=2084,,confirmed,2026-09-12T17:52:16+08:00,确认漏收录,当前官方记录明确存在且线上目录未收录,可补录
TDLN-32,TDLN-32,TDLN,official,スーパーヒロイン危機一髪!!ＳＰ６,2005-01-03,,,,https://www.giga-web.jp/product/index.php?product_id=2085,,confirmed,2026-09-12T17:52:16+08:00,确认漏收录,当前官方记录明确存在且线上目录未收录,可补录
TDLN-33,TDLN-33,TDLN,official,スーパーヒロインこぶ縄Vol.02,2005-01-04,,,,https://www.giga-web.jp/product/index.php?product_id=2086,,confirmed,2026-09-12T17:52:16+08:00,确认漏收录,当前官方记录明确存在且线上目录未收录,可补录
TDLN-34,TDLN-34,TDLN,asiamonstr; official,TDLN-34 Heroine subjugation hungry demon hell 7,2005-01-05,"September 18, 2018",,https://www.asiamonstr.com/giga/tdln-34-heroine-subjugation-hungry-demon-hell-7-kaede-kyomoto.html,https://www.giga-web.jp/product/index.php?product_id=2087,,confirmed,2026-09-12T17:52:16+08:00,确认漏收录,当前官方记录明确存在且线上目录未收录,可补录
TDLN-36,TDLN-36,TDLN,asiamonstr; official,TDLN-36 Super-heroine misasagikatajikena SP3,2005-01-07,"October 26, 2013",,https://www.asiamonstr.com/giga/tdln-36-super-heroine-misasagikatajikena-sp3-misaki-aso-manami-tsuruse.html,https://www.giga-web.jp/product/index.php?product_id=2089,,confirmed,2026-09-12T17:52:16+08:00,确认漏收录,当前官方记录明确存在且线上目录未收录,可补录
TDLN-37,TDLN-37,TDLN,asiamonstr,TDLN-37 Hiroindomine-shon Vol.02,,"July 10, 2013",,https://www.asiamonstr.com/giga/tdln-37-hiroindomine-shon-vol-02-arisa-hinata.html,,,not_found_in_complete_directory,2026-09-12T17:52:16+08:00,历史条目，状态待核实,外部或历史来源明确记载，但当前官方状态未获确认,仍需核实
TDLN-38,TDLN-38,TDLN,asiamonstr; official,TDLN-38 Super-heroine misasagikatajikena SP4,2005-01-09,"November 9, 2013",,https://www.asiamonstr.com/giga/tdln-38-super-heroine-misasagikatajikena-sp4-kozue-ikeda-aki-yatou.html,https://www.giga-web.jp/product/index.php?product_id=2091,,confirmed,2026-09-12T17:52:16+08:00,确认漏收录,当前官方记录明确存在且线上目录未收录,可补录
TDLN-39,TDLN-39,TDLN,asiamonstr; official,TDLN-39 Super-heroine near miss SP7,2005-01-10,"September 19, 2018",,https://www.asiamonstr.com/giga/tdln-39-super-heroine-near-miss-sp7-riku-shiina.html,https://www.giga-web.jp/product/index.php?product_id=2092,,confirmed,2026-09-12T17:52:16+08:00,确认漏收录,当前官方记录明确存在且线上目录未收录,可补录
TDLN-4,TDLN-04; TDLN-4,TDLN,asiamonstr; official,TDLN-04 Heroine in Hell with Subjugation-Hungry Demon 2,2004-07-15,"September 10, 2018",,https://www.asiamonstr.com/giga/tdln-04-heroine-in-hell-with-subjugation-hungry-demon-2-tomoe-obata.html,https://www.giga-web.jp/product/index.php?product_id=2055,,confirmed,2026-09-12T17:52:16+08:00,确认漏收录,当前官方记录明确存在且线上目录未收录,可补录
TDLN-40,TDLN-40,TDLN,asiamonstr; official,TDLN-40 Heroine subjugation hungry demon hell 8,2005-01-11,"September 20, 2018",,https://www.asiamonstr.com/giga/tdln-40-heroine-subjugation-hungry-demon-hell-8-riku-shiina.html,https://www.giga-web.jp/product/index.php?product_id=2093,,confirmed,2026-09-12T17:52:16+08:00,确认漏收录,当前官方记录明确存在且线上目录未收录,可补录
TDLN-41,TDLN-41,TDLN,asiamonstr,TDLN-41 Super Heroine Insult SP5,,"November 15, 2013",,https://www.asiamonstr.com/giga/tdln-41-super-heroine-misasagikatajikena-sp5-mio-ando-arisa-hinata.html,,,not_found_in_complete_directory,2026-09-12T17:52:16+08:00,历史条目，状态待核实,外部或历史来源明确记载，但当前官方状态未获确认,仍需核实
TDLN-43,TDLN-43,TDLN,asiamonstr; official,TDLN-43 Super Heroine Misasagikatajikena SP6,2005-01-14,"November 22, 2013",,https://www.asiamonstr.com/giga/tdln-43-super-heroine-misasagikatajikena-sp6-yume-nomura-mahiru-sakuraza.html,https://www.giga-web.jp/product/index.php?product_id=2096,,confirmed,2026-09-12T17:52:16+08:00,确认漏收录,当前官方记录明确存在且线上目录未收录,可补录
TDLN-44,TDLN-44,TDLN,official,スーパーヒロイン電マ８,2005-01-15,,,,https://www.giga-web.jp/product/index.php?product_id=2097,,confirmed,2026-09-12T17:52:16+08:00,确认漏收录,当前官方记录明确存在且线上目录未收录,可补录
TDLN-45,TDLN-45,TDLN,asiamonstr; official,TDLN-45 Super Heroine Insult Special 07,2007-05-01,"November 29, 2013",,https://www.asiamonstr.com/giga/tdln-45-super-heroine-insult-special-07-chinatu-uehara-karin-sakurai.html,https://www.giga-web.jp/product/index.php?product_id=1216,,confirmed,2026-09-12T17:52:16+08:00,确认漏收录,当前官方记录明确存在且线上目录未收录,可补录
TDLN-46,TDLN-46,TDLN,asiamonstr; official,TDLN-46 Heroine subjugation hungry demon hell 9,2005-01-16,"September 21, 2018",,https://www.asiamonstr.com/giga/tdln-46-heroine-subjugation-hungry-demon-hell-9-chinatu-uehara.html,https://www.giga-web.jp/product/index.php?product_id=2098,,confirmed,2026-09-12T17:52:16+08:00,确认漏收录,当前官方记录明确存在且线上目录未收录,可补录
TDLN-47,TDLN-47,TDLN,asiamonstr; official,TDLN-47 Heroine subjugation hungry demon hell 10,2005-02-16,"February 3, 2014",,https://www.asiamonstr.com/giga/tdln-47-heroine-subjugation-hungry-demon-hell-10-chinatu-uehara.html,https://www.giga-web.jp/product/index.php?product_id=2099,,confirmed,2026-09-12T17:52:16+08:00,确认漏收录,当前官方记录明确存在且线上目录未收录,可补录
TDLN-48,TDLN-48,TDLN,asiamonstr; official,TDLN-48 Super Heroine Insult Special 08,2007-05-03,"December 3, 2013",,https://www.asiamonstr.com/giga/tdln-048-super-heroine-insult-special-08-yuki-ichinose-yuria-hidaka.html,https://www.giga-web.jp/product/index.php?product_id=1218,,confirmed,2026-09-12T17:52:16+08:00,确认漏收录,当前官方记录明确存在且线上目录未收录,可补录
TDLN-49,TDLN-49,TDLN,asiamonstr,TDLN-49 Super Heroine Insult Special 09,,"December 3, 2013",,https://www.asiamonstr.com/giga/tdln-49-super-heroine-insult-special-09-yuuki-hibino-akane-mochida.html,https://www.giga-web.jp/db_titles/tdln/tdln49/pac_s.jpg,,not_found_in_complete_directory; official_asset_head_200,2026-09-12T21:45:42+08:00,确认官方下架,完整官网目录扫描未收录；官网域名下对应历史封面仍返回图像，确认该作品曾有官方记录且现已从目录移除（未发现下架公告或原因）,有依据标下架
TDLN-5,TDLN-05; TDLN-5,TDLN,asiamonstr; official,TDLN-05 Super-heroine near miss SP1,2004-08-15,"September 13, 2018",,https://www.asiamonstr.com/giga/tdln-05-super-heroine-near-miss-sp1-shouko-mikami.html,https://www.giga-web.jp/product/index.php?product_id=2056,,confirmed,2026-09-12T17:52:16+08:00,确认漏收录,当前官方记录明确存在且线上目录未收录,可补录
TDLN-51,TDLN-51,TDLN,asiamonstr; official,TDLN-51 Super Heroine Insult Special 11,2007-05-17,"December 12, 2013",,https://www.asiamonstr.com/giga/tdln-51-super-heroine-insult-special-11-momoko-adachi-riku-shiina.html,https://www.giga-web.jp/product/index.php?product_id=1222,,confirmed,2026-09-12T17:52:16+08:00,确认漏收录,当前官方记录明确存在且线上目录未收录,可补录
TDLN-52,TDLN-52,TDLN,asiamonstr; official,TDLN-52 Heroine Suppression the Dead in Hell 11,2007-10-07,"September 22, 2018",,https://www.asiamonstr.com/giga/tdln-52-heroine-suppression-the-dead-in-hell-11-nagisa-okamoto.html,https://www.giga-web.jp/product/index.php?product_id=1357,,confirmed,2026-09-12T17:52:16+08:00,确认漏收录,当前官方记录明确存在且线上目录未收录,可补录
TDLN-53,TDLN-53,TDLN,official,スーパーヒロイン電マ Vol.09,2005-01-17,,,,https://www.giga-web.jp/product/index.php?product_id=2100,,confirmed,2026-09-12T17:52:16+08:00,确认漏收录,当前官方记录明确存在且线上目录未收录,可补录
TDLN-54,TDLN-54,TDLN,asiamonstr; official,TDLN-54 Super Heroine Insult Special 12,2007-06-06,"December 14, 2013",,https://www.asiamonstr.com/giga/tdln-54-super-heroine-insult-special-12-yuna-shiomi-aimi-shirase.html,https://www.giga-web.jp/product/index.php?product_id=1223,,confirmed,2026-09-12T17:52:16+08:00,确认漏收录,当前官方记录明确存在且线上目录未收录,可补录
TDLN-55,TDLN-55,TDLN,asiamonstr; official,TDLN-55 Mashumaruga,2005-01-18,"September 8, 2013",,https://www.asiamonstr.com/giga/tdln-55-mashumaruga-kaho-miyazaki.html,https://www.giga-web.jp/product/index.php?product_id=2101,,confirmed,2026-09-12T17:52:16+08:00,确认漏收录,当前官方记录明确存在且线上目录未收录,可补录
TDLN-56,TDLN-56,TDLN,asiamonstr; official,TDLN-56 Super Heroine Insult Special 13,2007-06-17,"October 6, 2017",,https://www.asiamonstr.com/giga/tdln-56-super-heroine-insult-special-13-adusa-hayakawa-nagisa-okamoto.html,https://www.giga-web.jp/product/index.php?product_id=1224,,confirmed,2026-09-12T17:52:16+08:00,确认漏收录,当前官方记录明确存在且线上目录未收录,可补录
TDLN-57,TDLN-57,TDLN,asiamonstr; official,TDLN-57 Super Heroine Surrender Special 14,2007-07-07,"August 31, 2022",,https://www.asiamonstr.com/giga/tdln-57-super-heroine-surrender-special-14.html,https://www.giga-web.jp/product/index.php?product_id=1225,,confirmed,2026-09-12T17:52:16+08:00,确认漏收录,当前官方记录明确存在且线上目录未收录,可补录
TDLN-58,TDLN-58,TDLN,asiamonstr; official,TDLN-58 Super Heroine Insult Special 15,2007-07-17,"December 25, 2013",,https://www.asiamonstr.com/giga/tdln-58-super-heroine-insult-special-15-manaka-mitsui.html,https://www.giga-web.jp/product/index.php?product_id=1227,,confirmed,2026-09-12T17:52:16+08:00,确认漏收录,当前官方记录明确存在且线上目录未收录,可补录
TDLN-59,TDLN-59,TDLN,asiamonstr; official,TDLN-59 Super Heroine Insult Special 16,2007-08-07,"January 2, 2014",,https://www.asiamonstr.com/giga/tdln-59-super-heroine-insult-special-16-asuka-tanihara-kaho-miyazaki.html,https://www.giga-web.jp/product/index.php?product_id=1229,,confirmed,2026-09-12T17:52:16+08:00,确认漏收录,当前官方记录明确存在且线上目录未收录,可补录
TDLN-6,TDLN-06; TDLN-6,TDLN,asiamonstr; official,TDLN-06 Heroine subjugation hungry demon hell 3,2004-09-15,"September 14, 2018",,https://www.asiamonstr.com/giga/tdln-06-heroine-subjugation-hungry-demon-hell-3-miki-eguchi.html,https://www.giga-web.jp/product/index.php?product_id=2057,,confirmed,2026-09-12T17:52:16+08:00,确认漏收录,当前官方记录明确存在且线上目录未收录,可补录
TDLN-60,TDLN-60,TDLN,asiamonstr; official,TDLN-60 Super Heroine Insult Special 17,2007-08-17,"February 3, 2014",,https://www.asiamonstr.com/giga/tdln-60-super-heroine-insult-special-17-rina-himekawa.html,https://www.giga-web.jp/product/index.php?product_id=1231,,confirmed,2026-09-12T17:52:16+08:00,确认漏收录,当前官方记录明确存在且线上目录未收录,可补录
TDLN-61,TDLN-61,TDLN,official,スーパーヒロイン電マ Vol.10,2005-01-20,,,,https://www.giga-web.jp/product/index.php?product_id=2102,,confirmed,2026-09-12T17:52:16+08:00,确认漏收录,当前官方记录明确存在且线上目录未收录,可补录
TDLN-62,TDLN-62,TDLN,asiamonstr,TDLN-62 Super Heroine Insult Special 18,,"May 20, 2014",,https://www.asiamonstr.com/giga/tdln-62-super-heroine-insult-special-18-kasumi-matsumura-akane-mochida.html,https://www.giga-web.jp/db_titles/tdln/tdln62/pac_s.jpg,,not_found_in_complete_directory; official_asset_head_200,2026-09-12T21:45:42+08:00,确认官方下架,完整官网目录扫描未收录；官网域名下对应历史封面仍返回图像，确认该作品曾有官方记录且现已从目录移除（未发现下架公告或原因）,有依据标下架
TDLN-63,TDLN-63,TDLN,asiamonstr; official,TDLN-63 Super Heroine Insult Special 19,2007-09-17,"May 21, 2014",,https://www.asiamonstr.com/giga/tdln-63-super-heroine-insult-special-19-reiko-kitahara-momoka-minami.html,https://www.giga-web.jp/product/index.php?product_id=1235,,confirmed,2026-09-12T17:52:16+08:00,确认漏收录,当前官方记录明确存在且线上目录未收录,可补录
TDLN-64,TDLN-64,TDLN,asiamonstr; official,TDLN-64 Super Heroine Insult Special 20,2007-10-07,"May 22, 2014",,https://www.asiamonstr.com/giga/tdln-64-super-heroine-insult-special-20-mahiru-sakuraza-mari-hida.html,https://www.giga-web.jp/product/index.php?product_id=1237,,confirmed,2026-09-12T17:52:16+08:00,确认漏收录,当前官方记录明确存在且线上目录未收录,可补录
TDLN-65,TDLN-65,TDLN,asiamonstr; official,TDLN-65 Heroine Suppression the Dead in Hell 12,2007-10-13,"September 23, 2018",,https://www.asiamonstr.com/giga/tdln-65-heroine-suppression-the-dead-in-hell-12-kasumi-matsumura.html,https://www.giga-web.jp/product/index.php?product_id=1356,,confirmed,2026-09-12T17:52:16+08:00,确认漏收录,当前官方记录明确存在且线上目录未收录,可补录
TDLN-66,TDLN-66,TDLN,asiamonstr; official,TDLN-66 Super Heroine Insult Special 21,2007-11-05,"May 23, 2014",,https://www.asiamonstr.com/giga/tdln-66-super-heroine-insult-special-21-maimi-shinkawa-mari-hida.html,https://www.giga-web.jp/product/index.php?product_id=1239,,confirmed,2026-09-12T17:52:16+08:00,确认漏收录,当前官方记录明确存在且线上目录未收录,可补录
TDLN-67,TDLN-67,TDLN,asiamonstr; official,TDLN-67 Cutie Girl,2007-11-08,"November 5, 2013",,https://www.asiamonstr.com/giga/tdln-67-cutie-girl-hikaru-hayami.html,https://www.giga-web.jp/product/index.php?product_id=1469,,confirmed,2026-09-12T17:52:16+08:00,确认漏收录,当前官方记录明确存在且线上目录未收录,可补录
TDLN-72,TDLN-72,TDLN,asiamonstr; gap,TDLN-72 Heroine Suppression the Dead in Hell 13,,"September 24, 2018",,https://www.asiamonstr.com/giga/tdln-72-heroine-suppression-the-dead-in-hell-13-akane-mochida.html,https://www.giga-web.jp/db_titles/tdln/tdln72/pac_s.jpg,,not_found_in_complete_directory; official_asset_head_200,2026-09-12T21:45:43+08:00,确认官方下架,完整官网目录扫描未收录；官网域名下对应历史封面仍返回图像，确认该作品曾有官方记录且现已从目录移除（未发现下架公告或原因）,有依据标下架
TDLN-76,TDLN-76,TDLN,asiamonstr; gap,TDLN-76 Sailor Flare,,"February 3, 2014",,https://www.asiamonstr.com/giga/tdln-76-sailor-flare-marin-marin-izumi.html,https://www.giga-web.jp/db_titles/tdln/tdln76/pac_s.jpg,,not_found_in_complete_directory; official_asset_head_200,2026-09-12T21:45:43+08:00,确认官方下架,完整官网目录扫描未收录；官网域名下对应历史封面仍返回图像，确认该作品曾有官方记录且现已从目录移除（未发现下架公告或原因）,有依据标下架
TDLN-8,TDLN-08; TDLN-8,TDLN,asiamonstr; official,TDLN-08 Super-heroine near miss of evil,2004-10-15,"April 24, 2013",,https://www.asiamonstr.com/giga/tdln-08-super-heroine-near-miss-of-evil-miharu.html,https://www.giga-web.jp/product/index.php?product_id=2058,,confirmed,2026-09-12T17:52:16+08:00,确认漏收录,当前官方记录明确存在且线上目录未收录,可补录
TDLN-80,TDLN-80,TDLN,asiamonstr; gap,TDLN-80 Chargeman Charge Phoenix,,"November 5, 2013",,https://www.asiamonstr.com/giga/tdln-80-chargeman-charge-phoenix-marin-izumi.html,https://www.giga-web.jp/db_titles/tdln/tdln80/pac_s.jpg,,not_found_in_complete_directory; official_asset_head_200,2026-09-12T21:45:43+08:00,确认官方下架,完整官网目录扫描未收录；官网域名下对应历史封面仍返回图像，确认该作品曾有官方记录且现已从目录移除（未发现下架公告或原因）,有依据标下架
TDLN-9,TDLN-9,TDLN,official,スーパーヒロイン電マ２,2004-11-15,,,,https://www.giga-web.jp/product/index.php?product_id=2059,,confirmed,2026-09-12T17:52:16+08:00,确认漏收录,当前官方记录明确存在且线上目录未收录,可补录
TGGP-37,TGGP-37,TGGP,asiamonstr; gap,TGGP-37 Fighting Holy Princess Seira,,"June 29, 2014",,https://www.asiamonstr.com/giga/tggp-37-fighting-holy-princess-seira.html,https://www.giga-web.jp/db_titles/tggp/tggp37/pac_s.jpg,,not_found_in_complete_directory; official_asset_head_200,2026-09-12T21:45:44+08:00,确认官方下架,完整官网目录扫描未收录；官网域名下对应历史封面仍返回图像，确认该作品曾有官方记录且现已从目录移除（未发现下架公告或原因）,有依据标下架
TGGP-38,TGGP-38,TGGP,gap,,,,,,,,not_found_in_complete_directory,2026-09-12T17:52:16+08:00,无证据空号,仅由现有番号区间不连续产生，未找到存在记录,仍需核实
TGGP-40,TGGP-40,TGGP,asiamonstr; gap,TGGP-40 Super Heroine,,"March 1, 2013",,https://www.asiamonstr.com/giga/tggp-40-super-heroine-hitomi-fujiwara.html,,,not_found_in_complete_directory,2026-09-12T17:52:16+08:00,历史条目，状态待核实,外部或历史来源明确记载，但当前官方状态未获确认,仍需核实
TGGP-59,TGGP-59,TGGP,asiamonstr; gap,TGGP-59 Double Sailor Fighters039; Hard Tentacles Domination!,,"October 26, 2014",,https://www.asiamonstr.com/giga/tggp-59-double-sailor-fighters-hard-tentacles-domination-heroic-crystal-destruction-mai-miori-satomi-nomiya.html,https://www.giga-web.jp/db_titles/tggp/tggp59/pac_s.jpg,,not_found_in_complete_directory; official_asset_head_200,2026-09-12T21:45:45+08:00,确认官方下架,完整官网目录扫描未收录；官网域名下对应历史封面仍返回图像，确认该作品曾有官方记录且现已从目录移除（未发现下架公告或原因）,有依据标下架
TGGP-62,TGGP-62,TGGP,asiamonstr; gap,TGGP-62 Heroine’s Pregnancy – Execution by Stomach Punching,,"October 17, 2014",,https://www.asiamonstr.com/giga/tggp-62-heroine-s-pregnancy-execution-by-stomach-punching.html,https://www.giga-web.jp/db_titles/tggp/tggp62/pac_s.jpg,,not_found_in_complete_directory; official_asset_head_200,2026-09-12T21:45:46+08:00,确认官方下架,完整官网目录扫描未收录；官网域名下对应历史封面仍返回图像，确认该作品曾有官方记录且现已从目录移除（未发现下架公告或原因）,有依据标下架
TGGP-76,TGGP-76,TGGP,asiamonstr; gap,TGGP-76 Beautiful Brave Women Vehement Mask Gorgeous,,"November 3, 2015",,https://www.asiamonstr.com/giga/tggp-76-beautiful-brave-women-vehement-mask-gorgeous-mirei-yokoyama-emiri-takayama-rina-utimura.html,https://www.giga-web.jp/db_titles/tggp/tggp76/pac_s.jpg,,not_found_in_complete_directory; official_asset_head_200,2026-09-12T21:45:46+08:00,确认官方下架,完整官网目录扫描未收录；官网域名下对应历史封面仍返回图像，确认该作品曾有官方记录且现已从目录移除（未发现下架公告或原因）,有依据标下架
TGGP-8,TGGP-08,TGGP,asiamonstr; gap,TGGP-08 Galaxy-Investigator Jasper,,"March 1, 2013",,https://www.asiamonstr.com/giga/tggp-08-galaxy-investigator-jasper.html,,,not_found_in_complete_directory,2026-09-12T17:52:16+08:00,历史条目，状态待核实,外部或历史来源明确记载，但当前官方状态未获确认,仍需核实
TGGP-81,TGGP-81,TGGP,asiamonstr; gap,TGGP-81 Female fighter Incontinence Rape -Ryuka-,,"October 24, 2016",,https://www.asiamonstr.com/giga/tggp-81-female-fighter-incontinence-rape-ryuka-maki-hoshikawa.html,https://www.giga-web.jp/db_titles/tggp/tggp81/pac_s.jpg,,not_found_in_complete_directory; official_asset_head_200,2026-09-12T21:45:48+08:00,确认官方下架,完整官网目录扫描未收录；官网域名下对应历史封面仍返回图像，确认该作品曾有官方记录且现已从目录移除（未发现下架公告或原因）,有依据标下架
TGGP-94,TGGP-94,TGGP,asiamonstr; gap,TGGP-94 Wonder Lady W -Inherited Power-,,"November 4, 2017",,https://www.asiamonstr.com/giga/tggp-94-wonder-lady-w-inherited-power-reina-shirogane-sumire-seto.html,https://www.giga-web.jp/db_titles/tggp/tggp94/pac_s.jpg,,not_found_in_complete_directory; official_asset_head_200,2026-09-12T21:45:48+08:00,确认官方下架,完整官网目录扫描未收录；官网域名下对应历史封面仍返回图像，确认该作品曾有官方记录且现已从目录移除（未发现下架公告或原因）,有依据标下架
TGGP-95,TGGP-95,TGGP,asiamonstr; gap,TGGP-95 Beautiful Girl Fighter Sailor Knights,,"November 4, 2017",,https://www.asiamonstr.com/giga/tggp-95-beautiful-girl-fighter-sailor-knights-aya-sazanami-akari-mitani-haruna-ikoma-rina-utimura-shijimi.html,https://www.giga-web.jp/db_titles/tggp/tggp95/pac_s.jpg,,not_found_in_complete_directory; official_asset_head_200,2026-09-12T21:45:48+08:00,确认官方下架,完整官网目录扫描未收录；官网域名下对应历史封面仍返回图像，确认该作品曾有官方记录且现已从目录移除（未发现下架公告或原因）,有依据标下架
TGHR-4,TGHR-04,TGHR,asiamonstr,TGHR-04 Superheroine Begins – Super Unit Fleet Gorzel Five Akane Mochida,,"June 29, 2013",,https://www.asiamonstr.com/giga/tghr-04.html,https://www.giga-web.jp/db_titles/tghr/tghr04/pac_s.jpg,,not_found_in_complete_directory; official_asset_head_200,2026-09-12T21:45:49+08:00,确认官方下架,完整官网目录扫描未收录；官网域名下对应历史封面仍返回图像，确认该作品曾有官方记录且现已从目录移除（未发现下架公告或原因）,有依据标下架
TGS-1,TGS-01; TGS-1,TGS,asiamonstr; official,TGS-01 Erufu Princess Virgin of catching,2007-08-14,"September 9, 2017",,https://www.asiamonstr.com/giga/tgs-01-erufu-princess-virgin-of-catching-riku-shiina.html,https://www.giga-web.jp/product/index.php?product_id=2104,,confirmed,2026-09-12T17:52:16+08:00,确认漏收录,当前官方记录明确存在且线上目录未收录,可补录
TGS-2,TGS-02; TGS-2,TGS,asiamonstr; official,TGS-02 DESIRE IN THE DARK Sadistic Heroine,2007-09-14,"September 9, 2017",,https://www.asiamonstr.com/giga/tgs-02-desire-in-the-dark-sadistic-heroine-reiko-shimura-anri-hiramatsu.html,https://www.giga-web.jp/product/index.php?product_id=1362,,confirmed,2026-09-12T17:52:16+08:00,确认漏收录,当前官方记录明确存在且线上目录未收录,可补录
TGS-3,TGS-03; TGS-3,TGS,asiamonstr; official,TGS-03 Tanatos Play Heroine of Cyber-space,2007-11-09,"September 9, 2017",,https://www.asiamonstr.com/giga/tgs-03-tanatos-play-heroine-of-cyber-space-nana-saeki.html,https://www.giga-web.jp/product/index.php?product_id=1360,,confirmed,2026-09-12T17:52:16+08:00,确认漏收录,当前官方记录明确存在且线上目录未收录,可补录
THH-1,THH-01; THH-1,THH,asiamonstr; official,THH-01 Super Heroine Domination,2004-04-30,"September 10, 2017",,https://www.asiamonstr.com/giga/thh-01-super-heroine-domination-manami-tsuruse.html,https://www.giga-web.jp/product/index.php?product_id=1886,,confirmed,2026-09-12T17:52:16+08:00,确认漏收录,当前官方记录明确存在且线上目录未收录,可补录
THH-10,THH-10,THH,asiamonstr; official,THH-10 SUPER Heroine Domination 10,2007-09-14,"September 10, 2017",,https://www.asiamonstr.com/giga/thh-10-super-heroine-domination-10-tomoka-nozawa.html,https://www.giga-web.jp/product/index.php?product_id=1159,,confirmed,2026-09-12T17:52:16+08:00,确认漏收录,当前官方记录明确存在且线上目录未收录,可补录
THH-11,THH-11,THH,asiamonstr; official,THH-11 SUPER Heroine Domination 11,2007-11-09,"September 10, 2017",,https://www.asiamonstr.com/giga/thh-11-super-heroine-domination-11-nana-saeki.html,https://www.giga-web.jp/product/index.php?product_id=1158,,confirmed,2026-09-12T17:52:16+08:00,确认漏收录,当前官方记录明确存在且线上目录未收录,可补录
THH-13,THH-13,THH,asiamonstr; gap,THH-13 Super Heroine Domination 13,,"September 11, 2017",,https://www.asiamonstr.com/giga/thh-13-super-heroine-domination-13-akira-ithinose.html,https://www.giga-web.jp/db_titles/thh/thh13/pac_s.jpg,,not_found_in_complete_directory; official_asset_head_200,2026-09-12T21:45:49+08:00,确认官方下架,完整官网目录扫描未收录；官网域名下对应历史封面仍返回图像，确认该作品曾有官方记录且现已从目录移除（未发现下架公告或原因）,有依据标下架
THH-2,THH-02; THH-2,THH,asiamonstr; official,THH-02 SUPER Heroine Domination 02,2004-05-30,"March 2, 2013",,https://www.asiamonstr.com/giga/thh-02-super-heroine-domination-02.html,https://www.giga-web.jp/product/index.php?product_id=2262,,confirmed,2026-09-12T17:52:16+08:00,确认漏收录,当前官方记录明确存在且线上目录未收录,可补录
THH-3,THH-03; THH-3,THH,asiamonstr; official,THH-03 SUPER Heroine Domination 03,2004-06-30,"March 2, 2013",,https://www.asiamonstr.com/giga/thh-03-super-heroine-domination-03.html,https://www.giga-web.jp/product/index.php?product_id=2374,,confirmed,2026-09-12T17:52:16+08:00,确认漏收录,当前官方记录明确存在且线上目录未收录,可补录
THH-4,THH-04; THH-4,THH,asiamonstr; official,THH-04 SUPER Heroine Domination 04,2007-01-28,"March 2, 2013",,https://www.asiamonstr.com/giga/thh-04-super-heroine-domination-04.html,https://www.giga-web.jp/product/index.php?product_id=1162,,confirmed,2026-09-12T17:52:16+08:00,确认漏收录,当前官方记录明确存在且线上目录未收录,可补录
THH-5,THH-05,THH,asiamonstr,THH-05 SUPER Heroine Domination 05,,"September 10, 2017",,https://www.asiamonstr.com/giga/thh-05-super-heroine-domination-05-rika-yamanaka.html,https://www.giga-web.jp/db_titles/thh/thh05/pac_s.jpg,,not_found_in_complete_directory; official_asset_head_200,2026-09-12T21:45:49+08:00,确认官方下架,完整官网目录扫描未收录；官网域名下对应历史封面仍返回图像，确认该作品曾有官方记录且现已从目录移除（未发现下架公告或原因）,有依据标下架
THH-6,THH-06; THH-6,THH,asiamonstr; official,THH-06 SUPER Heroine Domination,2007-03-11,"March 2, 2013",,https://www.asiamonstr.com/giga/thh-06-super-heroine-domination.html,https://www.giga-web.jp/product/index.php?product_id=2263,,confirmed,2026-09-12T17:52:16+08:00,确认漏收录,当前官方记录明确存在且线上目录未收录,可补录
THH-7,THH-07; THH-7,THH,asiamonstr; official,THH-07 Shiomi Yuna – Super Heroine Domination,2007-04-11,"March 2, 2013",,https://www.asiamonstr.com/giga/thh-07-shiomi-yuna-super-heroine-domination.html,https://www.giga-web.jp/product/index.php?product_id=2232,,confirmed,2026-09-12T17:52:16+08:00,确认漏收录,当前官方记录明确存在且线上目录未收录,可补录
THH-8,THH-08; THH-8,THH,asiamonstr; official,THH-08 SUPER Heroine Domination,2007-05-11,"March 2, 2013",,https://www.asiamonstr.com/giga/thh-08-super-heroine-domination.html,https://www.giga-web.jp/product/index.php?product_id=1161,,confirmed,2026-09-12T17:52:16+08:00,确认漏收录,当前官方记录明确存在且线上目录未收录,可补录
THH-9,THH-09; THH-9,THH,asiamonstr; official,"THH-09 SUPER Heroine Domination 09, Sara Ogawa",2007-07-13,"August 2, 2013",,https://www.asiamonstr.com/giga/thh-09-super-heroine-domination-09-sara-ogawa.html,https://www.giga-web.jp/product/index.php?product_id=1160,,confirmed,2026-09-12T17:52:16+08:00,确认漏收录,当前官方记录明确存在且线上目录未收录,可补录
THP-1,THP-01; THP-1,THP,asiamonstr; official,THP-01 Super Heroine in Big Crisis 01,2004-04-23,"January 22, 2018",,https://www.asiamonstr.com/giga/thp-01-super-heroine-in-big-crisis-01-chinatsu-nakano.html,https://www.giga-web.jp/product/index.php?product_id=1176,,confirmed,2026-09-12T17:52:16+08:00,确认漏收录,当前官方记录明确存在且线上目录未收录,可补录
THP-10,THP-10,THP,asiamonstr,THP-10 Super-heroine near miss Vol.10,,"September 14, 2017",,https://www.asiamonstr.com/giga/thp-10-super-heroine-near-miss-vol-10-akane-mochida.html,https://www.giga-web.jp/db_titles/thp/thp10/pac_s.jpg,,not_found_in_complete_directory; official_asset_head_200,2026-09-12T21:45:50+08:00,确认官方下架,完整官网目录扫描未收录；官网域名下对应历史封面仍返回图像，确认该作品曾有官方记录且现已从目录移除（未发现下架公告或原因）,有依据标下架
THP-12,THP-12,THP,asiamonstr; official,"THP-12 Super-heroine near miss. Vol.12 black girl, Adachi Momoko",2007-02-10,"February 4, 2014",,https://www.asiamonstr.com/giga/thp-12-super-heroine-near-miss-vol-12-black-girl-adachimomoko.html,https://www.giga-web.jp/product/index.php?product_id=2108,,confirmed,2026-09-12T17:52:16+08:00,确认漏收录,当前官方记录明确存在且线上目录未收录,可补录
THP-13,THP-13,THP,asiamonstr; official,"THP-13 Super-heroine near miss Vol.13, Shiomi Yuuna",2007-03-10,"December 9, 2013",,https://www.asiamonstr.com/giga/thp-13-super-heroine-near-miss-vol-13-shiomi-yuuna.html,https://www.giga-web.jp/product/index.php?product_id=2109,,confirmed,2026-09-12T17:52:16+08:00,确认漏收录,当前官方记录明确存在且线上目录未收录,可补录
THP-14,THP-14,THP,asiamonstr; official,"THP-14 Super Heroine in Big Crisis 14, Okamoto Nagisa",2007-04-13,"December 27, 2013",,https://www.asiamonstr.com/giga/thp-14-super-heroine-in-big-crisis-14-okamoto-nagisa.html,https://www.giga-web.jp/product/index.php?product_id=1175,,confirmed,2026-09-12T17:52:16+08:00,确认漏收录,当前官方记录明确存在且线上目录未收录,可补录
THP-15,THP-15,THP,asiamonstr; official,THP-15 Heroine Big Crisis,2007-05-11,"February 3, 2013",,https://www.asiamonstr.com/giga/thp-15-heroine-big-crisis.html,https://www.giga-web.jp/product/index.php?product_id=1174,,confirmed,2026-09-12T17:52:16+08:00,确认漏收录,当前官方记录明确存在且线上目录未收录,可补录
THP-16,THP-16,THP,asiamonstr; official,THP-16 Super Heroine in Big Crisis 16,2007-09-01,"September 14, 2017",,https://www.asiamonstr.com/giga/thp-16-super-heroine-in-big-crisis-16-ruka-ayase.html,https://www.giga-web.jp/product/index.php?product_id=1173,,confirmed,2026-09-12T17:52:16+08:00,确认漏收录,当前官方记录明确存在且线上目录未收录,可补录
THP-17,THP-17,THP,asiamonstr; official,"THP-17 Super Heroine in Big Crisis 17, Minami Momoka",2007-09-01,"June 28, 2013",,https://www.asiamonstr.com/giga/thp-17-super-heroine-in-big-crisis-17-minami-momoka.html,https://www.giga-web.jp/product/index.php?product_id=1172,,confirmed,2026-09-12T17:52:16+08:00,确认漏收录,当前官方记录明确存在且线上目录未收录,可补录
THP-18,THP-18,THP,asiamonstr; official,"THP-18 Super Heroine in Big Crisis 18, Shoko Yokoyama",2007-09-10,"February 4, 2014",,https://www.asiamonstr.com/giga/thp-18-super-heroine-in-big-crisis-18-shoko-yokoyama.html,https://www.giga-web.jp/product/index.php?product_id=1171,,confirmed,2026-09-12T17:52:16+08:00,确认漏收录,当前官方记录明确存在且线上目录未收录,可补录
THP-19,THP-19,THP,asiamonstr; official,THP-19 Super Heroine in Big Crisis,2007-09-28,"March 2, 2013",,https://www.asiamonstr.com/giga/thp-19-super-heroine-in-big-crisis.html,https://www.giga-web.jp/product/index.php?product_id=1170,,confirmed,2026-09-12T17:52:16+08:00,确认漏收录,当前官方记录明确存在且线上目录未收录,可补录
THP-2,THP-02; THP-2,THP,asiamonstr; official,THP-02 Super Heroine in Big Crisis 02,2006-04-28,"September 13, 2017",,https://www.asiamonstr.com/giga/thp-02-super-heroine-in-big-crisis-02-maki-okabe.html,https://www.giga-web.jp/product/index.php?product_id=1177,,confirmed,2026-09-12T17:52:16+08:00,确认漏收录,当前官方记录明确存在且线上目录未收录,可补录
THP-20,THP-20,THP,asiamonstr; official,"THP-20 Super Heroine Close Call, Aurora VOL.20 Masked Girl, Yuuki Rina",2007-10-12,"June 29, 2014",,https://www.asiamonstr.com/giga/thp-20-super-heroine-close-call-aurora-vol-20-masked-girl-yuuki-rina.html,https://www.giga-web.jp/product/index.php?product_id=1169,,confirmed,2026-09-12T17:52:16+08:00,确认漏收录,当前官方记录明确存在且线上目录未收录,可补录
THP-3,THP-03; THP-3,THP,asiamonstr; official,THP-03 Super Heroine in Big Crisis 03,2006-05-28,"March 2, 2013",,https://www.asiamonstr.com/giga/thp-03-super-heroine-in-big-crisis-03.html,https://www.giga-web.jp/product/index.php?product_id=1178,,confirmed,2026-09-12T17:52:16+08:00,确认漏收录,当前官方记录明确存在且线上目录未收录,可补录
THP-4,THP-04; THP-4,THP,asiamonstr; official,THP-04 Super Heroine-close call,2006-06-28,"April 16, 2013",,https://www.asiamonstr.com/giga/thp-04-super-heroine-close-call-hakuyama-yuri.html,https://www.giga-web.jp/product/index.php?product_id=1179,,confirmed,2026-09-12T17:52:16+08:00,确认漏收录,当前官方记录明确存在且线上目录未收录,可补录
THP-41,THP-41,THP,asiamonstr; gap,THP-41 – Super Heroine Close Call – Alien Puppets,,"February 7, 2013",,https://www.asiamonstr.com/giga/thp-41-super-heroine-close-call-alien-puppets.html,https://www.giga-web.jp/db_titles/thp/thp41/pac_s.jpg,,not_found_in_complete_directory; official_asset_head_200,2026-09-12T21:45:50+08:00,确认官方下架,完整官网目录扫描未收录；官网域名下对应历史封面仍返回图像，确认该作品曾有官方记录且现已从目录移除（未发现下架公告或原因）,有依据标下架
THP-5,THP-05; THP-5,THP,asiamonstr; official,"THP-05 One Super-heroine near miss, Asou Misaki",2006-07-10,"August 15, 2013",,https://www.asiamonstr.com/giga/thp-05-one-super-heroine-near-miss-asou-misaki.html,https://www.giga-web.jp/product/index.php?product_id=1546,,confirmed,2026-09-12T17:52:16+08:00,确认漏收录,当前官方记录明确存在且线上目录未收录,可补录
THP-52,THP-52,THP,asiamonstr; gap,THP-52 Superheroine In Grave Danger Vol.52,,"February 4, 2014",,https://www.asiamonstr.com/giga/thp-52-superheroine-in-grave-danger-vol-52-ai-ishihara.html,https://www.giga-web.jp/db_titles/thp/thp52/pac_s.jpg,,not_found_in_complete_directory; official_asset_head_200,2026-09-12T21:45:50+08:00,确认官方下架,完整官网目录扫描未收录；官网域名下对应历史封面仍返回图像，确认该作品曾有官方记录且现已从目录移除（未发现下架公告或原因）,有依据标下架
THP-6,THP-06; THP-6,THP,asiamonstr; official,"THP-06 One Super-heroine near miss, Andou Bio",2006-08-10,"August 11, 2013",,https://www.asiamonstr.com/giga/thp-06-one-super-heroine-near-miss-andou-bio.html,https://www.giga-web.jp/product/index.php?product_id=1547,,confirmed,2026-09-12T17:52:16+08:00,确认漏收录,当前官方记录明确存在且线上目录未收录,可补录
THP-63,THP-63,THP,asiamonstr; gap,THP-63 Super Heroine In Grave Danger! Vol.63 Captain Marshall,,"March 6, 2016",,https://www.asiamonstr.com/giga/thp-63-super-heroine-grave-danger-vol-63-captain-marshall-sesera-harukawa.html,https://www.giga-web.jp/db_titles/thp/thp63/pac_s.jpg,,not_found_in_complete_directory; official_asset_head_200,2026-09-12T21:45:51+08:00,确认官方下架,完整官网目录扫描未收录；官网域名下对应历史封面仍返回图像，确认该作品曾有官方记录且现已从目录移除（未发现下架公告或原因）,有依据标下架
THP-67,THP-67,THP,asiamonstr; gap,THP-67 Super Heroine in Grave Danger Vol.67,,"February 17, 2017",,https://www.asiamonstr.com/giga/thp-67-super-heroine-grave-danger-vol-67-beautiful-brave-women-vehement-mask-grace.html,https://www.giga-web.jp/db_titles/thp/thp67/pac_s.jpg,,not_found_in_complete_directory; official_asset_head_200,2026-09-12T21:45:51+08:00,确认官方下架,完整官网目录扫描未收录；官网域名下对应历史封面仍返回图像，确认该作品曾有官方记录且现已从目录移除（未发现下架公告或原因）,有依据标下架
THP-7,THP-07; THP-7,THP,asiamonstr; official,"THP-07 Super-heroine near miss, Ousawa Mahiru",2006-09-10,"February 4, 2014",,https://www.asiamonstr.com/giga/thp-07-super-heroine-near-miss-ousawa-mahiru.html,https://www.giga-web.jp/product/index.php?product_id=1875,,confirmed,2026-09-12T17:52:16+08:00,确认漏收录,当前官方记录明确存在且线上目录未收录,可补录
THP-74,THP-74,THP,asiamonstr; gap,THP-74 Super Heroine in Grave Danger Vol.74 -Soldier Pink!,,"July 14, 2018",,https://www.asiamonstr.com/giga/thp-74-super-heroine-in-grave-danger-vol-74-soldier-pink-stop-the-bomb-of-bomb-mask-hana-misora.html,https://www.giga-web.jp/db_titles/thp/thp74/pac_s.jpg,,not_found_in_complete_directory; official_asset_head_200,2026-09-12T21:45:51+08:00,确认官方下架,完整官网目录扫描未收录；官网域名下对应历史封面仍返回图像，确认该作品曾有官方记录且现已从目录移除（未发现下架公告或原因）,有依据标下架
THP-8,THP-08; THP-8,THP,asiamonstr; official,"THP-08 Super-heroine near miss, Hidaka Yuria",2006-10-10,"February 4, 2014",,https://www.asiamonstr.com/giga/thp-08-super-heroine-near-miss-hidaka-yuria.html,https://www.giga-web.jp/product/index.php?product_id=1876,,confirmed,2026-09-12T17:52:16+08:00,确认漏收录,当前官方记录明确存在且线上目录未收录,可补录
THP-88,THP-88,THP,asiamonstr; gap,THP-88 Super Heroine in Grave Danger!! Vol.88 Sailor Aquas W -Fight Future Me…!-,,"April 13, 2021",,https://www.asiamonstr.com/giga/thp-88-super-heroine-in-grave-danger-vol-88-sailor-aquas-w-fight-future-me.html,https://www.giga-web.jp/db_titles/thp/thp88/pac_s.jpg,,not_found_in_complete_directory; official_asset_head_200,2026-09-12T21:45:52+08:00,确认官方下架,完整官网目录扫描未收录；官网域名下对应历史封面仍返回图像，确认该作品曾有官方记录且现已从目录移除（未发现下架公告或原因）,有依据标下架
THP-9,THP-09; THP-9,THP,asiamonstr; official,"THP-09 Super-heroine near miss, Ichinose Yuki",2006-11-10,"February 4, 2014",,https://www.asiamonstr.com/giga/thp-09-super-heroine-near-miss-ichinose-yuki.html,https://www.giga-web.jp/product/index.php?product_id=1877,,confirmed,2026-09-12T17:52:16+08:00,确认漏收录,当前官方记录明确存在且线上目录未收录,可补录
THZ-1,THZ-01; THZ-1,THZ,asiamonstr; official,THZ-01 Super Heroine in Big Crisis,2006-01-13,"March 2, 2013",,https://www.asiamonstr.com/giga/thz-01-super-heroine-in-big-crisis.html,https://www.giga-web.jp/product/index.php?product_id=1060,,confirmed,2026-09-12T17:52:16+08:00,确认漏收录,当前官方记录明确存在且线上目录未收录,可补录
THZ-10,THZ-10,THZ,asiamonstr; official,THZ-10 Super-heroine desperation,2007-01-24,"March 2, 2013",,https://www.asiamonstr.com/giga/thz-10-super-heroine-desperation.html,https://www.giga-web.jp/product/index.php?product_id=2180,,confirmed,2026-09-12T17:52:16+08:00,确认漏收录,当前官方记录明确存在且线上目录未收录,可补录
THZ-11,THZ-11,THZ,asiamonstr; official,"THZ-11 Super-heroine desperation Vol.11, Shiina Riku",2007-02-24,"February 5, 2014",,https://www.asiamonstr.com/giga/thz-11-super-heroine-desperation-vol-11-shiina-riku.html,https://www.giga-web.jp/product/index.php?product_id=2181,,confirmed,2026-09-12T17:52:16+08:00,确认漏收录,当前官方记录明确存在且线上目录未收录,可补录
THZ-12,THZ-12,THZ,asiamonstr; official,THZ-12 Absolute death Super Heroine,2007-03-24,"March 2, 2013",,https://www.asiamonstr.com/giga/thz-12-absolute-death-super-heroine.html,https://www.giga-web.jp/product/index.php?product_id=2182,,confirmed,2026-09-12T17:52:16+08:00,确认漏收录,当前官方记录明确存在且线上目录未收录,可补录
THZ-13,THZ-13,THZ,asiamonstr; official,THZ-13 Super Heroine in Big Crisis,2007-04-13,"March 2, 2013",,https://www.asiamonstr.com/giga/thz-13-super-heroine-in-big-crisis.html,https://www.giga-web.jp/product/index.php?product_id=1058,,confirmed,2026-09-12T17:52:16+08:00,确认漏收录,当前官方记录明确存在且线上目录未收录,可补录
THZ-14,THZ-14,THZ,asiamonstr; official,"THZ-14 Super Heroine in Big Crisis! Vol.14, Serizawa Yuuho",2007-06-08,"February 5, 2014",,https://www.asiamonstr.com/giga/thz-14-super-heroine-in-big-crisis-vol-14-serizawa-yuuho.html,https://www.giga-web.jp/product/index.php?product_id=1057,,confirmed,2026-09-12T17:52:16+08:00,确认漏收录,当前官方记录明确存在且线上目录未收录,可补录
THZ-15,THZ-15,THZ,asiamonstr; official,"THZ-15 ENG Super Heroine in Big Crisis, Kasumi Matsumura",2007-07-13,"May 26, 2013",,https://www.asiamonstr.com/giga/thz-15-eng-super-heroine-in-big-crisis-kasumi-matsumura.html,https://www.giga-web.jp/product/index.php?product_id=1056,,confirmed,2026-09-12T17:52:16+08:00,确认漏收录,当前官方记录明确存在且线上目录未收录,可补录
THZ-16,THZ-16,THZ,asiamonstr; official,THZ-16 Super Heroine in Big Crisis ! Vol.16,2007-08-24,"September 17, 2017",,https://www.asiamonstr.com/giga/thz-16-super-heroine-in-big-crisis-vol-16-sayaka-murase.html,https://www.giga-web.jp/product/index.php?product_id=1055,,confirmed,2026-09-12T17:52:16+08:00,确认漏收录,当前官方记录明确存在且线上目录未收录,可补录
THZ-17,THZ-17,THZ,asiamonstr; official,THZ-17 Super Heroine in Big Crisis ! Vol.17,2007-09-14,"September 18, 2017",,https://www.asiamonstr.com/giga/thz-17-super-heroine-in-big-crisis-vol-17-sayaka-murase.html,https://www.giga-web.jp/product/index.php?product_id=1054,,confirmed,2026-09-12T17:52:16+08:00,确认漏收录,当前官方记录明确存在且线上目录未收录,可补录
THZ-18,THZ-18,THZ,asiamonstr; official,"THZ-18 Super Heroine in Big Crisis, Nakamura Momo",2007-11-09,"June 11, 2013",,https://www.asiamonstr.com/giga/thz-18-super-heroine-in-big-crisis-nakamura-momo.html,https://www.giga-web.jp/product/index.php?product_id=1053,,confirmed,2026-09-12T17:52:16+08:00,确认漏收录,当前官方记录明确存在且线上目录未收录,可补录
THZ-2,THZ-02; THZ-2,THZ,asiamonstr; official,THZ-02 Super Heroine in Big Crisis,2006-04-25,"March 2, 2013",,https://www.asiamonstr.com/giga/thz-02-super-heroine-in-big-crisis.html,https://www.giga-web.jp/product/index.php?product_id=1061,,confirmed,2026-09-12T17:52:16+08:00,确认漏收录,当前官方记录明确存在且线上目录未收录,可补录
THZ-3,THZ-03; THZ-3,THZ,asiamonstr; official,THZ-03 Super Heroine in Big Crisis ! Vol.03,2006-06-25,"August 15, 2017",,https://www.asiamonstr.com/giga/thz-03-super-heroine-in-big-crisis-vol-03-manami-tsuruse.html,https://www.giga-web.jp/product/index.php?product_id=1059,,confirmed,2026-09-12T17:52:16+08:00,确认漏收录,当前官方记录明确存在且线上目录未收录,可补录
THZ-4,THZ-04; THZ-4,THZ,asiamonstr; official,THZ-04 Super-heroine desperation Vol.04,2006-07-25,"March 2, 2013",,https://www.asiamonstr.com/giga/thz-04-super-heroine-desperation-vol-04.html,https://www.giga-web.jp/product/index.php?product_id=1878,,confirmed,2026-09-12T17:52:16+08:00,确认漏收录,当前官方记录明确存在且线上目录未收录,可补录
THZ-41,THZ-41,THZ,asiamonstr; gap,THZ-41 Super heroine In Grave Danger Vol.41,,"April 16, 2013",,https://www.asiamonstr.com/giga/thz-41-super-heroine-in-grave-danger-vol-41-emerald-knight.html,,,not_found_in_complete_directory,2026-09-12T17:52:16+08:00,历史条目，状态待核实,外部或历史来源明确记载，但当前官方状态未获确认,仍需核实
THZ-5,THZ-05,THZ,asiamonstr,THZ-05 Super-heroine desperation Vol.05,,"September 17, 2017",,https://www.asiamonstr.com/giga/thz-05-super-heroine-desperation-vol-05-nymph-mask-dahlia-arisa-hinata.html,,,not_found_in_complete_directory,2026-09-12T17:52:16+08:00,历史条目，状态待核实,外部或历史来源明确记载，但当前官方状态未获确认,仍需核实
THZ-6,THZ-06; THZ-6,THZ,asiamonstr; official,THZ-06 Super-heroine desperation Vol.06 Yume Nomura,2006-09-25,"November 7, 2013",,https://www.asiamonstr.com/giga/thz-06-super-heroine-desperation-vol-06.html,https://www.giga-web.jp/product/index.php?product_id=1880,,confirmed,2026-09-12T17:52:16+08:00,确认漏收录,当前官方记录明确存在且线上目录未收录,可补录
THZ-64,THZ-64,THZ,asiamonstr; gap,THZ-64 Super Heroine in Grave Danger!! Vol.64 Galaxy,,"August 18, 2017",,https://www.asiamonstr.com/giga/thz-64-super-heroine-in-grave-danger-vol-64-galaxy-investigator-ami-natsuki-narumi.html,https://www.giga-web.jp/db_titles/thz/thz64/pac_s.jpg,,not_found_in_complete_directory; official_asset_head_200,2026-09-12T21:45:55+08:00,确认官方下架,完整官网目录扫描未收录；官网域名下对应历史封面仍返回图像，确认该作品曾有官方记录且现已从目录移除（未发现下架公告或原因）,有依据标下架
THZ-67,THZ-67,THZ,asiamonstr; gap,THZ-67 Super Heroine in Grave Danger!! Vol.67,,"June 16, 2018",,https://www.asiamonstr.com/giga/thz-67-super-heroine-in-grave-danger-vol-67-galaxy-investigator-ali-deprived-ties-hana-misora.html,https://www.giga-web.jp/db_titles/thz/thz67/pac_s.jpg,,not_found_in_complete_directory; official_asset_head_200,2026-09-12T21:45:55+08:00,确认官方下架,完整官网目录扫描未收录；官网域名下对应历史封面仍返回图像，确认该作品曾有官方记录且现已从目录移除（未发现下架公告或原因）,有依据标下架
THZ-7,THZ-07; THZ-7,THZ,asiamonstr; official,THZ-07 Super Heroine to have one’s back against,2006-10-27,"September 17, 2017",,https://www.asiamonstr.com/giga/thz-07-super-heroine-to-have-ones-back-against-the-wall-vol-07-swan-fighter-karin-sakurai.html,https://www.giga-web.jp/product/index.php?product_id=1554,,confirmed,2026-09-12T17:52:16+08:00,确认漏收录,当前官方记录明确存在且线上目录未收录,可补录
THZ-79,THZ-79,THZ,asiamonstr; gap; history,THZ-79 Super Heroine in Grave Danger!! Vol.79 Legenmirror -Blue Fenril,2020-10-09,"September 11, 2020",,https://www.asiamonstr.com/giga/thz-79-super-heroine-in-grave-danger-vol-79-legenmirror-blue-fenril-mitsuki-nagisa.html,https://www.giga-web.jp/db_titles/thz/thz79/pac_s.jpg,0f1fe95ab25224f11cfd8fe304a3ed14a4fdd3ec:public/data/catalog.json; 8104579b6cc7411748b1685868af22e5b8d0dd77:public/data/catalog.json; b2f7a3e714bd49d9fa8c262d4460ce09c5286ec0:public/data/catalog.json; b8c1609c6eab57a96d6486d18175d4ee1c52d257:public/data/catalog.json; fb07a3ad9a69a3a57c96eab4405e1d5f45c507ed:public/data/catalog.json,not_found_in_complete_directory; official_asset_head_200,2026-09-12T21:45:56+08:00,确认官方下架,完整官网目录扫描未收录；官网域名下对应历史封面仍返回图像，确认该作品曾有官方记录且现已从目录移除（未发现下架公告或原因）,有依据标下架
THZ-8,THZ-08; THZ-8,THZ,asiamonstr; official,THZ-08 Super Heroine to have one’s back against the wall Pretty Heart,2006-11-24,"March 2, 2013",,https://www.asiamonstr.com/giga/thz-08-super-heroine-to-have-one-s-back-against-the-wall-pretty-heart.html,https://www.giga-web.jp/product/index.php?product_id=2178,,confirmed,2026-09-12T17:52:16+08:00,确认漏收录,当前官方记录明确存在且线上目录未收录,可补录
THZ-9,THZ-09; THZ-9,THZ,asiamonstr; official,"THZ-09 Super-heroine desperation Vol.09 combat W, Hibino Yuuki",2006-12-24,"February 5, 2014",,https://www.asiamonstr.com/giga/thz-09-super-heroine-desperation-vol-09-combat-w-hibino-yuuki.html,https://www.giga-web.jp/product/index.php?product_id=2179,,confirmed,2026-09-12T17:52:16+08:00,确认漏收录,当前官方记录明确存在且线上目录未收录,可补录
TJH-1,TJH-1,TJH,official,熟女ﾋﾛｲﾝ1,2001-01-12,,,,https://www.giga-web.jp/product/index.php?product_id=1379,,confirmed,2026-09-12T17:52:16+08:00,确认漏收录,当前官方记录明确存在且线上目录未收录,可补录
TJH-10,TJH-10,TJH,asiamonstr; official,TJH-10 Mature woman heroine EPISODE10,2006-10-10,"September 22, 2017",,https://www.asiamonstr.com/giga/tjh-10-mature-woman-heroine-episode10-kana-mochiduki.html,https://www.giga-web.jp/product/index.php?product_id=2110,,confirmed,2026-09-12T17:52:16+08:00,确认漏收录,当前官方记录明确存在且线上目录未收录,可补录
TJH-11,TJH-11,TJH,asiamonstr; official,TJH-11 Mature woman heroine EPISODE11,2006-11-10,"September 22, 2017",,https://www.asiamonstr.com/giga/tjh-11-mature-woman-heroine-episode11-fuka-sasaki.html,https://www.giga-web.jp/product/index.php?product_id=2111,,confirmed,2026-09-12T17:52:16+08:00,确认漏收录,当前官方记录明确存在且线上目录未收录,可补录
TJH-12,TJH-12,TJH,asiamonstr; official,"TJH-12 Kaori Namwon milf heroine, Minamihara Kaori",2006-12-10,"April 16, 2013",,https://www.asiamonstr.com/giga/tjh-12-kaori-namwon-milf-heroine-minamihara-kaori.html,https://www.giga-web.jp/product/index.php?product_id=2112,,confirmed,2026-09-12T17:52:16+08:00,确认漏收录,当前官方记录明确存在且线上目录未收录,可补录
TJH-13,TJH-13,TJH,asiamonstr; official,TJH-13 Mature woman heroine EPISODE 13,2007-01-10,"September 23, 2017",,https://www.asiamonstr.com/giga/tjh-13-mature-woman-heroine-episode-13-yuuna-hoshiduki.html,https://www.giga-web.jp/product/index.php?product_id=2113,,confirmed,2026-09-12T17:52:16+08:00,确认漏收录,当前官方记录明确存在且线上目录未收录,可补录
TJH-14,TJH-14,TJH,asiamonstr; official,TJH-14 Middle-aged Heroine 14,2007-08-10,"September 23, 2017",,https://www.asiamonstr.com/giga/tjh-14-middle-aged-heroine-14-miki-kanzaki.html,https://www.giga-web.jp/product/index.php?product_id=1363,,confirmed,2026-09-12T17:52:16+08:00,确认漏收录,当前官方记录明确存在且线上目录未收录,可补录
TJH-15,TJH-15,TJH,asiamonstr; official,TJH-15 Middle-aged Heroine 15,2007-11-23,"September 23, 2017",,https://www.asiamonstr.com/giga/tjh-15-middle-aged-heroine-15-ayaka-miyazaki.html,https://www.giga-web.jp/product/index.php?product_id=1249,,confirmed,2026-09-12T17:52:16+08:00,确认漏收录,当前官方记录明确存在且线上目录未收录,可补录
TJH-2,TJH-2,TJH,official,熟女ﾋﾛｲﾝ2,2001-02-12,,,,https://www.giga-web.jp/product/index.php?product_id=1380,,confirmed,2026-09-12T17:52:16+08:00,确认漏收录,当前官方记录明确存在且线上目录未收录,可补录
TJH-3,TJH-3,TJH,official,熟女ﾋﾛｲﾝ3,2001-03-06,,,,https://www.giga-web.jp/product/index.php?product_id=1381,,confirmed,2026-09-12T17:52:16+08:00,确认漏收录,当前官方记录明确存在且线上目录未收录,可补录
TJH-4,TJH-4,TJH,official,熟女ﾋﾛｲﾝ4,2001-04-06,,,,https://www.giga-web.jp/product/index.php?product_id=1382,,confirmed,2026-09-12T17:52:16+08:00,确认漏收录,当前官方记录明确存在且线上目录未收录,可补录
TJH-5,TJH-05; TJH-5,TJH,asiamonstr; official,TJH-05 Middle-aged Heroine 05,2001-05-06,"September 21, 2017",,https://www.asiamonstr.com/giga/tjh-05-middle-aged-heroine-05-shino-ozawa.html,https://www.giga-web.jp/product/index.php?product_id=1383,,confirmed,2026-09-12T17:52:16+08:00,确认漏收录,当前官方记录明确存在且线上目录未收录,可补录
TJH-6,TJH-06; TJH-6,TJH,asiamonstr; official,TJH-06 Middle-aged Heroine 06,2001-06-06,"September 21, 2017",,https://www.asiamonstr.com/giga/tjh-06-middle-aged-heroine-06-ageha-kuroki.html,https://www.giga-web.jp/product/index.php?product_id=1384,,confirmed,2026-09-12T17:52:16+08:00,确认漏收录,当前官方记录明确存在且线上目录未收录,可补录
TJH-7,TJH-07; TJH-7,TJH,asiamonstr; official,TJH-07 Middle-aged Heroine 07,2001-07-06,"September 21, 2017",,https://www.asiamonstr.com/giga/tjh-07-middle-aged-heroine-07-arisa-matsumoto.html,https://www.giga-web.jp/product/index.php?product_id=1385,,confirmed,2026-09-12T17:52:16+08:00,确认漏收录,当前官方记录明确存在且线上目录未收录,可补录
TJH-8,TJH-08; TJH-8,TJH,asiamonstr; official,TJH-08 Middle-aged Heroine 08,2006-08-10,"September 22, 2017",,https://www.asiamonstr.com/giga/tjh-08-middle-aged-heroine-08-yuuki-mikami.html,https://www.giga-web.jp/product/index.php?product_id=1386,,confirmed,2026-09-12T17:52:16+08:00,确认漏收录,当前官方记录明确存在且线上目录未收录,可补录
TJH-9,TJH-09; TJH-9,TJH,asiamonstr; official,TJH-09 Middle-aged Heroine 09,2006-01-13,"September 22, 2017",,https://www.asiamonstr.com/giga/tjh-09-middle-aged-heroine-09-rumi-satsuki.html,https://www.giga-web.jp/product/index.php?product_id=1387,,confirmed,2026-09-12T17:52:16+08:00,确认漏收录,当前官方记录明确存在且线上目录未收录,可补录
TKVR-11,TKVR-11,TKVR,gap,,,,,,,,not_found_in_complete_directory,2026-09-12T17:52:16+08:00,无证据空号,仅由现有番号区间不连续产生，未找到存在记录,仍需核实
TKVR-12,TKVR-12,TKVR,gap,,,,,,,,not_found_in_complete_directory,2026-09-12T17:52:16+08:00,无证据空号,仅由现有番号区间不连续产生，未找到存在记录,仍需核实
TKVR-20,TKVR-20,TKVR,gap,,,,,,,,not_found_in_complete_directory,2026-09-12T17:52:16+08:00,无证据空号,仅由现有番号区间不连续产生，未找到存在记录,仍需核实
TKVR-3,TKVR-03,TKVR,asiamonstr; gap,TKVR-03 Encouragement of Heroine Neck Torture,,"November 11, 2017",,https://www.asiamonstr.com/giga/tkvr-03-encouragement-of-heroine-neck-torture.html,https://www.giga-web.jp/db_titles/tkvr/tkvr03/pac_s.jpg,,not_found_in_complete_directory; official_asset_head_200,2026-09-12T21:45:56+08:00,确认官方下架,完整官网目录扫描未收录；官网域名下对应历史封面仍返回图像，确认该作品曾有官方记录且现已从目录移除（未发现下架公告或原因）,有依据标下架
TKVR-7,TKVR-7,TKVR,gap,,,,,,,,not_found_in_complete_directory,2026-09-12T17:52:16+08:00,无证据空号,仅由现有番号区间不连续产生，未找到存在记录,仍需核实
TKVR-8,TKVR-8,TKVR,gap,,,,,,,,not_found_in_complete_directory,2026-09-12T17:52:16+08:00,无证据空号,仅由现有番号区间不连续产生，未找到存在记录,仍需核实
TLTD-67,TLTD-67,TLTD,asiamonstr; gap,TLTD-67 Heroine Twisted Bondage Diana,,"March 1, 2016",,https://www.asiamonstr.com/giga/tltd-67-heroine-twisted-bondage-diana-nozomi-haduki.html,https://www.giga-web.jp/db_titles/tltd/tltd67/pac_s.jpg,,not_found_in_complete_directory; official_asset_head_200,2026-09-12T21:45:56+08:00,确认官方下架,完整官网目录扫描未收录；官网域名下对应历史封面仍返回图像，确认该作品曾有官方记录且现已从目录移除（未发现下架公告或原因）,有依据标下架
TLTD-70,TLTD-70,TLTD,gap,,,,,,,,not_found_in_complete_directory,2026-09-12T17:52:16+08:00,无证据空号,仅由现有番号区间不连续产生，未找到存在记录,仍需核实
TLTD-72,TLTD-72,TLTD,gap,,,,,,,,not_found_in_complete_directory,2026-09-12T17:52:16+08:00,无证据空号,仅由现有番号区间不连续产生，未找到存在记录,仍需核实
TLTD-74,TLTD-74,TLTD,gap,,,,,,,,not_found_in_complete_directory,2026-09-12T17:52:16+08:00,无证据空号,仅由现有番号区间不连续产生，未找到存在记录,仍需核实
TLTD-81,TLTD-81,TLTD,gap,,,,,,,,not_found_in_complete_directory,2026-09-12T17:52:16+08:00,无证据空号,仅由现有番号区间不连续产生，未找到存在记录,仍需核实
TML-1,TML-01; TML-1,TML,asiamonstr; official,TML-01 Super Mask Heroine 01,2007-08-24,"September 27, 2017",,https://www.asiamonstr.com/giga/tml-01-super-mask-heroine-01-mina-manabe.html,https://www.giga-web.jp/product/index.php?product_id=1205,,confirmed,2026-09-12T17:52:16+08:00,确认漏收录,当前官方记录明确存在且线上目录未收录,可补录
TMS-1,TMS-1,TMS,official,ULTRA HEROINE サンダーガール Vol.1,2004-10-25,,,,https://www.giga-web.jp/product/index.php?product_id=2915,,confirmed,2026-09-12T17:52:16+08:00,确认漏收录,当前官方记录明确存在且线上目录未收录,可补录
TMS-10,TMS-10,TMS,official,ミルキーファイター ACT.1,2006-04-27,,,,https://www.giga-web.jp/product/index.php?product_id=1147,,confirmed,2026-09-12T17:52:16+08:00,确认漏收录,当前官方记录明确存在且线上目录未收录,可补录
TMS-11,TMS-11,TMS,official,ミルキーファイター ACT.2,2006-05-28,,,,https://www.giga-web.jp/product/index.php?product_id=1148,,confirmed,2026-09-12T17:52:16+08:00,确认漏收录,当前官方记录明确存在且线上目录未收录,可补录
TMS-12,TMS-12,TMS,asiamonstr; official,TMS-12 Mermaid Huey,2006-06-28,"September 28, 2017",,https://www.asiamonstr.com/giga/tms-12-mermaid-huey-mako-koyuri.html,https://www.giga-web.jp/product/index.php?product_id=1149,,confirmed,2026-09-12T17:52:16+08:00,确认漏收录,当前官方记录明确存在且线上目录未收录,可补录
TMS-13,TMS-13,TMS,asiamonstr; official,TMS-13 Samuraiger,2006-07-27,"September 28, 2017",,https://www.asiamonstr.com/giga/tms-13-samuraiger-miu-souma-rui-shiraishi.html,https://www.giga-web.jp/product/index.php?product_id=1150,,confirmed,2026-09-12T17:52:16+08:00,确认漏收录,当前官方记录明确存在且线上目录未收录,可补录
TMS-14,TMS-14,TMS,asiamonstr; official,TMS-14 Warrior in Battle Zone [First Part],2006-08-27,"September 29, 2017",,https://www.asiamonstr.com/giga/tms-14-warrior-in-battle-zone-first-part-mao-tachibana.html,https://www.giga-web.jp/product/index.php?product_id=1151,,confirmed,2026-09-12T17:52:16+08:00,确认漏收录,当前官方记录明确存在且线上目录未收录,可补录
TMS-15,TMS-15,TMS,asiamonstr; official,TMS-15 Warrior in Battle Zone [Last Part],2006-09-28,"September 29, 2017",,https://www.asiamonstr.com/giga/tms-15-warrior-in-battle-zone-last-part-mao-tachibana.html,https://www.giga-web.jp/product/index.php?product_id=1152,,confirmed,2026-09-12T17:52:16+08:00,确认漏收录,当前官方记录明确存在且线上目录未收录,可补录
TMS-16,TMS-16,TMS,asiamonstr; official,TMS-16 Beautiful Kamen Aurora,2005-03-25,"March 3, 2013",,https://www.asiamonstr.com/giga/tms-16-beautiful-kamen-aurora.html,https://www.giga-web.jp/product/index.php?product_id=1153,,confirmed,2026-09-12T17:52:16+08:00,确认漏收录,当前官方记录明确存在且线上目录未收录,可补录
TMS-17,TMS-17,TMS,asiamonstr; official,"TMS-17 Gale Hissatsu – Sword Girl, Saotome Minaki",2006-11-27,"September 6, 2014",,https://www.asiamonstr.com/giga/tms-17-gale-hissatsu-sword-girl-saotome-minaki.html,https://www.giga-web.jp/product/index.php?product_id=1154,,confirmed,2026-09-12T17:52:16+08:00,确认漏收录,当前官方记录明确存在且线上目录未收录,可补录
TMS-18,TMS-18,TMS,asiamonstr; official,TMS-18 White Kamen Sarina,2006-12-27,"February 3, 2013",,https://www.asiamonstr.com/giga/tms-18-white-kamen-sarina.html,https://www.giga-web.jp/product/index.php?product_id=1131,,confirmed,2026-09-12T17:52:16+08:00,确认漏收录,当前官方记录明确存在且线上目录未收录,可补录
TMS-19,TMS-19,TMS,asiamonstr; official,TMS-19 Mirror Lady,2007-01-27,"September 29, 2017",,https://www.asiamonstr.com/giga/tms-19-mirror-lady-mahiru-sakuraza.html,https://www.giga-web.jp/product/index.php?product_id=1132,,confirmed,2026-09-12T17:52:16+08:00,确认漏收录,当前官方记录明确存在且线上目录未收录,可补录
TMS-2,TMS-2,TMS,official,ULTRA HEROINE サンダーガール Vol.2,2004-11-11,,,,https://www.giga-web.jp/product/index.php?product_id=2916,,confirmed,2026-09-12T17:52:16+08:00,确认漏收录,当前官方记录明确存在且线上目录未收录,可补录
TMS-20,TMS-20,TMS,asiamonstr; official,TMS-20 Red Lady,2007-04-01,"February 3, 2013",,https://www.asiamonstr.com/giga/tms-20-red-lady-runa-sezaki.html,https://www.giga-web.jp/product/index.php?product_id=1882,,confirmed,2026-09-12T17:52:16+08:00,确认漏收录,当前官方记录明确存在且线上目录未收录,可补录
TMS-21,TMS-21,TMS,asiamonstr,TMS-21 Ultra Hyper Woman Henshin,,"February 4, 2013",,https://www.asiamonstr.com/giga/tms-21-ultra-hyper-woman-henshin-akira-mizuno.html,https://www.giga-web.jp/db_titles/tms/tms21/pac_s.jpg,,not_found_in_complete_directory; official_asset_head_200,2026-09-12T21:45:57+08:00,确认官方下架,完整官网目录扫描未收录；官网域名下对应历史封面仍返回图像，确认该作品曾有官方记录且现已从目录移除（未发现下架公告或原因）,有依据标下架
TMS-22,TMS-22,TMS,asiamonstr; official,TMS-22 Super Bird Five,2007-03-27,"September 29, 2017",,https://www.asiamonstr.com/giga/tms-22-super-bird-five-mahiru-sakuraza.html,https://www.giga-web.jp/product/index.php?product_id=1133,,confirmed,2026-09-12T17:52:16+08:00,确认漏收录,当前官方记录明确存在且线上目录未收录,可补录
TMS-23,TMS-23,TMS,asiamonstr; official,"TMS-23 Lady Next, Sakuragi Eri",2007-04-27,"July 5, 2014",,https://www.asiamonstr.com/giga/tms-23-lady-next-sakuragi-eri.html,https://www.giga-web.jp/product/index.php?product_id=1130,,confirmed,2026-09-12T17:52:16+08:00,确认漏收录,当前官方记录明确存在且线上目录未收录,可补录
TMS-24,TMS-24,TMS,asiamonstr; official,TMS-24 Return of Leon,2007-06-08,"September 30, 2017",,https://www.asiamonstr.com/giga/tms-24-return-of-leon-mari-hida.html,https://www.giga-web.jp/product/index.php?product_id=1129,,confirmed,2026-09-12T17:52:16+08:00,确认漏收录,当前官方记录明确存在且线上目录未收录,可补录
TMS-25,TMS-25,TMS,asiamonstr; official,TMS-25 Astral Lady,2007-08-10,"March 3, 2013",,https://www.asiamonstr.com/giga/tms-25-astral-lady.html,https://www.giga-web.jp/product/index.php?product_id=1128,,confirmed,2026-09-12T17:52:16+08:00,确认漏收录,当前官方记录明确存在且线上目录未收录,可补录
TMS-26,TMS-26,TMS,asiamonstr; official,TMS-26 Aurora Sisters,2007-08-24,"March 3, 2013",,https://www.asiamonstr.com/giga/tms-26-aurora-sisters-mari-hida-mao-saito-mahiru-sakuraza.html,https://www.giga-web.jp/product/index.php?product_id=1127,,confirmed,2026-09-12T17:52:16+08:00,确认漏收录,当前官方记录明确存在且线上目录未收录,可补录
TMS-27,TMS-27,TMS,asiamonstr; official,TMS-27 Atomic Lady,2007-10-26,"September 30, 2017",,https://www.asiamonstr.com/giga/tms-27-atomic-lady-yuri-nioka.html,https://www.giga-web.jp/product/index.php?product_id=1126,,confirmed,2026-09-12T17:52:16+08:00,确认漏收录,当前官方记录明确存在且线上目录未收录,可补录
TMS-28,TMS-28,TMS,asiamonstr; official,"TMS-28 Star Lady, Himekawa Rina",2007-11-23,"June 23, 2014",,https://www.asiamonstr.com/giga/tms-28-star-lady-himekawa-rina.html,https://www.giga-web.jp/product/index.php?product_id=1125,,confirmed,2026-09-12T17:52:16+08:00,确认漏收录,当前官方记录明确存在且线上目录未收录,可补录
TMS-3,TMS-3,TMS,official,ULTRA HEROINE サンダーガール Vol.3,2004-11-25,,,,https://www.giga-web.jp/product/index.php?product_id=2917,,confirmed,2026-09-12T17:52:16+08:00,确认漏收录,当前官方记录明确存在且线上目录未收录,可补录
TMS-4,TMS-4,TMS,official,電撃戦隊パーフェクトレンジャーRETURNS ACT 1,2005-09-02,,,,https://www.giga-web.jp/product/index.php?product_id=1141,,confirmed,2026-09-12T17:52:16+08:00,确认漏收录,当前官方记录明确存在且线上目录未收录,可补录
TMS-5,TMS-5,TMS,official,電撃戦隊パーフェクトレンジャーRETURNS ACT 2,2005-10-07,,,,https://www.giga-web.jp/product/index.php?product_id=1142,,confirmed,2026-09-12T17:52:16+08:00,确认漏收录,当前官方记录明确存在且线上目录未收录,可补录
TMS-6,TMS-6,TMS,official,電撃戦隊パーフェクトレンジャーRETURNS ACT 3,2005-11-04,,,,https://www.giga-web.jp/product/index.php?product_id=1143,,confirmed,2026-09-12T17:52:16+08:00,确认漏收录,当前官方记录明确存在且线上目录未收录,可补录
TMS-7,TMS-7,TMS,official,超人戦隊バードファイブ ACT.1,2006-01-27,,,,https://www.giga-web.jp/product/index.php?product_id=1144,,confirmed,2026-09-12T17:52:16+08:00,确认漏收录,当前官方记录明确存在且线上目录未收录,可补录
TMS-8,TMS-8,TMS,official,超人戦隊バードファイブ ACT.2,2006-02-27,,,,https://www.giga-web.jp/product/index.php?product_id=1145,,confirmed,2026-09-12T17:52:16+08:00,确认漏收录,当前官方记录明确存在且线上目录未收录,可补录
TMS-9,TMS-9,TMS,official,超人戦隊バードファイブ ACT.3,2006-03-27,,,,https://www.giga-web.jp/product/index.php?product_id=1146,,confirmed,2026-09-12T17:52:16+08:00,确认漏收录,当前官方记录明确存在且线上目录未收录,可补录
TNI-1,TNI-1,TNI,official,忍者Vol.1,2000-07-14,,,,https://www.giga-web.jp/product/index.php?product_id=1285,,confirmed,2026-09-12T17:52:16+08:00,确认漏收录,当前官方记录明确存在且线上目录未收录,可补录
TNI-10,TNI-10,TNI,official,忍者Vol.10,2001-04-13,,,,https://www.giga-web.jp/product/index.php?product_id=1232,,confirmed,2026-09-12T17:52:16+08:00,确认漏收录,当前官方记录明确存在且线上目录未收录,可补录
TNI-11,TNI-11,TNI,official,忍者Vol.11,2001-05-25,,,,https://www.giga-web.jp/product/index.php?product_id=1234,,confirmed,2026-09-12T17:52:16+08:00,确认漏收录,当前官方记录明确存在且线上目录未收录,可补录
TNI-12,TNI-12,TNI,official,忍者Vol.12,2001-06-08,,,,https://www.giga-web.jp/product/index.php?product_id=1236,,confirmed,2026-09-12T17:52:16+08:00,确认漏收录,当前官方记录明确存在且线上目录未收录,可补录
TNI-13,TNI-13,TNI,official,忍者Vol.13,2001-07-13,,,,https://www.giga-web.jp/product/index.php?product_id=1238,,confirmed,2026-09-12T17:52:16+08:00,确认漏收录,当前官方记录明确存在且线上目录未收录,可补录
TNI-14,TNI-14,TNI,official,忍者Vol.14,2001-08-24,,,,https://www.giga-web.jp/product/index.php?product_id=1240,,confirmed,2026-09-12T17:52:16+08:00,确认漏收录,当前官方记录明确存在且线上目录未收录,可补录
TNI-15,TNI-15,TNI,official,忍者Vol.15,2001-09-14,,,,https://www.giga-web.jp/product/index.php?product_id=1241,,confirmed,2026-09-12T17:52:16+08:00,确认漏收录,当前官方记录明确存在且线上目录未收录,可补录
TNI-16,TNI-16,TNI,official,忍者Vol.16,2001-10-26,,,,https://www.giga-web.jp/product/index.php?product_id=1287,,confirmed,2026-09-12T17:52:16+08:00,确认漏收录,当前官方记录明确存在且线上目录未收录,可补录
TNI-17,TNI-17,TNI,official,忍者Vol.17,2001-11-09,,,,https://www.giga-web.jp/product/index.php?product_id=1288,,confirmed,2026-09-12T17:52:16+08:00,确认漏收录,当前官方记录明确存在且线上目录未收录,可补录
TNI-18,TNI-18,TNI,official,忍者Vol.18,2001-12-21,,,,https://www.giga-web.jp/product/index.php?product_id=1289,,confirmed,2026-09-12T17:52:16+08:00,确认漏收录,当前官方记录明确存在且线上目录未收录,可补录
TNI-19,TNI-19,TNI,official,忍者Vol.19,2002-01-11,,,,https://www.giga-web.jp/product/index.php?product_id=1290,,confirmed,2026-09-12T17:52:16+08:00,确认漏收录,当前官方记录明确存在且线上目录未收录,可补录
TNI-2,TNI-2,TNI,official,忍者Vol.2,2000-08-11,,,,https://www.giga-web.jp/product/index.php?product_id=1214,,confirmed,2026-09-12T17:52:16+08:00,确认漏收录,当前官方记录明确存在且线上目录未收录,可补录
TNI-20,TNI-20,TNI,official,忍者Vol.20,2002-02-22,,,,https://www.giga-web.jp/product/index.php?product_id=1242,,confirmed,2026-09-12T17:52:16+08:00,确认漏收录,当前官方记录明确存在且线上目录未收录,可补录
TNI-21,TNI-21,TNI,official,忍者Vol.21,2002-03-08,,,,https://www.giga-web.jp/product/index.php?product_id=1243,,confirmed,2026-09-12T17:52:16+08:00,确认漏收录,当前官方记录明确存在且线上目录未收录,可补录
TNI-22,TNI-22,TNI,official,忍者Vol.22,2002-04-12,,,,https://www.giga-web.jp/product/index.php?product_id=1245,,confirmed,2026-09-12T17:52:16+08:00,确认漏收录,当前官方记录明确存在且线上目录未收录,可补录
TNI-23,TNI-23,TNI,asiamonstr; official,TNI-23 Ninja 23,2002-05-24,"October 22, 2023",,https://www.asiamonstr.com/giga/tni-23-ninja-23.html,https://www.giga-web.jp/product/index.php?product_id=1246,,confirmed,2026-09-12T17:52:16+08:00,确认漏收录,当前官方记录明确存在且线上目录未收录,可补录
TNI-24,TNI-24,TNI,official,忍者Vol.24,2002-06-21,,,,https://www.giga-web.jp/product/index.php?product_id=1292,,confirmed,2026-09-12T17:52:16+08:00,确认漏收录,当前官方记录明确存在且线上目录未收录,可补录
TNI-25,TNI-25,TNI,official,忍者Vol.25,2002-07-12,,,,https://www.giga-web.jp/product/index.php?product_id=1293,,confirmed,2026-09-12T17:52:16+08:00,确认漏收录,当前官方记录明确存在且线上目录未收录,可补录
TNI-26,TNI-26,TNI,official,忍者Vol.26,2002-08-13,,,,https://www.giga-web.jp/product/index.php?product_id=1251,,confirmed,2026-09-12T17:52:16+08:00,确认漏收录,当前官方记录明确存在且线上目录未收录,可补录
TNI-27,TNI-27,TNI,official,忍者Vol.27,2002-09-13,,,,https://www.giga-web.jp/product/index.php?product_id=1252,,confirmed,2026-09-12T17:52:16+08:00,确认漏收录,当前官方记录明确存在且线上目录未收录,可补录
TNI-28,TNI-28,TNI,official,忍者Vol.28,2002-10-25,,,,https://www.giga-web.jp/product/index.php?product_id=1253,,confirmed,2026-09-12T17:52:16+08:00,确认漏收录,当前官方记录明确存在且线上目录未收录,可补录
TNI-29,TNI-29,TNI,official,忍者Vol.29,2002-11-15,,,,https://www.giga-web.jp/product/index.php?product_id=1294,,confirmed,2026-09-12T17:52:16+08:00,确认漏收录,当前官方记录明确存在且线上目录未收录,可补录
TNI-3,TNI-3,TNI,official,忍者Vol.3,2000-09-22,,,,https://www.giga-web.jp/product/index.php?product_id=1215,,confirmed,2026-09-12T17:52:16+08:00,确认漏收录,当前官方记录明确存在且线上目录未收录,可补录
TNI-30,TNI-30,TNI,official,忍者Vol.30,2003-01-31,,,,https://www.giga-web.jp/product/index.php?product_id=1254,,confirmed,2026-09-12T17:52:16+08:00,确认漏收录,当前官方记录明确存在且线上目录未收录,可补录
TNI-31,TNI-31,TNI,official,忍者Vol.31,2003-03-28,,,,https://www.giga-web.jp/product/index.php?product_id=1295,,confirmed,2026-09-12T17:52:16+08:00,确认漏收录,当前官方记录明确存在且线上目录未收录,可补录
TNI-32,TNI-32,TNI,official,忍者Vol.32,2003-07-11,,,,https://www.giga-web.jp/product/index.php?product_id=1296,,confirmed,2026-09-12T17:52:16+08:00,确认漏收录,当前官方记录明确存在且线上目录未收录,可补录
TNI-33,TNI-33,TNI,official,忍者Vol.33,2006-10-03,,,,https://www.giga-web.jp/product/index.php?product_id=1297,,confirmed,2026-09-12T17:52:16+08:00,确认漏收录,当前官方记录明确存在且线上目录未收录,可补录
TNI-34,TNI-34,TNI,official,忍者Vol.34,2006-11-03,,,,https://www.giga-web.jp/product/index.php?product_id=1298,,confirmed,2026-09-12T17:52:16+08:00,确认漏收录,当前官方记录明确存在且线上目录未收录,可补录
TNI-35,TNI-35,TNI,asiamonstr; official,TNI-35 Ninja 35,2006-12-03,"October 4, 2017",,https://www.asiamonstr.com/giga/tni-35-ninja-35-mari-takeuchi.html,https://www.giga-web.jp/product/index.php?product_id=1299,,confirmed,2026-09-12T17:52:16+08:00,确认漏收录,当前官方记录明确存在且线上目录未收录,可补录
TNI-36,TNI-36,TNI,asiamonstr; official,TNI-36 Ninja 36,2007-01-01,"October 4, 2017",,https://www.asiamonstr.com/giga/tni-36-ninja-36-mao-tachibana.html,https://www.giga-web.jp/product/index.php?product_id=1300,,confirmed,2026-09-12T17:52:16+08:00,确认漏收录,当前官方记录明确存在且线上目录未收录,可补录
TNI-37,TNI-37,TNI,asiamonstr; official,TNI-37 Ninja 37,2007-02-02,"October 5, 2017",,https://www.asiamonstr.com/giga/tni-37-ninja-37-kei-satomi.html,https://www.giga-web.jp/product/index.php?product_id=1255,,confirmed,2026-09-12T17:52:16+08:00,确认漏收录,当前官方记录明确存在且线上目录未收录,可补录
TNI-38,TNI-38,TNI,asiamonstr; official,TNI-38 Ninja 38,2007-03-08,"October 5, 2017",,https://www.asiamonstr.com/giga/tni-38-ninja-38-yui-komine.html,https://www.giga-web.jp/product/index.php?product_id=1301,,confirmed,2026-09-12T17:52:16+08:00,确认漏收录,当前官方记录明确存在且线上目录未收录,可补录
TNI-39,TNI-39,TNI,asiamonstr; official,TNI-39 Ninja 39,2007-04-03,"October 5, 2017",,https://www.asiamonstr.com/giga/tni-39-ninja-39-koyoi-yumesaki.html,https://www.giga-web.jp/product/index.php?product_id=1302,,confirmed,2026-09-12T17:52:16+08:00,确认漏收录,当前官方记录明确存在且线上目录未收录,可补录
TNI-4,TNI-4,TNI,official,忍者Vol.4,2000-10-13,,,,https://www.giga-web.jp/product/index.php?product_id=1217,,confirmed,2026-09-12T17:52:16+08:00,确认漏收录,当前官方记录明确存在且线上目录未收录,可补录
TNI-40,TNI-40,TNI,asiamonstr; official,TNI-40 Ninja 40,2007-05-01,"October 5, 2017",,https://www.asiamonstr.com/giga/tni-40-ninja-40-aki-yatou.html,https://www.giga-web.jp/product/index.php?product_id=1256,,confirmed,2026-09-12T17:52:16+08:00,确认漏收录,当前官方记录明确存在且线上目录未收录,可补录
TNI-41,TNI-41,TNI,asiamonstr; official,TNI-41 Ninja 41,2007-06-03,"October 6, 2017",,https://www.asiamonstr.com/giga/tni-41-ninja-41-marin-asaoka.html,https://www.giga-web.jp/product/index.php?product_id=1303,,confirmed,2026-09-12T17:52:16+08:00,确认漏收录,当前官方记录明确存在且线上目录未收录,可补录
TNI-42,TNI-42,TNI,asiamonstr; official,TNI-42 Ninja 42,2007-07-01,"October 28, 2023",,https://www.asiamonstr.com/giga/tni-42-ninja-42.html,https://www.giga-web.jp/product/index.php?product_id=1257,,confirmed,2026-09-12T17:52:16+08:00,确认漏收录,当前官方记录明确存在且线上目录未收录,可补录
TNI-43,TNI-43,TNI,asiamonstr; official,TNI-43 Ninja 43,2007-08-02,"December 27, 2017",,https://www.asiamonstr.com/giga/tni-43-ninja-43-riku-shiina.html,https://www.giga-web.jp/product/index.php?product_id=1258,,confirmed,2026-09-12T17:52:16+08:00,确认漏收录,当前官方记录明确存在且线上目录未收录,可补录
TNI-44,TNI-44,TNI,asiamonstr; official,TNI-44 Ninja 44,2007-09-02,"April 24, 2013",,https://www.asiamonstr.com/giga/tni-44-ninja-44-adachi-konomi.html,https://www.giga-web.jp/product/index.php?product_id=1259,,confirmed,2026-09-12T17:52:16+08:00,确认漏收录,当前官方记录明确存在且线上目录未收录,可补录
TNI-45,TNI-45,TNI,asiamonstr; official,TNI-45 Ninja 45,2007-10-02,"October 6, 2017",,https://www.asiamonstr.com/giga/tni-45-ninja-45-rina-himekawa.html,https://www.giga-web.jp/product/index.php?product_id=2137,,confirmed,2026-09-12T17:52:16+08:00,确认漏收录,当前官方记录明确存在且线上目录未收录,可补录
TNI-5,TNI-5,TNI,official,忍者Vol.5,2000-11-24,,,,https://www.giga-web.jp/product/index.php?product_id=1221,,confirmed,2026-09-12T17:52:16+08:00,确认漏收录,当前官方记录明确存在且线上目录未收录,可补录
TNI-6,TNI-6,TNI,official,忍者Vol.6,2000-12-08,,,,https://www.giga-web.jp/product/index.php?product_id=1286,,confirmed,2026-09-12T17:52:16+08:00,确认漏收录,当前官方记录明确存在且线上目录未收录,可补录
TNI-7,TNI-7,TNI,official,忍者Vol.7,2001-01-26,,,,https://www.giga-web.jp/product/index.php?product_id=1226,,confirmed,2026-09-12T17:52:16+08:00,确认漏收录,当前官方记录明确存在且线上目录未收录,可补录
TNI-8,TNI-8,TNI,official,忍者Vol.8,2001-02-23,,,,https://www.giga-web.jp/product/index.php?product_id=1228,,confirmed,2026-09-12T17:52:16+08:00,确认漏收录,当前官方记录明确存在且线上目录未收录,可补录
TNI-9,TNI-9,TNI,official,忍者Vol.9,2001-03-09,,,,https://www.giga-web.jp/product/index.php?product_id=1230,,confirmed,2026-09-12T17:52:16+08:00,确认漏收录,当前官方记录明确存在且线上目录未收录,可补录
TOR-1,TOR-1,TOR,official,サイバー戦隊ジャスティオン,2001-06-10,,,,https://www.giga-web.jp/product/index.php?product_id=1444,,confirmed,2026-09-12T17:52:16+08:00,确认漏收录,当前官方记录明确存在且线上目录未收录,可补录
TOR-10,TOR-10,TOR,official,聖戦美少女アルテミスZ ACT.01,2002-03-10,,,,https://www.giga-web.jp/product/index.php?product_id=1451,,confirmed,2026-09-12T17:52:16+08:00,确认漏收录,当前官方记录明确存在且线上目录未收录,可补录
TOR-12,TOR-12,TOR,official,聖戦美少女アルテミスZ ACT.03,2002-05-10,,,,https://www.giga-web.jp/product/index.php?product_id=1812,,confirmed,2026-09-12T17:52:16+08:00,确认漏收录,当前官方记录明确存在且线上目录未收录,可补录
TOR-13,TOR-13,TOR,official,バトルプリンセススパンデクサー Act.01,2002-09-08,,,,https://www.giga-web.jp/product/index.php?product_id=1813,,confirmed,2026-09-12T17:52:16+08:00,确认漏收录,当前官方记录明确存在且线上目录未收录,可补录
TOR-14,TOR-14,TOR,official,バトルプリンセススパンデクサー Act.02,2002-09-08,,,,https://www.giga-web.jp/product/index.php?product_id=1814,,confirmed,2026-09-12T17:52:16+08:00,确认漏收录,当前官方记录明确存在且线上目录未收录,可补录
TOR-15,TOR-15,TOR,official,バトルプリンセススパンデクサー Act.03,2002-09-08,,,,https://www.giga-web.jp/product/index.php?product_id=1815,,confirmed,2026-09-12T17:52:16+08:00,确认漏收录,当前官方记录明确存在且线上目录未收录,可补录
TOR-16,TOR-16,TOR,official,美少女コマンダーサイバローザ VOL.01,2002-09-08,,,,https://www.giga-web.jp/product/index.php?product_id=1816,,confirmed,2026-09-12T17:52:16+08:00,确认漏收录,当前官方记录明确存在且线上目录未收录,可补录
TOR-17,TOR-17,TOR,official,美少女コマンダーサイバローザ VOL.02,2002-10-08,,,,https://www.giga-web.jp/product/index.php?product_id=1817,,confirmed,2026-09-12T17:52:16+08:00,确认漏收录,当前官方记录明确存在且线上目录未收录,可补录
TOR-18,TOR-18,TOR,official,美少女コマンダーサイバローザ VOL.03,2002-11-08,,,,https://www.giga-web.jp/product/index.php?product_id=1388,,confirmed,2026-09-12T17:52:16+08:00,确认漏收录,当前官方记录明确存在且线上目录未收录,可补录
TOR-19,TOR-19,TOR,official,電撃戦隊パーフェクトレンジャーACT.01,2002-12-08,,,,https://www.giga-web.jp/product/index.php?product_id=1389,,confirmed,2026-09-12T17:52:16+08:00,确认漏收录,当前官方记录明确存在且线上目录未收录,可补录
TOR-2,TOR-2,TOR,official,サイバー戦隊ジャスティオン ACT.Ⅱ,2001-07-10,,,,https://www.giga-web.jp/product/index.php?product_id=1810,,confirmed,2026-09-12T17:52:16+08:00,确认漏收录,当前官方记录明确存在且线上目录未收录,可补录
TOR-20,TOR-20,TOR,official,電撃戦隊パーフェクトレンジャーACT.02,2003-01-08,,,,https://www.giga-web.jp/product/index.php?product_id=1390,,confirmed,2026-09-12T17:52:16+08:00,确认漏收录,当前官方记录明确存在且线上目录未收录,可补录
TOR-21,TOR-21,TOR,official,電撃戦隊パーフェクトレンジャーACT.03,2003-02-08,,,,https://www.giga-web.jp/product/index.php?product_id=1391,,confirmed,2026-09-12T17:52:16+08:00,确认漏收录,当前官方记录明确存在且线上目录未收录,可补录
TOR-22,TOR-22,TOR,official,電撃戦隊パーフェクトレンジャーACT.04,2003-03-08,,,,https://www.giga-web.jp/product/index.php?product_id=1393,,confirmed,2026-09-12T17:52:16+08:00,确认漏收录,当前官方记录明确存在且线上目录未收录,可补录
TOR-23,TOR-23,TOR,official,電撃戦隊パーフェクトレンジャーACT.05,2003-04-08,,,,https://www.giga-web.jp/product/index.php?product_id=1394,,confirmed,2026-09-12T17:52:16+08:00,确认漏收录,当前官方记录明确存在且线上目录未收录,可补录
TOR-24,TOR-24,TOR,official,電撃戦隊パーフェクトレンジャーACT.06,2003-05-09,,,,https://www.giga-web.jp/product/index.php?product_id=1395,,confirmed,2026-09-12T17:52:16+08:00,确认漏收录,当前官方记录明确存在且线上目录未收录,可补录
TOR-25,TOR-25,TOR,official,サイバー戦隊スーパージャスティオン ACT.01,2003-06-09,,,,https://www.giga-web.jp/product/index.php?product_id=1396,,confirmed,2026-09-12T17:52:16+08:00,确认漏收录,当前官方记录明确存在且线上目录未收录,可补录
TOR-26,TOR-26,TOR,official,サイバー戦隊スーパージャスティオン ACT.02,2003-07-09,,,,https://www.giga-web.jp/product/index.php?product_id=1397,,confirmed,2026-09-12T17:52:16+08:00,确认漏收录,当前官方记录明确存在且线上目录未收录,可补录
TOR-27,TOR-27,TOR,official,サイバー戦隊スーパージャスティオン ACT.03,2003-08-09,,,,https://www.giga-web.jp/product/index.php?product_id=1398,,confirmed,2026-09-12T17:52:16+08:00,确认漏收录,当前官方记录明确存在且线上目录未收录,可补录
TOR-28,TOR-28,TOR,official,闇の天使ダークガールACT.01,2003-09-09,,,,https://www.giga-web.jp/product/index.php?product_id=1399,,confirmed,2026-09-12T17:52:16+08:00,确认漏收录,当前官方记录明确存在且线上目录未收录,可补录
TOR-29,TOR-29,TOR,official,闇の天使ダークガールACT.02,2003-10-09,,,,https://www.giga-web.jp/product/index.php?product_id=1400,,confirmed,2026-09-12T17:52:16+08:00,确认漏收录,当前官方记录明确存在且线上目录未收录,可补录
TOR-3,TOR-3,TOR,official,サイバー戦隊ジャスティオン ACT.Ⅲ,2001-08-10,,,,https://www.giga-web.jp/product/index.php?product_id=1445,,confirmed,2026-09-12T17:52:16+08:00,确认漏收录,当前官方记录明确存在且线上目录未收录,可补录
TOR-30,TOR-30,TOR,official,闇の天使ダークガールACT.03,2003-11-09,,,,https://www.giga-web.jp/product/index.php?product_id=1401,,confirmed,2026-09-12T17:52:16+08:00,确认漏收录,当前官方记录明确存在且线上目录未收录,可补录
TOR-31,TOR-31,TOR,official,麗幻の騎士クレセントナイツ 01,2003-12-09,,,,https://www.giga-web.jp/product/index.php?product_id=1402,,confirmed,2026-09-12T17:52:16+08:00,确认漏收录,当前官方记录明确存在且线上目录未收录,可补录
TOR-32,TOR-32,TOR,official,麗幻の騎士クレセントナイツ 02,2004-01-09,,,,https://www.giga-web.jp/product/index.php?product_id=1403,,confirmed,2026-09-12T17:52:16+08:00,确认漏收录,当前官方记录明确存在且线上目录未收录,可补录
TOR-33,TOR-33,TOR,official,麗幻の騎士クレセントナイツ 03,2004-02-09,,,,https://www.giga-web.jp/product/index.php?product_id=1404,,confirmed,2026-09-12T17:52:16+08:00,确认漏收录,当前官方记录明确存在且线上目录未收录,可补录
TOR-34,TOR-34,TOR,official,愛の化身レガリアン 01,2004-03-09,,,,https://www.giga-web.jp/product/index.php?product_id=1405,,confirmed,2026-09-12T17:52:16+08:00,确认漏收录,当前官方记录明确存在且线上目录未收录,可补录
TOR-35,TOR-35,TOR,official,愛の化身レガリアン 02,2004-04-09,,,,https://www.giga-web.jp/product/index.php?product_id=1406,,confirmed,2026-09-12T17:52:16+08:00,确认漏收录,当前官方记录明确存在且线上目录未收录,可补录
TOR-36,TOR-36,TOR,official,愛の化身レガリアン 03,2004-05-09,,,,https://www.giga-web.jp/product/index.php?product_id=1407,,confirmed,2026-09-12T17:52:16+08:00,确认漏收录,当前官方记录明确存在且线上目录未收录,可补录
TOR-37,TOR-37,TOR,official,バトルプリンセス スパンデクサーグレート ACT.01,2004-06-09,,,,https://www.giga-web.jp/product/index.php?product_id=1408,,confirmed,2026-09-12T17:52:16+08:00,确认漏收录,当前官方记录明确存在且线上目录未收录,可补录
TOR-38,TOR-38,TOR,official,バトルプリンセス スパンデクサーグレート ACT.02,2004-06-25,,,,https://www.giga-web.jp/product/index.php?product_id=1409,,confirmed,2026-09-12T17:52:16+08:00,确认漏收录,当前官方记录明确存在且线上目录未收录,可补录
TOR-39,TOR-39,TOR,official,バトルプリンセス スパンデクサーグレート ACT.03,2004-07-23,,,,https://www.giga-web.jp/product/index.php?product_id=1410,,confirmed,2026-09-12T17:52:16+08:00,确认漏收录,当前官方记录明确存在且线上目录未收录,可补录
TOR-4,TOR-4,TOR,official,電脳特捜インスペクターG1,2001-09-10,,,,https://www.giga-web.jp/product/index.php?product_id=1446,,confirmed,2026-09-12T17:52:16+08:00,确认漏收录,当前官方记录明确存在且线上目录未收录,可补录
TOR-40,TOR-40,TOR,official,銀河プリンセス ロジータ ACT.01,2004-07-23,,,,https://www.giga-web.jp/product/index.php?product_id=1417,,confirmed,2026-09-12T17:52:16+08:00,确认漏收录,当前官方记录明确存在且线上目录未收录,可补录
TOR-41,TOR-41,TOR,official,銀河プリンセス ロジータ ACT.02,2004-07-25,,,,https://www.giga-web.jp/product/index.php?product_id=1419,,confirmed,2026-09-12T17:52:16+08:00,确认漏收录,当前官方记录明确存在且线上目录未收录,可补录
TOR-42,TOR-42,TOR,official,銀河プリンセス ロジータ ACT.03,2004-09-26,,,,https://www.giga-web.jp/product/index.php?product_id=1420,,confirmed,2026-09-12T17:52:16+08:00,确认漏收录,当前官方记录明确存在且线上目录未收录,可补录
TOR-43,TOR-43,TOR,official,宇宙の戦士 コスモウーマン ACT.01,2004-12-09,,,,https://www.giga-web.jp/product/index.php?product_id=1422,,confirmed,2026-09-12T17:52:16+08:00,确认漏收录,当前官方记录明确存在且线上目录未收录,可补录
TOR-44,TOR-44,TOR,official,宇宙の戦士 コスモウーマン ACT.02,2005-01-09,,,,https://www.giga-web.jp/product/index.php?product_id=1423,,confirmed,2026-09-12T17:52:16+08:00,确认漏收录,当前官方记录明确存在且线上目录未收录,可补录
TOR-45,TOR-45,TOR,official,宇宙の戦士 コスモウーマン ACT.03,2005-02-09,,,,https://www.giga-web.jp/product/index.php?product_id=1424,,confirmed,2026-09-12T17:52:16+08:00,确认漏收录,当前官方记录明确存在且线上目录未收录,可补录
TOR-46,TOR-46,TOR,asiamonstr; official,TOR-46 Cyber Special Agent Inspector Z 01,2005-04-23,"October 10, 2017",,https://www.asiamonstr.com/giga/tor-46-cyber-special-agent-inspector-z-01-hotaru-mizusawa.html,https://www.giga-web.jp/product/index.php?product_id=1425,,confirmed,2026-09-12T17:52:16+08:00,确认漏收录,当前官方记录明确存在且线上目录未收录,可补录
TOR-47,TOR-47,TOR,asiamonstr; official,TOR-47 Cyber Special Agent Inspector Z 02,2005-04-23,"October 10, 2017",,https://www.asiamonstr.com/giga/tor-47-cyber-special-agent-inspector-z-02-yukari-masaki.html,https://www.giga-web.jp/product/index.php?product_id=1426,,confirmed,2026-09-12T17:52:16+08:00,确认漏收录,当前官方记录明确存在且线上目录未收录,可补录
TOR-48,TOR-48,TOR,asiamonstr; official,TOR-48 Cyber Special Agent Inspector Z 03,2005-05-09,"November 7, 2013",,https://www.asiamonstr.com/giga/tor-048-cyber-special-agent-inspector-z-03.html,https://www.giga-web.jp/product/index.php?product_id=1427,,confirmed,2026-09-12T17:52:16+08:00,确认漏收录,当前官方记录明确存在且线上目录未收录,可补录
TOR-49,TOR-49,TOR,asiamonstr; official,TOR-49 Tsuyo Ranger ACT 01 Shouko Mikami,2005-06-09,"November 7, 2013",,https://www.asiamonstr.com/giga/tor-49-tsuyo-ranger-act-01.html,https://www.giga-web.jp/product/index.php?product_id=1428,,confirmed,2026-09-12T17:52:16+08:00,确认漏收录,当前官方记录明确存在且线上目录未收录,可补录
TOR-5,TOR-5,TOR,official,電脳特捜インスペクターG ACT02,2001-10-10,,,,https://www.giga-web.jp/product/index.php?product_id=1447,,confirmed,2026-09-12T17:52:16+08:00,确认漏收录,当前官方记录明确存在且线上目录未收录,可补录
TOR-50,TOR-50,TOR,asiamonstr; official,TOR-50 Tsuyo Ranger ACT 02,2005-06-10,"November 7, 2013",,https://www.asiamonstr.com/giga/tor-50-tsuyo-ranger-act-02.html,https://www.giga-web.jp/product/index.php?product_id=1244,,confirmed,2026-09-12T17:52:16+08:00,确认漏收录,当前官方记录明确存在且线上目录未收录,可补录
TOR-51,TOR-51,TOR,asiamonstr; official,TOR-51 Tsuyo Ranger ACT 03 Riko Tachibana,2005-06-10,"November 7, 2013",,https://www.asiamonstr.com/giga/tor-51-tsuyo-ranger-act-03.html,https://www.giga-web.jp/product/index.php?product_id=1247,,confirmed,2026-09-12T17:52:16+08:00,确认漏收录,当前官方记录明确存在且线上目录未收录,可补录
TOR-52,TOR-52,TOR,asiamonstr; official,TOR-52 Samuraiger 01,2005-09-09,"September 19, 2016",,https://www.asiamonstr.com/giga/tor-52-samuraiger-01-akane-ono.html,https://www.giga-web.jp/product/index.php?product_id=1429,,confirmed,2026-09-12T17:52:16+08:00,确认漏收录,当前官方记录明确存在且线上目录未收录,可补录
TOR-53,TOR-53,TOR,asiamonstr; official,TOR-53 Samuraiger 02,2005-10-09,"May 8, 2015",,https://www.asiamonstr.com/giga/tor-53-samuraiger-02-emiri-yaguchi.html,https://www.giga-web.jp/product/index.php?product_id=1430,,confirmed,2026-09-12T17:52:16+08:00,确认漏收录,当前官方记录明确存在且线上目录未收录,可补录
TOR-54,TOR-54,TOR,asiamonstr; official,TOR-54 Samuraiger 03,2005-11-09,"May 8, 2015",,https://www.asiamonstr.com/giga/tor-54-samuraiger-03-momoe-mizusawa.html,https://www.giga-web.jp/product/index.php?product_id=1432,,confirmed,2026-09-12T17:52:16+08:00,确认漏收录,当前官方记录明确存在且线上目录未收录,可补录
TOR-55,TOR-55,TOR,asiamonstr; official,TOR-55 Bato Ranger ACT 01,2005-12-09,"October 29, 2023",,https://www.asiamonstr.com/giga/tor-55-bato-ranger-act-01.html,https://www.giga-web.jp/product/index.php?product_id=1434,,confirmed,2026-09-12T17:52:16+08:00,确认漏收录,当前官方记录明确存在且线上目录未收录,可补录
TOR-56,TOR-56,TOR,asiamonstr; official,TOR-56 Bato Ranger ACT 02,2006-01-09,"October 29, 2023",,https://www.asiamonstr.com/giga/tor-56-bato-ranger-act-02.html,https://www.giga-web.jp/product/index.php?product_id=1436,,confirmed,2026-09-12T17:52:16+08:00,确认漏收录,当前官方记录明确存在且线上目录未收录,可补录
TOR-57,TOR-57,TOR,asiamonstr; official,"TOR-57 Tsuyo Ranger ACT 03, Misaki Aso",2006-02-09,"September 6, 2014",,https://www.asiamonstr.com/giga/tor-57-tsuyo-ranger-act-03-misaki-aso.html,https://www.giga-web.jp/product/index.php?product_id=1438,,confirmed,2026-09-12T17:52:16+08:00,确认漏收录,当前官方记录明确存在且线上目录未收录,可补录
TOR-6,TOR-6,TOR,official,電脳特捜インスペクターG ACT03,2001-11-10,,,,https://www.giga-web.jp/product/index.php?product_id=1448,,confirmed,2026-09-12T17:52:16+08:00,确认漏收录,当前官方记录明确存在且线上目录未收录,可补录
TOR-7,TOR-7,TOR,official,美少女戦隊プリムテウス ACT.０１,2001-12-10,,,,https://www.giga-web.jp/product/index.php?product_id=1449,,confirmed,2026-09-12T17:52:16+08:00,确认漏收录,当前官方记录明确存在且线上目录未收录,可补录
TOR-8,TOR-8,TOR,official,美少女戦隊プリムテウス ACT.02,2002-01-10,,,,https://www.giga-web.jp/product/index.php?product_id=1450,,confirmed,2026-09-12T17:52:16+08:00,确认漏收录,当前官方记录明确存在且线上目录未收录,可补录
TOR-9,TOR-9,TOR,official,美少女戦隊プリムテウス ACT.03,2002-02-10,,,,https://www.giga-web.jp/product/index.php?product_id=1811,,confirmed,2026-09-12T17:52:16+08:00,确认漏收录,当前官方记录明确存在且线上目录未收录,可补录
TRE-1,TRE-01; TRE-1,TRE,asiamonstr; official,TRE-01 Heroine Insult!,2007-06-22,"May 1, 2015",,https://www.asiamonstr.com/giga/tre-01-heroine-insult-eri-sakuragi.html,https://www.giga-web.jp/product/index.php?product_id=1018,,confirmed,2026-09-12T17:52:16+08:00,确认漏收录,当前官方记录明确存在且线上目录未收录,可补录
TRE-2,TRE-02; TRE-2,TRE,asiamonstr; official,TRE-02 Heroine Insult! Vol.02,2007-07-27,"May 2, 2013",,https://www.asiamonstr.com/giga/tre-02-heroine-insult-vol-02.html,https://www.giga-web.jp/product/index.php?product_id=1017,,confirmed,2026-09-12T17:52:16+08:00,确认漏收录,当前官方记录明确存在且线上目录未收录,可补录
TRE-3,TRE-03; TRE-3,TRE,asiamonstr; official,TRE-03 Heroine Insult! Vol.03,2007-08-24,"March 4, 2013",,https://www.asiamonstr.com/giga/tre-03-heroine-insult-vol-03.html,https://www.giga-web.jp/product/index.php?product_id=1015,,confirmed,2026-09-12T17:52:16+08:00,确认漏收录,当前官方记录明确存在且线上目录未收录,可补录
TRE-4,TRE-04; TRE-4,TRE,asiamonstr; official,TRE-04 Heroine Insult! Vol.04,2007-10-26,"May 2, 2013",,https://www.asiamonstr.com/giga/tre-04-heroine-insult-vol-04.html,https://www.giga-web.jp/product/index.php?product_id=1014,,confirmed,2026-09-12T17:52:16+08:00,确认漏收录,当前官方记录明确存在且线上目录未收录,可补录
TRE-43,TRE-43,TRE,asiamonstr; gap,TRE-43 Heroine Sexual Insult Vol.43 Cyber Force,,"April 7, 2013",,https://www.asiamonstr.com/giga/tre-43-blues-on-one-justify-sentai-heroine.html,https://www.giga-web.jp/db_titles/tre/tre43/pac_s.jpg,,not_found_in_complete_directory; official_asset_head_200,2026-09-12T21:45:57+08:00,确认官方下架,完整官网目录扫描未收录；官网域名下对应历史封面仍返回图像，确认该作品曾有官方记录且现已从目录移除（未发现下架公告或原因）,有依据标下架
TRE-48,TRE-48,TRE,asiamonstr; gap,TRE-48 Heroine Insult Vol.48 Seiger – Saiger Yellow Fights Back,,"May 17, 2013",,https://www.asiamonstr.com/giga/tre-48-heroine-insult-vol-48-seiger-saiger-yellow-fights-back.html,https://www.giga-web.jp/db_titles/tre/tre48/pac_s.jpg,,not_found_in_complete_directory; official_asset_head_200,2026-09-12T21:45:57+08:00,确认官方下架,完整官网目录扫描未收录；官网域名下对应历史封面仍返回图像，确认该作品曾有官方记录且现已从目录移除（未发现下架公告或原因）,有依据标下架
TRE-5,TRE-05,TRE,asiamonstr,TRE-05 Heroine Insult! Vol.05,,"May 2, 2013",,https://www.asiamonstr.com/giga/tre-05-heroine-insult-vol-05.html,https://www.giga-web.jp/db_titles/tre/tre05/pac_s.jpg,,not_found_in_complete_directory; official_asset_head_200,2026-09-12T21:45:57+08:00,确认官方下架,完整官网目录扫描未收录；官网域名下对应历史封面仍返回图像，确认该作品曾有官方记录且现已从目录移除（未发现下架公告或原因）,有依据标下架
TRE-50,TRE-50,TRE,asiamonstr; gap,TRE-50 Security-Star,,"April 16, 2013",,https://www.asiamonstr.com/giga/tre-50-security-star.html,,,not_found_in_complete_directory,2026-09-12T17:52:16+08:00,历史条目，状态待核实,外部或历史来源明确记载，但当前官方状态未获确认,仍需核实
TRE-56,TRE-56,TRE,asiamonstr; gap,TRE-56 Heroine Insult Vol.56 Sound Wave Human Being Attack,,"March 4, 2013",,https://www.asiamonstr.com/giga/tre-56-heroine-insult-vol-56-sound-wave-human-being-attack.html,https://www.giga-web.jp/db_titles/tre/tre56/pac_s.jpg,,not_found_in_complete_directory; official_asset_head_200,2026-09-12T21:45:59+08:00,确认官方下架,完整官网目录扫描未收录；官网域名下对应历史封面仍返回图像，确认该作品曾有官方记录且现已从目录移除（未发现下架公告或原因）,有依据标下架
TRE-65,TRE-65,TRE,asiamonstr; gap,TRE-65 Heroine Insult Vol.65 Beautiful Fighter Sailor Hermes,,"November 25, 2013",,https://www.asiamonstr.com/giga/tre-65-heroine-insult-vol-65-beautiful-fighter-sailor-hermes-saya-aika.html,https://www.giga-web.jp/db_titles/tre/tre65/pac_s.jpg,,not_found_in_complete_directory; official_asset_head_200,2026-09-12T21:46:00+08:00,确认官方下架,完整官网目录扫描未收录；官网域名下对应历史封面仍返回图像，确认该作品曾有官方记录且现已从目录移除（未发现下架公告或原因）,有依据标下架
TRE-76,TRE-76,TRE,asiamonstr; gap,TRE-76 Heroine Insult Vol.76 Mirage Scanty,,"December 19, 2014",,https://www.asiamonstr.com/giga/tre-76-heroine-insult-vol-76-mirage-scanty.html,https://www.giga-web.jp/db_titles/tre/tre76/pac_s.jpg,,not_found_in_complete_directory; official_asset_head_200,2026-09-12T21:46:00+08:00,确认官方下架,完整官网目录扫描未收录；官网域名下对应历史封面仍返回图像，确认该作品曾有官方记录且现已从目录移除（未发现下架公告或原因）,有依据标下架
TRE-77,TRE-77,TRE,asiamonstr; gap,TRE-77 Heroine Insult Vol.77 SUPERLADY,,"January 10, 2015",,https://www.asiamonstr.com/giga/tre-77-heroine-insult-vol-77-superlady-ayumi-kuroki.html,https://www.giga-web.jp/db_titles/tre/tre77/pac_s.jpg,,not_found_in_complete_directory; official_asset_head_200,2026-09-12T21:46:00+08:00,确认官方下架,完整官网目录扫描未收录；官网域名下对应历史封面仍返回图像，确认该作品曾有官方记录且现已从目录移除（未发现下架公告或原因）,有依据标下架
TRE-92,TRE-92,TRE,asiamonstr; gap,TRE-92 Heroine Insult Vol.92 Nude St. Brave Vehement Mask First,,"August 25, 2016",,https://www.asiamonstr.com/giga/tre-92-heroine-insult-vol-92-nude-st-brave-vehement-mask-first-revealed-real-face-yuri-momose.html,https://www.giga-web.jp/db_titles/tre/tre92/pac_s.jpg,,not_found_in_complete_directory; official_asset_head_200,2026-09-12T21:46:01+08:00,确认官方下架,完整官网目录扫描未收录；官网域名下对应历史封面仍返回图像，确认该作品曾有官方记录且现已从目录移除（未发现下架公告或原因）,有依据标下架
TRH-1,TRH-1,TRH,official,帰って来たスーパーヒロイン 01,2005-01-28,,,,https://www.giga-web.jp/product/index.php?product_id=1121,,confirmed,2026-09-12T17:52:16+08:00,确认漏收录,当前官方记录明确存在且线上目录未收录,可补录
TRH-10,TRH-10,TRH,asiamonstr; official,"TRH-10 Super Heroine Returns 10, Kiyohara Ryou",2005-10-28,"November 8, 2013",,https://www.asiamonstr.com/giga/trh-10-super-heroine-returns-10-kiyohara-ryou.html,https://www.giga-web.jp/product/index.php?product_id=1112,,confirmed,2026-09-12T17:52:16+08:00,确认漏收录,当前官方记录明确存在且线上目录未收录,可补录
TRH-11,TRH-11,TRH,asiamonstr; official,"TRH-11 Super Heroine Returns 11, Yatou Aki",2005-11-28,"May 26, 2013",,https://www.asiamonstr.com/giga/trh-11-super-heroine-returns-11-yatou-aki.html,https://www.giga-web.jp/product/index.php?product_id=1111,,confirmed,2026-09-12T17:52:16+08:00,确认漏收录,当前官方记录明确存在且线上目录未收录,可补录
TRH-12,TRH-12,TRH,asiamonstr; official,"TRH-12 Super Heroine Returns 12, Komine Yui",2005-12-28,"November 8, 2013",,https://www.asiamonstr.com/giga/trh-12-super-heroine-returns-12-komine-yui.html,https://www.giga-web.jp/product/index.php?product_id=1110,,confirmed,2026-09-12T17:52:16+08:00,确认漏收录,当前官方记录明确存在且线上目录未收录,可补录
TRH-13,TRH-13,TRH,asiamonstr; official,TRH-13 Super Heroine Returns 13 Nene Tokiwa,2006-01-28,"November 8, 2013",,https://www.asiamonstr.com/giga/trh-13-super-heroine-returns-13.html,https://www.giga-web.jp/product/index.php?product_id=1109,,confirmed,2026-09-12T17:52:16+08:00,确认漏收录,当前官方记录明确存在且线上目录未收录,可补录
TRH-14,TRH-14,TRH,asiamonstr; official,TRH-14 Super Heroine Returns 14,2006-02-27,"October 11, 2017",,https://www.asiamonstr.com/giga/trh-14-super-heroine-returns-14-haruka-asano.html,https://www.giga-web.jp/product/index.php?product_id=1108,,confirmed,2026-09-12T17:52:16+08:00,确认漏收录,当前官方记录明确存在且线上目录未收录,可补录
TRH-17,TRH-17,TRH,asiamonstr,"TRH-17 Super Heroine Returns 17, Shiraiaya Kaori",,"February 6, 2014",,https://www.asiamonstr.com/giga/trh-17-super-heroine-returns-17-shiraiaya-kaori.html,https://www.giga-web.jp/db_titles/trh/trh17/pac_s.jpg,,not_found_in_complete_directory; official_asset_head_200,2026-09-12T21:46:01+08:00,确认官方下架,完整官网目录扫描未收录；官网域名下对应历史封面仍返回图像，确认该作品曾有官方记录且现已从目录移除（未发现下架公告或原因）,有依据标下架
TRH-2,TRH-2,TRH,official,帰って来たスーパーヒロイン 02,2005-02-28,,,,https://www.giga-web.jp/product/index.php?product_id=1120,,confirmed,2026-09-12T17:52:16+08:00,确认漏收录,当前官方记录明确存在且线上目录未收录,可补录
TRH-3,TRH-3,TRH,official,帰って来たスーパーヒロイン 03,2005-03-25,,,,https://www.giga-web.jp/product/index.php?product_id=1119,,confirmed,2026-09-12T17:52:16+08:00,确认漏收录,当前官方记录明确存在且线上目录未收录,可补录
TRH-4,TRH-4,TRH,official,帰って来たスーパーヒロイン04,2005-04-22,,,,https://www.giga-web.jp/product/index.php?product_id=1118,,confirmed,2026-09-12T17:52:16+08:00,确认漏收录,当前官方记录明确存在且线上目录未收录,可补录
TRH-5,TRH-05; TRH-5,TRH,asiamonstr; official,"TRH-05 Super Heroine Returns 05, Ikeda Kozue",2005-05-28,"September 8, 2014",,https://www.asiamonstr.com/giga/trh-05-super-heroine-returns-05-ikeda-kozue.html,https://www.giga-web.jp/product/index.php?product_id=1117,,confirmed,2026-09-12T17:52:16+08:00,确认漏收录,当前官方记录明确存在且线上目录未收录,可补录
TRH-6,TRH-06; TRH-6,TRH,asiamonstr; official,TRH-06 Super Heroine Returns 06,2005-06-28,"March 4, 2013",,https://www.asiamonstr.com/giga/trh-06-super-heroine-returns-06.html,https://www.giga-web.jp/product/index.php?product_id=1116,,confirmed,2026-09-12T17:52:16+08:00,确认漏收录,当前官方记录明确存在且线上目录未收录,可补录
TRH-7,TRH-07; TRH-7,TRH,asiamonstr; official,"TRH-07 Super Heroine Returns 07, Kikuhara Madoka",2005-07-22,"January 21, 2014",,https://www.asiamonstr.com/giga/trh-07-super-heroine-returns-07-kikuhara-madoka.html,https://www.giga-web.jp/product/index.php?product_id=1115,,confirmed,2026-09-12T17:52:16+08:00,确认漏收录,当前官方记录明确存在且线上目录未收录,可补录
TRH-8,TRH-08; TRH-8,TRH,asiamonstr; official,"TRH-08 Super Heroine Returns 08, Kikugawa Ren",2005-08-26,"November 8, 2013",,https://www.asiamonstr.com/giga/trh-08-super-heroine-returns-08-kikugawa-ren.html,https://www.giga-web.jp/product/index.php?product_id=1114,,confirmed,2026-09-12T17:52:16+08:00,确认漏收录,当前官方记录明确存在且线上目录未收录,可补录
TRH-9,TRH-09; TRH-9,TRH,asiamonstr; official,TRH-09 Super Heroine Returns 09,2005-09-23,"May 8, 2013",,https://www.asiamonstr.com/giga/trh-09-super-heroine-returns-09.html,https://www.giga-web.jp/product/index.php?product_id=1113,,confirmed,2026-09-12T17:52:16+08:00,确认漏收录,当前官方记录明确存在且线上目录未收录,可补录
TRSH-41,TRSH-41,TRSH,asiamonstr; gap,TRSH-41 Specializing in Heroine Torture Hell,,"June 14, 2017",,https://www.asiamonstr.com/giga/trsh-41-specializing-in-heroine-torture-hell.html,https://www.giga-web.jp/db_titles/trsh/trsh41/pac_s.jpg,,not_found_in_complete_directory; official_asset_head_200,2026-09-12T21:46:01+08:00,确认官方下架,完整官网目录扫描未收录；官网域名下对应历史封面仍返回图像，确认该作品曾有官方记录且现已从目录移除（未发现下架公告或原因）,有依据标下架
TRSH-43,TRSH-43,TRSH,asiamonstr; gap,TRSH-43 Battle Insult Jerking Off One-Game Match !!,,"June 16, 2017",,https://www.asiamonstr.com/giga/trsh-43-battle-insult-jerking-off-one-game-match-female-agent-vs-fighting-game.html,https://www.giga-web.jp/db_titles/trsh/trsh43/pac_s.jpg,,not_found_in_complete_directory; official_asset_head_200,2026-09-12T21:46:02+08:00,确认官方下架,完整官网目录扫描未收录；官网域名下对应历史封面仍返回图像，确认该作品曾有官方记录且现已从目录移除（未发现下架公告或原因）,有依据标下架
TRSH-45,TRSH-45,TRSH,asiamonstr; gap,TRSH-45 Heroine gang rape hell,,"June 17, 2017",,https://www.asiamonstr.com/giga/trsh-45-heroine-gang-rape-hell.html,https://www.giga-web.jp/db_titles/trsh/trsh45/pac_s.jpg,,not_found_in_complete_directory; official_asset_head_200,2026-09-12T21:46:02+08:00,确认官方下架,完整官网目录扫描未收录；官网域名下对应历史封面仍返回图像，确认该作品曾有官方记录且现已从目录移除（未发现下架公告或原因）,有依据标下架
TRSH-50,TRSH-50,TRSH,asiamonstr; gap,TRSH-50 Heroine Milking Torture,,"June 27, 2017",,https://www.asiamonstr.com/giga/trsh-50-heroine-milking-torture.html,,,not_found_in_complete_directory,2026-09-12T17:52:16+08:00,历史条目，状态待核实,外部或历史来源明确记载，但当前官方状态未获确认,仍需核实
TRSH-60,TRSH-60,TRSH,asiamonstr; gap,TRSH-60 Lethal Weapon Torture Hell,,"April 21, 2016",,https://www.asiamonstr.com/giga/trsh-60-lethal-weapon-torture-hell.html,,,not_found_in_complete_directory,2026-09-12T17:52:16+08:00,历史条目，状态待核实,外部或历史来源明确记载，但当前官方状态未获确认,仍需核实
TRSH-70,TRSH-70,TRSH,asiamonstr; gap,TRSH-70 Heroine Training Story,,"December 17, 2017",,https://www.asiamonstr.com/giga/trsh-70-heroine-training-story.html,https://www.giga-web.jp/db_titles/trsh/trsh70/pac_s.jpg,,not_found_in_complete_directory; official_asset_head_200,2026-09-12T21:46:05+08:00,确认官方下架,完整官网目录扫描未收录；官网域名下对应历史封面仍返回图像，确认该作品曾有官方记录且现已从目录移除（未发现下架公告或原因）,有依据标下架
TRSH-71,TRSH-71,TRSH,asiamonstr; gap,TRSH-71 Heroine Gang Rape,,"February 11, 2018",,https://www.asiamonstr.com/giga/trsh-71-heroine-gang-rape.html,https://www.giga-web.jp/db_titles/trsh/trsh71/pac_s.jpg,,not_found_in_complete_directory; official_asset_head_200,2026-09-12T21:46:05+08:00,确认官方下架,完整官网目录扫描未收录；官网域名下对应历史封面仍返回图像，确认该作品曾有官方记录且现已从目录移除（未发现下架公告或原因）,有依据标下架
TRSH-76,TRSH-76,TRSH,gap,,,,,,,,not_found_in_complete_directory,2026-09-12T17:52:16+08:00,无证据空号,仅由现有番号区间不连续产生，未找到存在记录,仍需核实
TRSH-83,TRSH-83,TRSH,gap,,,,,,,,not_found_in_complete_directory,2026-09-12T17:52:16+08:00,无证据空号,仅由现有番号区间不连续产生，未找到存在记录,仍需核实
TSW-1,TSW-01; TSW-1,TSW,asiamonstr; official,TSW-01 Space Woman,2005-06-03,"October 13, 2017",,https://www.asiamonstr.com/giga/tsw-01-space-woman-anri-kurata.html,https://www.giga-web.jp/product/index.php?product_id=1321,,confirmed,2026-09-12T17:52:16+08:00,确认漏收录,当前官方记录明确存在且线上目录未收录,可补录
TSW-10,TSW-10,TSW,asiamonstr; official,TSW-10 Perfect Ranger Edition Vol.2,2005-06-05,"October 18, 2017",,https://www.asiamonstr.com/giga/tsw-10-perfect-ranger-edition-vol-2-fuka-sasaki-ruisa-kaneko-sanae-amamiya.html,https://www.giga-web.jp/product/index.php?product_id=5660,,confirmed,2026-09-12T17:52:16+08:00,确认漏收录,当前官方记录明确存在且线上目录未收录,可补录
TSW-103,TSW-103,TSW,asiamonstr; gap,TSW-103 Sailor angel,,"November 8, 2017",,https://www.asiamonstr.com/giga/tsw-103-sailor-angel-akane-mochida.html,https://www.giga-web.jp/db_titles/tsw/tsw103/pac_s.jpg,,not_found_in_complete_directory; official_asset_head_200,2026-09-12T21:46:06+08:00,确认官方下架,完整官网目录扫描未收录；官网域名下对应历史封面仍返回图像，确认该作品曾有官方记录且现已从目录移除（未发现下架公告或原因）,有依据标下架
TSW-104,TSW-104,TSW,asiamonstr; gap,"TSW-104 Five Sentai Heroine Might Exploding Boy, Izumi Marin",,"November 8, 2013",,https://www.asiamonstr.com/giga/tsw-104-five-sentai-heroine-might-exploding-boy-izumi-marin.html,https://www.giga-web.jp/db_titles/tsw/tsw104/pac_s.jpg,,not_found_in_complete_directory; official_asset_head_200,2026-09-12T21:46:06+08:00,确认官方下架,完整官网目录扫描未收录；官网域名下对应历史封面仍返回图像，确认该作品曾有官方记录且现已从目录移除（未发现下架公告或原因）,有依据标下架
TSW-11,TSW-11,TSW,asiamonstr; official,TSW-11 Iron Doll Milaider Edition,2005-06-06,"December 18, 2017",,https://www.asiamonstr.com/giga/tsw-11-iron-doll-milaider-edition-ai-nanjo-rumiko-hasegawa-sayaka-tsutsumi.html,https://www.giga-web.jp/product/index.php?product_id=5661,,confirmed,2026-09-12T17:52:16+08:00,确认漏收录,当前官方记录明确存在且线上目录未收录,可补录
TSW-118,TSW-118,TSW,gap,,,,,,,,not_found_in_complete_directory,2026-09-12T17:52:16+08:00,无证据空号,仅由现有番号区间不连续产生，未找到存在记录,仍需核实
TSW-119,TSW-119,TSW,gap,,,,,,,,not_found_in_complete_directory,2026-09-12T17:52:16+08:00,无证据空号,仅由现有番号区间不连续产生，未找到存在记录,仍需核实
TSW-12,TSW-12,TSW,asiamonstr; official,TSW-12 Mask saver FLASH Edition,2005-06-07,"October 18, 2017",,https://www.asiamonstr.com/giga/tsw-12-mask-saver-flash-edition.html,https://www.giga-web.jp/product/index.php?product_id=5662,,confirmed,2026-09-12T17:52:16+08:00,确认漏收录,当前官方记录明确存在且线上目录未收录,可补录
TSW-120,TSW-120,TSW,gap,,,,,,,,not_found_in_complete_directory,2026-09-12T17:52:16+08:00,无证据空号,仅由现有番号区间不连续产生，未找到存在记录,仍需核实
TSW-121,TSW-121,TSW,gap,,,,,,,,not_found_in_complete_directory,2026-09-12T17:52:16+08:00,无证据空号,仅由现有番号区间不连续产生，未找到存在记录,仍需核实
TSW-122,TSW-122,TSW,gap,,,,,,,,not_found_in_complete_directory,2026-09-12T17:52:16+08:00,无证据空号,仅由现有番号区间不连续产生，未找到存在记录,仍需核实
TSW-123,TSW-123,TSW,gap,,,,,,,,not_found_in_complete_directory,2026-09-12T17:52:16+08:00,无证据空号,仅由现有番号区间不连续产生，未找到存在记录,仍需核实
TSW-124,TSW-124,TSW,gap,,,,,,,,not_found_in_complete_directory,2026-09-12T17:52:16+08:00,无证据空号,仅由现有番号区间不连续产生，未找到存在记录,仍需核实
TSW-125,TSW-125,TSW,gap,,,,,,,,not_found_in_complete_directory,2026-09-12T17:52:16+08:00,无证据空号,仅由现有番号区间不连续产生，未找到存在记录,仍需核实
TSW-126,TSW-126,TSW,asiamonstr; gap,TSW-126 heroine heroine tokusatsu Laboratories Limited VER multiple personality,,"March 5, 2013",,https://www.asiamonstr.com/giga/tsw-126-heroine-heroine-tokusatsu-laboratories-limited-ver-multiple-personality-rui-saotome.html,https://www.giga-web.jp/db_titles/tsw/tsw126/pac_s.jpg,,not_found_in_complete_directory; official_asset_head_200,2026-09-12T21:46:06+08:00,确认官方下架,完整官网目录扫描未收录；官网域名下对应历史封面仍返回图像，确认该作品曾有官方记录且现已从目录移除（未发现下架公告或原因）,有依据标下架
TSW-127,TSW-127,TSW,gap,,,,,,,,not_found_in_complete_directory,2026-09-12T17:52:16+08:00,无证据空号,仅由现有番号区间不连续产生，未找到存在记录,仍需核实
TSW-128,TSW-128,TSW,gap,,,,,,,,not_found_in_complete_directory,2026-09-12T17:52:16+08:00,无证据空号,仅由现有番号区间不连续产生，未找到存在记录,仍需核实
TSW-129,TSW-129,TSW,gap,,,,,,,,not_found_in_complete_directory,2026-09-12T17:52:16+08:00,无证据空号,仅由现有番号区间不连续产生，未找到存在记录,仍需核实
TSW-13,TSW-13,TSW,asiamonstr; official,TSW-13 Heroine electricity massage machine torture Vol.6,2005-06-08,"October 18, 2017",,https://www.asiamonstr.com/giga/tsw-13-heroine-electricity-massage-machine-torture-vol-6-riko-tachibana-hotaru-mizusawa.html,https://www.giga-web.jp/product/index.php?product_id=5708,,confirmed,2026-09-12T17:52:16+08:00,确认漏收录,当前官方记录明确存在且线上目录未收录,可补录
TSW-130,TSW-130,TSW,gap,,,,,,,,not_found_in_complete_directory,2026-09-12T17:52:16+08:00,无证据空号,仅由现有番号区间不连续产生，未找到存在记录,仍需核实
TSW-131,TSW-131,TSW,gap,,,,,,,,not_found_in_complete_directory,2026-09-12T17:52:16+08:00,无证据空号,仅由现有番号区间不连续产生，未找到存在记录,仍需核实
TSW-132,TSW-132,TSW,gap,,,,,,,,not_found_in_complete_directory,2026-09-12T17:52:16+08:00,无证据空号,仅由现有番号区间不连续产生，未找到存在记录,仍需核实
TSW-133,TSW-133,TSW,gap,,,,,,,,not_found_in_complete_directory,2026-09-12T17:52:16+08:00,无证据空号,仅由现有番号区间不连续产生，未找到存在记录,仍需核实
TSW-134,TSW-134,TSW,gap,,,,,,,,not_found_in_complete_directory,2026-09-12T17:52:16+08:00,无证据空号,仅由现有番号区间不连续产生，未找到存在记录,仍需核实
TSW-135,TSW-135,TSW,gap,,,,,,,,not_found_in_complete_directory,2026-09-12T17:52:16+08:00,无证据空号,仅由现有番号区间不连续产生，未找到存在记录,仍需核实
TSW-136,TSW-136,TSW,gap,,,,,,,,not_found_in_complete_directory,2026-09-12T17:52:16+08:00,无证据空号,仅由现有番号区间不连续产生，未找到存在记录,仍需核实
TSW-137,TSW-137,TSW,gap,,,,,,,,not_found_in_complete_directory,2026-09-12T17:52:16+08:00,无证据空号,仅由现有番号区间不连续产生，未找到存在记录,仍需核实
TSW-138,TSW-138,TSW,asiamonstr; gap,TSW-138 Rape heroine to fall in sex slaves,,"April 16, 2013",,https://www.asiamonstr.com/giga/tsw-138-rape-heroine-to-fall-in-sex-slaves.html,https://www.giga-web.jp/db_titles/tsw/tsw138/pac_s.jpg,,not_found_in_complete_directory; official_asset_head_200,2026-09-12T21:46:07+08:00,确认官方下架,完整官网目录扫描未收录；官网域名下对应历史封面仍返回图像，确认该作品曾有官方记录且现已从目录移除（未发现下架公告或原因）,有依据标下架
TSW-139,TSW-139,TSW,gap,,,,,,,,not_found_in_complete_directory,2026-09-12T17:52:16+08:00,无证据空号,仅由现有番号区间不连续产生，未找到存在记录,仍需核实
TSW-14,TSW-14,TSW,asiamonstr; official,TSW-14 Super Heroine Crash 2 Lesbian Version-White Stone,2006-04-12,"October 19, 2017",,https://www.asiamonstr.com/giga/tsw-14-super-heroine-crash-2-lesbian-version-white-stone-vs-legarian.html,https://www.giga-web.jp/product/index.php?product_id=1307,,confirmed,2026-09-12T17:52:16+08:00,确认漏收录,当前官方记录明确存在且线上目录未收录,可补录
TSW-140,TSW-140,TSW,gap,,,,,,,,not_found_in_complete_directory,2026-09-12T17:52:16+08:00,无证据空号,仅由现有番号区间不连续产生，未找到存在记录,仍需核实
TSW-141,TSW-141,TSW,gap,,,,,,,,not_found_in_complete_directory,2026-09-12T17:52:16+08:00,无证据空号,仅由现有番号区间不连续产生，未找到存在记录,仍需核实
TSW-142,TSW-142,TSW,gap,,,,,,,,not_found_in_complete_directory,2026-09-12T17:52:16+08:00,无证据空号,仅由现有番号区间不连续产生，未找到存在记录,仍需核实
TSW-15,TSW-15,TSW,asiamonstr; official,TSW-15 Riveal Suppression,2006-04-19,"October 19, 2017",,https://www.asiamonstr.com/giga/tsw-15-riveal-suppression-misa-yasuda.html,https://www.giga-web.jp/product/index.php?product_id=1304,,confirmed,2026-09-12T17:52:16+08:00,确认漏收录,当前官方记录明确存在且线上目录未收录,可补录
TSW-16,TSW-16,TSW,asiamonstr; official,TSW-16 Reveal & Cosplayder – Lesbian [First Part],2004-04-12,"October 19, 2017",,https://www.asiamonstr.com/giga/tsw-16-reveal-cosplayder-lesbian-first-part.html,https://www.giga-web.jp/product/index.php?product_id=1838,,confirmed,2026-09-12T17:52:16+08:00,确认漏收录,当前官方记录明确存在且线上目录未收录,可补录
TSW-17,TSW-17,TSW,asiamonstr; official,TSW-17 Cosplayder – Insult,2004-02-18,"October 20, 2017",,https://www.asiamonstr.com/giga/tsw-17-cosplayder-insult.html,https://www.giga-web.jp/product/index.php?product_id=1841,,confirmed,2026-09-12T17:52:16+08:00,确认漏收录,当前官方记录明确存在且线上目录未收录,可补录
TSW-18,TSW-18,TSW,asiamonstr; official,TSW-18 Ninjya Ayame,2006-02-02,"October 20, 2017",,https://www.asiamonstr.com/giga/tsw-18-ninjya-ayame-runa-hayama.html,https://www.giga-web.jp/product/index.php?product_id=5678,,confirmed,2026-09-12T17:52:16+08:00,确认漏收录,当前官方记录明确存在且线上目录未收录,可补录
TSW-19,TSW-19,TSW,asiamonstr; official,TSW-19 Overheating first volume,2004-02-11,"October 20, 2017",,https://www.asiamonstr.com/giga/tsw-19-overheating-first-volume.html,https://www.giga-web.jp/product/index.php?product_id=1844,,confirmed,2026-09-12T17:52:16+08:00,确认漏收录,当前官方记录明确存在且线上目录未收录,可补录
TSW-2,TSW-02; TSW-2,TSW,asiamonstr; official,TSW-02 Zombie Hazard,2005-07-03,"October 13, 2017",,https://www.asiamonstr.com/giga/tsw-02-zombie-hazard-airi-izawa.html,https://www.giga-web.jp/product/index.php?product_id=1320,,confirmed,2026-09-12T17:52:16+08:00,确认漏收录,当前官方记录明确存在且线上目录未收录,可补录
TSW-20,TSW-20,TSW,asiamonstr; official,TSW-20 Shanzerian 2 Special Edition [First Part],2004-02-19,"October 21, 2017",,https://www.asiamonstr.com/giga/tsw-20-shanzerian-2-special-edition-first-part.html,https://www.giga-web.jp/product/index.php?product_id=1850,,confirmed,2026-09-12T17:52:16+08:00,确认漏收录,当前官方记录明确存在且线上目录未收录,可补录
TSW-21,TSW-21,TSW,official,ヒロイン電気マッサージ器 Vol.7,2006-01-04,,,,https://www.giga-web.jp/product/index.php?product_id=5709,,confirmed,2026-09-12T17:52:16+08:00,确认漏收录,当前官方记录明确存在且线上目录未收录,可补录
TSW-22,TSW-22,TSW,asiamonstr; official,TSW-22 Shanzerian 3 Special Edition [First Part],2004-05-19,"October 21, 2017",,https://www.asiamonstr.com/giga/tsw-22-shanzerian-3-special-edition-first-part.html,https://www.giga-web.jp/product/index.php?product_id=1848,,confirmed,2026-09-12T17:52:16+08:00,确认漏收录,当前官方记录明确存在且线上目录未收录,可补录
TSW-23,TSW-23,TSW,asiamonstr; official,TSW-23 Heroine electricity massage machine torture Vol.8,2006-02-10,"October 22, 2017",,https://www.asiamonstr.com/giga/tsw-23-heroine-electricity-massage-machine-torture-vol-8-anzu-wakaba-mao-tachibana.html,https://www.giga-web.jp/product/index.php?product_id=5710,,confirmed,2026-09-12T17:52:16+08:00,确认漏收录,当前官方记录明确存在且线上目录未收录,可补录
TSW-24,TSW-24,TSW,asiamonstr; official,TSW-24 Super Heroine Returns – Radio Wave Lady Beegle,2004-03-19,"October 23, 2017",,https://www.asiamonstr.com/giga/tsw-24-super-heroine-returns-radio-wave-lady-beegle-first-part.html,https://www.giga-web.jp/product/index.php?product_id=1849,,confirmed,2026-09-12T17:52:16+08:00,确认漏收录,当前官方记录明确存在且线上目录未收录,可补录
TSW-25,TSW-25,TSW,official,ヒロイン排泄SP,2006-02-17,,,,https://www.giga-web.jp/product/index.php?product_id=5663,,confirmed,2026-09-12T17:52:16+08:00,确认漏收录,当前官方记录明确存在且线上目录未收录,可补录
TSW-26,TSW-26,TSW,asiamonstr; official,TSW-26 Female Ninja Nishiki & Purple – Lesbian [First Part],2004-04-22,"October 23, 2017",,https://www.asiamonstr.com/giga/tsw-26-female-ninja-nishiki-purple-lesbian-first-part.html,https://www.giga-web.jp/product/index.php?product_id=1828,,confirmed,2026-09-12T17:52:16+08:00,确认漏收录,当前官方记录明确存在且线上目录未收录,可补录
TSW-28,TSW-28,TSW,asiamonstr; official,TSW-28 Woman Ninja Nishiki [Demons in Hell],2004-07-06,"October 23, 2017",,https://www.asiamonstr.com/giga/tsw-28-woman-ninja-nishiki-demons-in-hell.html,https://www.giga-web.jp/product/index.php?product_id=1837,,confirmed,2026-09-12T17:52:16+08:00,确认漏收录,当前官方记录明确存在且线上目录未收录,可补录
TSW-29,TSW-29,TSW,asiamonstr; official,TSW-29 Spandexer & Logita – Lesbian [First Part],2006-06-08,"October 24, 2017",,https://www.asiamonstr.com/giga/tsw-29-spandexer-logita-lesbian-first-part.html,https://www.giga-web.jp/product/index.php?product_id=1917,,confirmed,2026-09-12T17:52:16+08:00,确认漏收录,当前官方记录明确存在且线上目录未收录,可补录
TSW-3,TSW-03; TSW-3,TSW,asiamonstr; official,TSW-03 Wonder Jane,2005-08-03,"October 14, 2017",,https://www.asiamonstr.com/giga/tsw-03-wonder-jane-rin-sakikawa.html,https://www.giga-web.jp/product/index.php?product_id=1319,,confirmed,2026-09-12T17:52:16+08:00,确认漏收录,当前官方记录明确存在且线上目录未收录,可补录
TSW-30,TSW-30,TSW,asiamonstr,TSW-30 Heroine Suppression – Spandexer Marvelous,,"October 24, 2017",,https://www.asiamonstr.com/giga/tsw-30-heroine-suppression-spandexer-marvelous.html,https://www.giga-web.jp/db_titles/tsw/tsw30/pac_s.jpg,,not_found_in_complete_directory; official_asset_head_200,2026-09-12T21:46:07+08:00,确认官方下架,完整官网目录扫描未收录；官网域名下对应历史封面仍返回图像，确认该作品曾有官方记录且现已从目录移除（未发现下架公告或原因）,有依据标下架
TSW-31,TSW-31,TSW,asiamonstr; official,TSW-31 Suppression – Female Ninja Purple,2004-04-21,"October 24, 2017",,https://www.asiamonstr.com/giga/tsw-31-suppression-female-ninja-purple.html,https://www.giga-web.jp/product/index.php?product_id=1833,,confirmed,2026-09-12T17:52:16+08:00,确认漏收录,当前官方记录明确存在且线上目录未收录,可补录
TSW-32,TSW-32,TSW,asiamonstr; official,TSW-32 Heroine Beating & Choking – Logita,2004-03-29,"October 25, 2017",,https://www.asiamonstr.com/giga/tsw-32-heroine-beating-choking-logita.html,https://www.giga-web.jp/product/index.php?product_id=1836,,confirmed,2026-09-12T17:52:16+08:00,确认漏收录,当前官方记录明确存在且线上目录未收录,可补录
TSW-33,TSW-33,TSW,asiamonstr; official,TSW-33 Heroine electricity massage machine torture Vol.9,2006-04-20,"October 25, 2017",,https://www.asiamonstr.com/giga/tsw-33-heroine-electricity-massage-machine-torture-vol-9-kei-satomi.html,https://www.giga-web.jp/product/index.php?product_id=5711,,confirmed,2026-09-12T17:52:16+08:00,确认漏收录,当前官方记录明确存在且线上目录未收录,可补录
TSW-34,TSW-34,TSW,asiamonstr; official,TSW-34 Ninja net limited edition first volume,2004-04-27,"October 25, 2017",,https://www.asiamonstr.com/giga/tsw-34-ninja-net-limited-edition-first-volume-azusa-kyouno.html,https://www.giga-web.jp/product/index.php?product_id=1845,,confirmed,2026-09-12T17:52:16+08:00,确认漏收录,当前官方记录明确存在且线上目录未收录,可补录
TSW-36,TSW-36,TSW,asiamonstr; official,TSW-36 Heroine Excretion Torture Captude,2006-04-28,"November 1, 2017",,https://www.asiamonstr.com/giga/tsw-36-heroine-excretion-torture-captude-kei-satomi.html,https://www.giga-web.jp/product/index.php?product_id=5664,,confirmed,2026-09-12T17:52:16+08:00,确认漏收录,当前官方记录明确存在且线上目录未收录,可补录
TSW-37,TSW-37,TSW,asiamonstr; official,TSW-37 White Swan – Insult,2004-07-09,"October 26, 2017",,https://www.asiamonstr.com/giga/tsw-37-white-swan-insult.html,https://www.giga-web.jp/product/index.php?product_id=1916,,confirmed,2026-09-12T17:52:16+08:00,确认漏收录,当前官方记录明确存在且线上目录未收录,可补录
TSW-38,TSW-38,TSW,asiamonstr; official,TSW-38 Cherry Queen – Suppression,2005-06-06,"October 26, 2017",,https://www.asiamonstr.com/giga/tsw-38-cherry-queen-suppression.html,https://www.giga-web.jp/product/index.php?product_id=1915,,confirmed,2026-09-12T17:52:16+08:00,确认漏收录,当前官方记录明确存在且线上目录未收录,可补录
TSW-39,TSW-39,TSW,asiamonstr; official,TSW-39 Red Condor – Demons in Hell,2005-06-01,"October 26, 2017",,https://www.asiamonstr.com/giga/tsw-39-red-condor-demons-in-hell.html,https://www.giga-web.jp/product/index.php?product_id=1911,,confirmed,2026-09-12T17:52:16+08:00,确认漏收录,当前官方记录明确存在且线上目录未收录,可补录
TSW-4,TSW-04; TSW-4,TSW,asiamonstr; official,TSW-04 Heroine electricity massage machine torture 1,2004-04-01,"October 15, 2017",,https://www.asiamonstr.com/giga/tsw-04-heroine-electricity-massage-machine-torture-1-makoto-yonekura-momo-takiguchi.html,https://www.giga-web.jp/product/index.php?product_id=1851,,confirmed,2026-09-12T17:52:16+08:00,确认漏收录,当前官方记录明确存在且线上目录未收录,可补录
TSW-41,TSW-41,TSW,asiamonstr; official,TSW-41 Costume Play Lesbian – Blue Sailor Striker Ann & Blue,2005-04-01,"October 27, 2017",,https://www.asiamonstr.com/giga/tsw-41-costume-play-lesbian-blue-sailor-striker-ann-blue-seider-first-part-chinatsu-kinoshita.html,https://www.giga-web.jp/product/index.php?product_id=1910,,confirmed,2026-09-12T17:52:16+08:00,确认漏收录,当前官方记录明确存在且线上目录未收录,可补录
TSW-42,TSW-42,TSW,official,ヒロインマスク剥ぎSP,2004-03-28,,,,https://www.giga-web.jp/product/index.php?product_id=1826,,confirmed,2026-09-12T17:52:16+08:00,确认漏收录,当前官方记录明确存在且线上目录未收录,可补录
TSW-43,TSW-43,TSW,asiamonstr; official,TSW-43 White Swan chapter of subjugation,2004-04-09,"October 27, 2017",,https://www.asiamonstr.com/giga/tsw-43-white-swan-chapter-of-subjugation-akane-ogura.html,https://www.giga-web.jp/product/index.php?product_id=1831,,confirmed,2026-09-12T17:52:16+08:00,确认漏收录,当前官方记录明确存在且线上目录未收录,可补录
TSW-44,TSW-44,TSW,asiamonstr; official,TSW-44 Battle Pink – Insult,2007-01-10,"October 27, 2017",,https://www.asiamonstr.com/giga/tsw-44-battle-pink-insult-hikaru-yuzuki.html,https://www.giga-web.jp/product/index.php?product_id=1913,,confirmed,2026-09-12T17:52:16+08:00,确认漏收录,当前官方记录明确存在且线上目录未收录,可补录
TSW-45,TSW-45,TSW,asiamonstr; official,TSW-45 Anika – Demons in Hell,2004-05-01,"October 28, 2017",,https://www.asiamonstr.com/giga/tsw-45-anika-demons-in-hell-asami-aoki.html,https://www.giga-web.jp/product/index.php?product_id=1909,,confirmed,2026-09-12T17:52:16+08:00,确认漏收录,当前官方记录明确存在且线上目录未收录,可补录
TSW-46,TSW-46,TSW,asiamonstr; official,TSW-46 Blue Sailor Stricker – Bumpy Rope Torture,2004-05-10,"October 28, 2017",,https://www.asiamonstr.com/giga/tsw-46-blue-sailor-stricker-bumpy-rope-torture-chinatsu-kinoshita.html,https://www.giga-web.jp/product/index.php?product_id=1956,,confirmed,2026-09-12T17:52:16+08:00,确认漏收录,当前官方记录明确存在且线上目录未收录,可补录
TSW-47,TSW-47,TSW,asiamonstr; official,TSW-47 Cherry Queen – Insult,2004-03-21,"October 28, 2017",,https://www.asiamonstr.com/giga/tsw-47-cherry-queen-insult-urara-himeno.html,https://www.giga-web.jp/product/index.php?product_id=1830,,confirmed,2026-09-12T17:52:16+08:00,确认漏收录,当前官方记录明确存在且线上目录未收录,可补录
TSW-48,TSW-48,TSW,asiamonstr; official,TSW-48 Heroine subjugation 1~5 summarizing program,2004-04-03,"October 29, 2017",,https://www.asiamonstr.com/giga/tsw-48-heroine-subjugation-15-summarizing-program.html,https://www.giga-web.jp/product/index.php?product_id=1871,,confirmed,2026-09-12T17:52:16+08:00,确认漏收录,当前官方记录明确存在且线上目录未收录,可补录
TSW-49,TSW-49,TSW,asiamonstr; official,TSW-49 The Lady Soldiers SP,2006-07-13,"October 29, 2017",,https://www.asiamonstr.com/giga/tsw-49-the-lady-soldiers-sp-misato-kayama.html,https://www.giga-web.jp/product/index.php?product_id=5654,,confirmed,2026-09-12T17:52:16+08:00,确认漏收录,当前官方记录明确存在且线上目录未收录,可补录
TSW-5,TSW-05; TSW-5,TSW,asiamonstr; official,TSW-05 Heroine electricity massage machine torture 2,2004-05-01,"October 15, 2017",,https://www.asiamonstr.com/giga/tsw-05-heroine-electricity-massage-machine-torture-2-mayu-enomoto-sayaka-kusunoki.html,https://www.giga-web.jp/product/index.php?product_id=1852,,confirmed,2026-09-12T17:52:16+08:00,确认漏收录,当前官方记录明确存在且线上目录未收录,可补录
TSW-50,TSW-50,TSW,asiamonstr; official,TSW-50 Red Condor vol.1,2006-07-14,"October 29, 2017",,https://www.asiamonstr.com/giga/tsw-50-red-condor-vol-1-koyoi-yumesaki.html,https://www.giga-web.jp/product/index.php?product_id=5651,,confirmed,2026-09-12T17:52:16+08:00,确认漏收录,当前官方记录明确存在且线上目录未收录,可补录
TSW-51,TSW-51,TSW,asiamonstr; official,TSW-51 Red Condor vol.2,2006-07-21,"October 30, 2017",,https://www.asiamonstr.com/giga/tsw-51-red-condor-vol-2-koyoi-yumesaki.html,https://www.giga-web.jp/product/index.php?product_id=5652,,confirmed,2026-09-12T17:52:16+08:00,确认漏收录,当前官方记录明确存在且线上目录未收录,可补录
TSW-52,TSW-52,TSW,asiamonstr; official,TSW-52 Red Condor vol.3,2006-07-28,"October 30, 2017",,https://www.asiamonstr.com/giga/tsw-52-red-condor-vol-3-koyoi-yumesaki.html,https://www.giga-web.jp/product/index.php?product_id=5653,,confirmed,2026-09-12T17:52:16+08:00,确认漏收录,当前官方记录明确存在且线上目录未收录,可补录
TSW-53,TSW-53,TSW,asiamonstr; official,TSW-53 Galaxy Woman – Insult,2006-09-01,"October 30, 2017",,https://www.asiamonstr.com/giga/tsw-53-galaxy-woman-insult-morikawa-azusa.html,https://www.giga-web.jp/product/index.php?product_id=1912,,confirmed,2026-09-12T17:52:16+08:00,确认漏收录,当前官方记录明确存在且线上目录未收录,可补录
TSW-54,TSW-54,TSW,asiamonstr; official,TSW-54 Miss Heroine vol.1,2006-08-11,"October 31, 2017",,https://www.asiamonstr.com/giga/tsw-54-miss-heroine-vol-1-yuki-ichinose.html,https://www.giga-web.jp/product/index.php?product_id=5655,,confirmed,2026-09-12T17:52:16+08:00,确认漏收录,当前官方记录明确存在且线上目录未收录,可补录
TSW-55,TSW-55,TSW,asiamonstr; official,TSW-55 Miss Heroine vol.2,2006-08-18,"October 31, 2017",,https://www.asiamonstr.com/giga/tsw-55-miss-heroine-vol-2-yuki-ichinose.html,https://www.giga-web.jp/product/index.php?product_id=5656,,confirmed,2026-09-12T17:52:16+08:00,确认漏收录,当前官方记录明确存在且线上目录未收录,可补录
TSW-56,TSW-56,TSW,asiamonstr; official,TSW-56 Miss Heroine vol.3,2006-08-25,"October 31, 2017",,https://www.asiamonstr.com/giga/tsw-56-miss-heroine-vol-3-yuki-ichinose.html,https://www.giga-web.jp/product/index.php?product_id=5657,,confirmed,2026-09-12T17:52:16+08:00,确认漏收录,当前官方记录明确存在且线上目录未收录,可补录
TSW-57,TSW-57,TSW,asiamonstr; official,TSW-57 Heroine Bumpy Rope – Anika,2004-05-11,"November 1, 2017",,https://www.asiamonstr.com/giga/tsw-57-heroine-bumpy-rope-anika-asami-aoki.html,https://www.giga-web.jp/product/index.php?product_id=1957,,confirmed,2026-09-12T17:52:16+08:00,确认漏收录,当前官方记录明确存在且线上目录未收录,可补录
TSW-58,TSW-58,TSW,asiamonstr; official,TSW-58 Heroine electricity massage machine torture 10,2006-09-08,"November 19, 2017",,https://www.asiamonstr.com/giga/tsw-58-heroine-electricity-massage-machine-torture-10-momona-saku.html,https://www.giga-web.jp/product/index.php?product_id=5658,,confirmed,2026-09-12T17:52:16+08:00,确认漏收录,当前官方记录明确存在且线上目录未收录,可补录
TSW-59,TSW-59,TSW,asiamonstr; official,TSW-59 Heroine Suppression – Blue Seider,2006-09-15,"November 26, 2017",,https://www.asiamonstr.com/giga/tsw-59-heroine-suppression-blue-seider.html,https://www.giga-web.jp/product/index.php?product_id=1930,,confirmed,2026-09-12T17:52:16+08:00,确认漏收录,当前官方记录明确存在且线上目录未收录,可补录
TSW-6,TSW-06; TSW-6,TSW,asiamonstr; official,TSW-06 Heroine electricity massage machine torture 3,2004-06-01,"October 16, 2017",,https://www.asiamonstr.com/giga/tsw-06-heroine-electricity-massage-machine-torture-3-shouko-mikami-rumi-aoyama.html,https://www.giga-web.jp/product/index.php?product_id=1853,,confirmed,2026-09-12T17:52:16+08:00,确认漏收录,当前官方记录明确存在且线上目录未收录,可补录
TSW-60,TSW-60,TSW,asiamonstr; official,TSW-60 Heroine Suppression Red Condor,2006-09-22,"November 30, 2017",,https://www.asiamonstr.com/giga/tsw-60-heroine-suppression-red-condor-an-ogura.html,https://www.giga-web.jp/product/index.php?product_id=5679,,confirmed,2026-09-12T17:52:16+08:00,确认漏收录,当前官方记录明确存在且线上目录未收录,可补录
TSW-61,TSW-61,TSW,asiamonstr; official,TSW-61 Heroine Bumpy Rope – Galaxy Woman,2004-05-12,"December 1, 2017",,https://www.asiamonstr.com/giga/tsw-61-heroine-bumpy-rope-galaxy-woman-morikawa-azusa.html,https://www.giga-web.jp/product/index.php?product_id=1958,,confirmed,2026-09-12T17:52:16+08:00,确认漏收录,当前官方记录明确存在且线上目录未收录,可补录
TSW-62,TSW-62,TSW,asiamonstr; official,TSW-62 Heroine in Hell – Battle Pink,2004-05-05,"December 2, 2017",,https://www.asiamonstr.com/giga/tsw-62-heroine-in-hell-battle-pink-hikaru-yuzuki.html,https://www.giga-web.jp/product/index.php?product_id=1929,,confirmed,2026-09-12T17:52:16+08:00,确认漏收录,当前官方记录明确存在且线上目录未收录,可补录
TSW-63,TSW-63,TSW,asiamonstr; official,TSW-63 Lesbian heroine SP 6,2006-10-23,"December 3, 2017",,https://www.asiamonstr.com/giga/tsw-63-lesbian-heroine-sp-6-rei-himeno-akane-ogura.html,https://www.giga-web.jp/product/index.php?product_id=5712,,confirmed,2026-09-12T17:52:16+08:00,确认漏收录,当前官方记录明确存在且线上目录未收录,可补录
TSW-64,TSW-64,TSW,asiamonstr; official,TSW-64 Cyber Fighter Ultra Justion Vol.01,2006-11-23,"December 4, 2017",,https://www.asiamonstr.com/giga/tsw-64-cyber-fighter-ultra-justion-vol-01-yukari-masaki.html,https://www.giga-web.jp/product/index.php?product_id=5680,,confirmed,2026-09-12T17:52:16+08:00,确认漏收录,当前官方记录明确存在且线上目录未收录,可补录
TSW-65,TSW-65,TSW,asiamonstr; official,TSW-65 Cyber Fighter Ultra Justion Vol.02,2006-11-23,"December 5, 2017",,https://www.asiamonstr.com/giga/tsw-65-cyber-fighter-ultra-justion-vol-02-yukari-masaki.html,https://www.giga-web.jp/product/index.php?product_id=5681,,confirmed,2026-09-12T17:52:16+08:00,确认漏收录,当前官方记录明确存在且线上目录未收录,可补录
TSW-66,TSW-66,TSW,asiamonstr; official,TSW-66 Cyber Fighter Ultra Justion Vol.03,2006-11-23,"December 5, 2017",,https://www.asiamonstr.com/giga/tsw-66-cyber-fighter-ultra-justion-vol-03-yukari-masaki.html,https://www.giga-web.jp/product/index.php?product_id=5682,,confirmed,2026-09-12T17:52:16+08:00,确认漏收录,当前官方记录明确存在且线上目录未收录,可补录
TSW-67,TSW-67,TSW,asiamonstr; official,TSW-67 Heroine Insult SP – Blue Seider,2004-05-04,"December 6, 2017",,https://www.asiamonstr.com/giga/tsw-67-heroine-insult-sp-blue-seider-kaede-kyomoto.html,https://www.giga-web.jp/product/index.php?product_id=1931,,confirmed,2026-09-12T17:52:16+08:00,确认漏收录,当前官方记录明确存在且线上目录未收录,可补录
TSW-68,TSW-68,TSW,asiamonstr; official,TSW-68 Heroine electricity massage machine torture Vol.11,2006-12-08,"December 6, 2017",,https://www.asiamonstr.com/giga/tsw-68-heroine-electricity-massage-machine-torture-vol-11-fujiko-sakura.html,https://www.giga-web.jp/product/index.php?product_id=5683,,confirmed,2026-09-12T17:52:16+08:00,确认漏收录,当前官方记录明确存在且线上目录未收录,可补录
TSW-69,TSW-69,TSW,asiamonstr; official,TSW-69 Heroine in Hell – Infinia Black,2004-02-09,"December 7, 2017",,https://www.asiamonstr.com/giga/tsw-69-heroine-in-hell-infinia-black.html,https://www.giga-web.jp/product/index.php?product_id=1932,,confirmed,2026-09-12T17:52:16+08:00,确认漏收录,当前官方记录明确存在且线上目录未收录,可补录
TSW-7,TSW-07; TSW-7,TSW,asiamonstr; official,TSW-07 Heroine electricity massage machine torture Vol.4,2005-01-10,"October 16, 2017",,https://www.asiamonstr.com/giga/tsw-07-heroine-electricity-massage-machine-torture-vol-4-tsubomi-hanano-ai-yoshioka.html,https://www.giga-web.jp/product/index.php?product_id=5706,,confirmed,2026-09-12T17:52:16+08:00,确认漏收录,当前官方记录明确存在且线上目录未收录,可补录
TSW-70,TSW-70,TSW,asiamonstr; official,TSW-70 Heroine MIX – Galaxy Woman Rin Aoyama,2004-03-21,"December 7, 2017",,https://www.asiamonstr.com/giga/tsw-70-heroine-mix-galaxy-woman-rin-aoyama.html,https://www.giga-web.jp/product/index.php?product_id=1953,,confirmed,2026-09-12T17:52:16+08:00,确认漏收录,当前官方记录明确存在且线上目录未收录,可补录
TSW-71,TSW-71,TSW,asiamonstr; official,TSW-71 Heroine Bumpy Rope – Battle Pink,2004-05-04,"December 8, 2017",,https://www.asiamonstr.com/giga/tsw-71-heroine-bumpy-rope-battle-pink-hikaru-yuzuki.html,https://www.giga-web.jp/product/index.php?product_id=1925,,confirmed,2026-09-12T17:52:16+08:00,确认漏收录,当前官方记录明确存在且线上目录未收录,可补录
TSW-72,TSW-72,TSW,asiamonstr; official,TSW-72 Anika – Insult,2004-02-05,"December 8, 2017",,https://www.asiamonstr.com/giga/tsw-72-anika-insult-asami-aoki.html,https://www.giga-web.jp/product/index.php?product_id=1962,,confirmed,2026-09-12T17:52:16+08:00,确认漏收录,当前官方记录明确存在且线上目录未收录,可补录
TSW-73,TSW-73,TSW,asiamonstr,TSW-73 A huge masturbation,,"December 9, 2017",,https://www.asiamonstr.com/giga/tsw-73-a-huge-masturbation-arisa-hinata.html,,,not_found_in_complete_directory,2026-09-12T17:52:16+08:00,历史条目，状态待核实,外部或历史来源明确记载，但当前官方状态未获确认,仍需核实
TSW-74,TSW-74,TSW,official,ヒロイン討伐総集編vol.6～vol.10,2004-05-03,,,,https://www.giga-web.jp/product/index.php?product_id=1959,,confirmed,2026-09-12T17:52:16+08:00,确认漏收录,当前官方记录明确存在且线上目录未收录,可补录
TSW-75,TSW-75,TSW,asiamonstr; official,TSW-75 Heroine in Hell – Bunny the Bride,2004-03-18,"December 9, 2017",,https://www.asiamonstr.com/giga/tsw-75-heroine-in-hell-bunny-the-bride-mahiru-sakuraza.html,https://www.giga-web.jp/product/index.php?product_id=1963,,confirmed,2026-09-12T17:52:16+08:00,确认漏收录,当前官方记录明确存在且线上目录未收录,可补录
TSW-76,TSW-76,TSW,asiamonstr; official,TSW-76 Heroine MIX – Lala,2004-05-06,"December 10, 2017",,https://www.asiamonstr.com/giga/tsw-76-heroine-mix-lala-takako-kurusu.html,https://www.giga-web.jp/product/index.php?product_id=1934,,confirmed,2026-09-12T17:52:16+08:00,确认漏收录,当前官方记录明确存在且线上目录未收录,可补录
TSW-77,TSW-77,TSW,asiamonstr; official,TSW-77 Cyber Special Agent Inspector J Vol.01,2007-03-08,"December 10, 2017",,https://www.asiamonstr.com/giga/tsw-77-cyber-special-agent-inspector-j-vol-01-mikan-tokonatsu.html,https://www.giga-web.jp/product/index.php?product_id=5684,,confirmed,2026-09-12T17:52:16+08:00,确认漏收录,当前官方记录明确存在且线上目录未收录,可补录
TSW-78,TSW-78,TSW,asiamonstr; official,TSW-78 Cyber Special Agent Inspector J Vol.02,2007-03-16,"December 11, 2017",,https://www.asiamonstr.com/giga/tsw-78-cyber-special-agent-inspector-j-vol-02-mikan-tokonatsu.html,https://www.giga-web.jp/product/index.php?product_id=5685,,confirmed,2026-09-12T17:52:16+08:00,确认漏收录,当前官方记录明确存在且线上目录未收录,可补录
TSW-79,TSW-79,TSW,asiamonstr; official,TSW-79 Cyber Special Agent Inspector J Vol.02 Mikan Tokonatsu,2007-03-16,"December 11, 2017",,https://www.asiamonstr.com/giga/tsw-79-cyber-special-agent-inspector-j-vol-02-mikan-tokonatsu.html,https://www.giga-web.jp/product/index.php?product_id=5686,,confirmed,2026-09-12T17:52:16+08:00,确认漏收录,当前官方记录明确存在且线上目录未收录,可补录
TSW-8,TSW-08; TSW-8,TSW,asiamonstr; official,TSW-08 Heroine electricity massage machine torture Vol.5,2005-01-10,"October 17, 2017",,https://www.asiamonstr.com/giga/tsw-08-heroine-electricity-massage-machine-torture-vol-5-harumi-sagara-mai-takahashi.html,https://www.giga-web.jp/product/index.php?product_id=5707,,confirmed,2026-09-12T17:52:16+08:00,确认漏收录,当前官方记录明确存在且线上目录未收录,可补录
TSW-80,TSW-80,TSW,asiamonstr; official,TSW-80 Heroine Bumpy Rope – Sword Girl Tsubasa Haneda,2004-05-08,"December 12, 2017",,https://www.asiamonstr.com/giga/tsw-80-heroine-bumpy-rope-sword-girl-tsubasa-haneda.html,https://www.giga-web.jp/product/index.php?product_id=1954,,confirmed,2026-09-12T17:52:16+08:00,确认漏收录,当前官方记录明确存在且线上目录未收录,可补录
TSW-81,TSW-81,TSW,asiamonstr; official,TSW-81 Spandexer marvelous Vol.01,2007-05-10,"December 12, 2017",,https://www.asiamonstr.com/giga/tsw-81-spandexer-marvelous-vol-01-runa-sezaki.html,https://www.giga-web.jp/product/index.php?product_id=5675,,confirmed,2026-09-12T17:52:16+08:00,确认漏收录,当前官方记录明确存在且线上目录未收录,可补录
TSW-82,TSW-82,TSW,asiamonstr; official,TSW-82 Spandexer marvelous Vol.02,2007-05-18,"May 14, 2020",,https://www.asiamonstr.com/giga/tsw-82-spandexer-marvelous-vol-02-runa-sezaki.html,https://www.giga-web.jp/product/index.php?product_id=5676,,confirmed,2026-09-12T17:52:16+08:00,确认漏收录,当前官方记录明确存在且线上目录未收录,可补录
TSW-83,TSW-83,TSW,asiamonstr; official,TSW-83 Spandexer marvelous Vol.03,2007-05-24,"May 14, 2020",,https://www.asiamonstr.com/giga/tsw-83-spandexer-marvelous-vol-03-runa-sezaki.html,https://www.giga-web.jp/product/index.php?product_id=5677,,confirmed,2026-09-12T17:52:16+08:00,确认漏收录,当前官方记录明确存在且线上目录未收录,可补录
TSW-84,TSW-84,TSW,asiamonstr; official,TSW-84 Mask saver G Vol.01,2007-06-14,"December 13, 2017",,https://www.asiamonstr.com/giga/tsw-84-mask-saver-g-vol-01-konomi-adachi.html,https://www.giga-web.jp/product/index.php?product_id=5687,,confirmed,2026-09-12T17:52:16+08:00,确认漏收录,当前官方记录明确存在且线上目录未收录,可补录
TSW-85,TSW-85,TSW,asiamonstr; official,TSW-85 Mask saver G Vol.02,2007-06-14,"December 13, 2017",,https://www.asiamonstr.com/giga/tsw-85-mask-saver-g-vol-02-konomi-adachi.html,https://www.giga-web.jp/product/index.php?product_id=5688,,confirmed,2026-09-12T17:52:16+08:00,确认漏收录,当前官方记录明确存在且线上目录未收录,可补录
TSW-86,TSW-86,TSW,asiamonstr; official,TSW-86 Mask saver G Vol.03,2007-06-14,"December 14, 2017",,https://www.asiamonstr.com/giga/tsw-86-mask-saver-g-vol-03-konomi-adachi.html,https://www.giga-web.jp/product/index.php?product_id=5689,,confirmed,2026-09-12T17:52:16+08:00,确认漏收录,当前官方记录明确存在且线上目录未收录,可补录
TSW-87,TSW-87,TSW,asiamonstr; official,TSW-87 Heroine Bumpy Rope – Astro Pink,2004-03-23,"December 15, 2017",,https://www.asiamonstr.com/giga/tsw-87-heroine-bumpy-rope-astro-pink-chinatu-uehara.html,https://www.giga-web.jp/product/index.php?product_id=1976,,confirmed,2026-09-12T17:52:16+08:00,确认漏收录,当前官方记录明确存在且线上目录未收录,可补录
TSW-88,TSW-88,TSW,asiamonstr; official,TSW-88 White Mask Forever Vol.01,2007-08-10,"December 16, 2017",,https://www.asiamonstr.com/giga/tsw-88-white-mask-forever-vol-01-sarina.html,https://www.giga-web.jp/product/index.php?product_id=5690,,confirmed,2026-09-12T17:52:16+08:00,确认漏收录,当前官方记录明确存在且线上目录未收录,可补录
TSW-89,TSW-89,TSW,asiamonstr; official,TSW-89 White Mask Forever Vol.02,2007-08-10,"December 17, 2017",,https://www.asiamonstr.com/giga/tsw-89-white-mask-forever-vol-02-sarina.html,https://www.giga-web.jp/product/index.php?product_id=5691,,confirmed,2026-09-12T17:52:16+08:00,确认漏收录,当前官方记录明确存在且线上目录未收录,可补录
TSW-9,TSW-09; TSW-9,TSW,asiamonstr; official,TSW-09 Perfect Ranger Edition Vol.1,2005-06-01,"October 17, 2017",,https://www.asiamonstr.com/giga/tsw-09-perfect-ranger-edition-vol-1-kei-sawaguchi-kyouka-usami-ayumi-nagashima.html,https://www.giga-web.jp/product/index.php?product_id=5659,,confirmed,2026-09-12T17:52:16+08:00,确认漏收录,当前官方记录明确存在且线上目录未收录,可补录
TSW-90,TSW-90,TSW,asiamonstr; official,TSW-90 White Mask Forever Vol.03,2007-08-10,"December 17, 2017",,https://www.asiamonstr.com/giga/tsw-90-white-mask-forever-vol-03-sarina.html,https://www.giga-web.jp/product/index.php?product_id=5692,,confirmed,2026-09-12T17:52:16+08:00,确认漏收录,当前官方记录明确存在且线上目录未收录,可补录
TSW-91,TSW-91,TSW,asiamonstr; official,TSW-91 Dirty Angel,2004-03-11,"November 5, 2017",,https://www.asiamonstr.com/giga/tsw-91-dirty-angel-mina-manabe.html,https://www.giga-web.jp/product/index.php?product_id=1989,,confirmed,2026-09-12T17:52:16+08:00,确认漏收录,当前官方记录明确存在且线上目录未收录,可补录
TSW-92,TSW-92,TSW,asiamonstr; official,TSW-92 Yellow Princess,2004-02-07,"November 5, 2017",,https://www.asiamonstr.com/giga/tsw-92-yellow-princess-noriko-kago.html,https://www.giga-web.jp/product/index.php?product_id=1997,,confirmed,2026-09-12T17:52:16+08:00,确认漏收录,当前官方记录明确存在且线上目录未收录,可补录
TSW-94,TSW-94,TSW,asiamonstr; gap; official,TSW-94 Pinky Mask,2004-04-05,"November 6, 2017",,https://www.asiamonstr.com/giga/tsw-94-pinky-mask-risa-murakami.html,https://www.giga-web.jp/product/index.php?product_id=1998,,confirmed,2026-09-12T17:52:16+08:00,确认漏收录,当前官方记录明确存在且线上目录未收录,可补录
TSW-97,TSW-97,TSW,asiamonstr; gap,TSW-97 Justion Blue Swan,,"November 7, 2017",,https://www.asiamonstr.com/giga/tsw-97-justion-blue-swan-akira-ithinose.html,https://www.giga-web.jp/db_titles/tsw/tsw97/pac_s.jpg,,not_found_in_complete_directory; official_asset_head_200,2026-09-12T21:46:09+08:00,确认官方下架,完整官网目录扫描未收录；官网域名下对应历史封面仍返回图像，确认该作品曾有官方记录且现已从目录移除（未发现下架公告或原因）,有依据标下架
TSW-98,TSW-98,TSW,asiamonstr; gap; official,TSW-98 Spandexer Emi,2004-03-07,"November 7, 2017",,https://www.asiamonstr.com/giga/tsw-98-spandexer-emi-rina-mikami.html,https://www.giga-web.jp/product/index.php?product_id=1999,,confirmed,2026-09-12T17:52:16+08:00,确认漏收录,当前官方记录明确存在且线上目录未收录,可补录
TSW-99,TSW-99,TSW,asiamonstr; gap,"TSW-99 SPIDEY LADY, Izumi Marin",,"February 6, 2014",,https://www.asiamonstr.com/giga/tsw-99-spidey-lady-izumi-marin.html,https://www.giga-web.jp/db_titles/tsw/tsw99/pac_s.jpg,,not_found_in_complete_directory; official_asset_head_200,2026-09-12T21:46:09+08:00,确认官方下架,完整官网目录扫描未收录；官网域名下对应历史封面仍返回图像，确认该作品曾有官方记录且现已从目录移除（未发现下架公告或原因）,有依据标下架
TSWN-1,TSWN-001,TSWN,asiamonstr,"TSWN-001 Exciting Heroine Star Decker, Kitada Yuuho",,"July 7, 2014",,https://www.asiamonstr.com/giga/tswn-001-exciting-heroine-star-decker-kitada-yuuho.html,https://www.giga-web.jp/db_titles/tswn/tswn001/pac_s.jpg,,not_found_in_complete_directory; official_asset_head_200,2026-09-12T21:46:09+08:00,确认官方下架,完整官网目录扫描未收录；官网域名下对应历史封面仍返回图像，确认该作品曾有官方记录且现已从目录移除（未发现下架公告或原因）,有依据标下架
TSWN-10,TSWN-010,TSWN,asiamonstr; gap,TSWN-010 Space Agent Anis In Danger Adult Version,,"February 4, 2013",,https://www.asiamonstr.com/giga/tswn-10.html,https://www.giga-web.jp/db_titles/tswn/tswn010/pac_s.jpg,,not_found_in_complete_directory; official_asset_head_200,2026-09-12T21:46:10+08:00,确认官方下架,完整官网目录扫描未收录；官网域名下对应历史封面仍返回图像，确认该作品曾有官方记录且现已从目录移除（未发现下架公告或原因）,有依据标下架
TSWN-12,TSWN-012,TSWN,asiamonstr; gap,"TSWN-012 Misty Ranger In Grave Danger Adult Version, Kanno Yuria",,"November 8, 2013",,https://www.asiamonstr.com/giga/tswn-012-misty-ranger-in-grave-danger-adult-version-kanno-yuria.html,https://www.giga-web.jp/db_titles/tswn/tswn012/pac_s.jpg,,not_found_in_complete_directory; official_asset_head_200,2026-09-12T21:46:10+08:00,确认官方下架,完整官网目录扫描未收录；官网域名下对应历史封面仍返回图像，确认该作品曾有官方记录且现已从目录移除（未发现下架公告或原因）,有依据标下架
TSWN-2,TSWN-002,TSWN,asiamonstr,"TSWN-002 Bird Fighter – Bird Pink in Crisis Adult Ver, Suma Anri",,"February 6, 2014",,https://www.asiamonstr.com/giga/tswn-002-bird-fighter-bird-pink-in-crisis-adult-ver-suma-anri.html,https://www.giga-web.jp/db_titles/tswn/tswn002/pac_s.jpg,,not_found_in_complete_directory; official_asset_head_200,2026-09-12T21:46:11+08:00,确认官方下架,完整官网目录扫描未收录；官网域名下对应历史封面仍返回图像，确认该作品曾有官方记录且现已从目录移除（未发现下架公告或原因）,有依据标下架
TSWN-3,TSWN-003,TSWN,asiamonstr,"TSWN-003 Exciting Heroine Sailor Lumiere Magic, Katou Yume",,"July 7, 2014",,https://www.asiamonstr.com/giga/tswn-003-exciting-heroine-sailor-lumiere-magic-katou-yume.html,https://www.giga-web.jp/db_titles/tswn/tswn003/pac_s.jpg,,not_found_in_complete_directory; official_asset_head_200,2026-09-12T21:46:11+08:00,确认官方下架,完整官网目录扫描未收录；官网域名下对应历史封面仍返回图像，确认该作品曾有官方记录且现已从目录移除（未发现下架公告或原因）,有依据标下架
TSWN-37,TSWN-037,TSWN,asiamonstr; gap,TSWN-037 Lolita Heroine Lolider Ren Azumi,,"January 10, 2014",,https://www.asiamonstr.com/giga/tswn-037-lolita-heroine-lolider.html,https://www.giga-web.jp/db_titles/tswn/tswn037/pac_s.jpg,,not_found_in_complete_directory; official_asset_head_200,2026-09-12T21:46:11+08:00,确认官方下架,完整官网目录扫描未收录；官网域名下对应历史封面仍返回图像，确认该作品曾有官方记录且现已从目录移除（未发现下架公告或原因）,有依据标下架
TSWN-39,TSWN-039,TSWN,asiamonstr; gap,TSWN-039 Heroine Insult Until she degrades herself and becomes a sex slave,,"November 8, 2013",,https://www.asiamonstr.com/giga/tswn-039-heroine-insult-degrades-sex-slave.html,https://www.giga-web.jp/db_titles/tswn/tswn039/pac_s.jpg,,not_found_in_complete_directory; official_asset_head_200,2026-09-12T21:46:12+08:00,确认官方下架,完整官网目录扫描未收录；官网域名下对应历史封面仍返回图像，确认该作品曾有官方记录且现已从目录移除（未发现下架公告或原因）,有依据标下架
TSWN-4,TSWN-004,TSWN,asiamonstr,TSWN-004 Exciting Heroine Gaia lady Adult Ver,,"March 5, 2013",,https://www.asiamonstr.com/giga/tswn-004-exciting-heroine-gaia-lady-adult-ver.html,https://www.giga-web.jp/db_titles/tswn/tswn004/pac_s.jpg,,not_found_in_complete_directory; official_asset_head_200,2026-09-12T21:46:12+08:00,确认官方下架,完整官网目录扫描未收录；官网域名下对应历史封面仍返回图像，确认该作品曾有官方记录且现已从目录移除（未发现下架公告或原因）,有依据标下架
TSWN-6,TSWN-006,TSWN,asiamonstr,TSWN-006 Exciting Heroine Electro-Mechanical Fighter Redoll,,"February 4, 2013",,https://www.asiamonstr.com/giga/tswn-006-exciting-heroine-electro-mechanical-fighter-redoll.html,https://www.giga-web.jp/db_titles/tswn/tswn006/pac_s.jpg,,not_found_in_complete_directory; official_asset_head_200,2026-09-12T21:46:13+08:00,确认官方下架,完整官网目录扫描未收录；官网域名下对应历史封面仍返回图像，确认该作品曾有官方记录且现已从目录移除（未发现下架公告或原因）,有依据标下架
TSWN-9,TSWN-009,TSWN,asiamonstr; gap,"TSWN-009 Exciting Heroine – Color Ranger – Adult Version, Shiro Seyuyu",,"November 8, 2013",,https://www.asiamonstr.com/giga/tswn-009-exciting-heroine-color-ranger-adult-version-shiro-seyuyu.html,https://www.giga-web.jp/db_titles/tswn/tswn009/pac_s.jpg,,not_found_in_complete_directory; official_asset_head_200,2026-09-12T21:46:15+08:00,确认官方下架,完整官网目录扫描未收录；官网域名下对应历史封面仍返回图像，确认该作品曾有官方记录且现已从目录移除（未发现下架公告或原因）,有依据标下架
TTRE-8,TTRE-08,TTRE,asiamonstr; gap,TTRE-08 Heroine Tentacle Insult Vol 08,,"February 4, 2013",,https://www.asiamonstr.com/giga/ttre-08-heroine-tentacle-insult-vol-08-moon-soldier.html,https://www.giga-web.jp/db_titles/ttre/ttre08/pac_s.jpg,,not_found_in_complete_directory; official_asset_head_200,2026-09-12T21:46:15+08:00,确认官方下架,完整官网目录扫描未收录；官网域名下对应历史封面仍返回图像，确认该作品曾有官方记录且现已从目录移除（未发现下架公告或原因）,有依据标下架
TZZ-1,TZZ-01; TZZ-1,TZZ,asiamonstr; official,TZZ-01 Zenda Girl,2004-05-01,"November 8, 2013",,https://www.asiamonstr.com/giga/tzz-01-zenda-girl.html,https://www.giga-web.jp/product/index.php?product_id=1421,,confirmed,2026-09-12T17:52:16+08:00,确认漏收录,当前官方记录明确存在且线上目录未收录,可补录
TZZ-10,TZZ-10,TZZ,asiamonstr; official,"TZZ-10 Special Agent Gun Saver Starring Misaki, Miharu",2005-02-01,"November 8, 2013",,https://www.asiamonstr.com/giga/tzz-10-special-agent-gun-saver-starring-misaki-miharu.html,https://www.giga-web.jp/product/index.php?product_id=1443,,confirmed,2026-09-12T17:52:16+08:00,确认漏收录,当前官方记录明确存在且线上目录未收录,可补录
TZZ-11,TZZ-11,TZZ,asiamonstr; official,"TZZ-11 Space Detective Nakeder, Kikuhara Madoka",2005-03-11,"November 8, 2013",,https://www.asiamonstr.com/giga/tzz-11-space-detective-nakeder.html,https://www.giga-web.jp/product/index.php?product_id=1899,,confirmed,2026-09-12T17:52:16+08:00,确认漏收录,当前官方记录明确存在且线上目录未收录,可补录
TZZ-12,TZZ-12,TZZ,asiamonstr; official,"TZZ-12 Blue Sailor Stricker Ami, Ogawa Ami",2005-04-22,"November 8, 2013",,https://www.asiamonstr.com/giga/tzz-12-blue-sailor-stricker-ami-ogawa-ami.html,https://www.giga-web.jp/product/index.php?product_id=1900,,confirmed,2026-09-12T17:52:16+08:00,确认漏收录,当前官方记录明确存在且线上目录未收录,可补录
TZZ-13,TZZ-13,TZZ,asiamonstr; official,TZZ-13 Mask Investigator Knight Angel,2005-05-27,"November 8, 2013",,https://www.asiamonstr.com/giga/tzz-13-mask-investigator-knight-angel.html,https://www.giga-web.jp/product/index.php?product_id=1901,,confirmed,2026-09-12T17:52:16+08:00,确认漏收录,当前官方记录明确存在且线上目录未收录,可补录
TZZ-14,TZZ-14,TZZ,asiamonstr; official,TZZ-14 Cavalryman Four Saver,2005-07-22,"March 12, 2013",,https://www.asiamonstr.com/giga/tzz-14-cavalryman-four-saver.html,https://www.giga-web.jp/product/index.php?product_id=1902,,confirmed,2026-09-12T17:52:16+08:00,确认漏收录,当前官方记录明确存在且线上目录未收录,可补录
TZZ-15,TZZ-15,TZZ,asiamonstr; official,TZZ-15 Star in Celine,2005-08-12,"April 26, 2013",,https://www.asiamonstr.com/giga/tzz-15-star-celine-aya-mizuki.html,https://www.giga-web.jp/product/index.php?product_id=1903,,confirmed,2026-09-12T17:52:16+08:00,确认漏收录,当前官方记录明确存在且线上目录未收录,可补录
TZZ-16,TZZ-16,TZZ,asiamonstr; official,"TZZ-16 The Ribbon Fighter, Kurusu Yuu",2005-09-23,"May 17, 2013",,https://www.asiamonstr.com/giga/tzz-16-the-ribbon-fighter-kurusu-yuu.html,https://www.giga-web.jp/product/index.php?product_id=1904,,confirmed,2026-09-12T17:52:16+08:00,确认漏收录,当前官方记录明确存在且线上目录未收录,可补录
TZZ-17,TZZ-17,TZZ,asiamonstr; official,"TZZ-17 Condor Lady, Komine Yui",2005-10-14,"May 18, 2013",,https://www.asiamonstr.com/giga/tzz-17-condor-lady-komine-yui.html,https://www.giga-web.jp/product/index.php?product_id=1195,,confirmed,2026-09-12T17:52:16+08:00,确认漏收录,当前官方记录明确存在且线上目录未收录,可补录
TZZ-18,TZZ-18,TZZ,asiamonstr; official,TZZ-18 dark eyes shining blue lotus robo,2005-11-11,"March 12, 2013",,https://www.asiamonstr.com/giga/tzz-18-dark-eyes-shining-blue-lotus-robo.html,https://www.giga-web.jp/product/index.php?product_id=1194,,confirmed,2026-09-12T17:52:16+08:00,确认漏收录,当前官方记录明确存在且线上目录未收录,可补录
TZZ-19,TZZ-19,TZZ,asiamonstr; official,"TZZ-19 Ms.Milk Ladybull, Asou Misaki",2005-12-09,"May 20, 2013",,https://www.asiamonstr.com/giga/tzz-19-ms-milk-ladybull-asou-misaki.html,https://www.giga-web.jp/product/index.php?product_id=1193,,confirmed,2026-09-12T17:52:16+08:00,确认漏收录,当前官方记录明确存在且线上目录未收录,可补录
TZZ-2,TZZ-02; TZZ-2,TZZ,asiamonstr; official,"TZZ-02 Star Silver Sayaka Kusunoki, Shouko Mikami",2004-06-01,"November 8, 2013",,https://www.asiamonstr.com/giga/tzz-02-star-silver.html,https://www.giga-web.jp/product/index.php?product_id=1431,,confirmed,2026-09-12T17:52:16+08:00,确认漏收录,当前官方记录明确存在且线上目录未收录,可补录
TZZ-20,TZZ-20,TZZ,asiamonstr; official,"TZZ-20 Beautiful Kamen Aurora Returns, Nanase Mayumi",2006-01-13,"November 8, 2013",,https://www.asiamonstr.com/giga/tzz-20-beautiful-kamen-aurora-returns-nanase-mayumi.html,https://www.giga-web.jp/product/index.php?product_id=1192,,confirmed,2026-09-12T17:52:16+08:00,确认漏收录,当前官方记录明确存在且线上目录未收录,可补录
TZZ-21,TZZ-21,TZZ,asiamonstr; official,"TZZ-21 Ms. Marshall, Yuzuki Hikaru",2006-02-24,"February 7, 2014",,https://www.asiamonstr.com/giga/tzz-21-ms-marshall-yuduki-hikaru.html,https://www.giga-web.jp/product/index.php?product_id=1191,,confirmed,2026-09-12T17:52:16+08:00,确认漏收录,当前官方记录明确存在且线上目录未收录,可补录
TZZ-22,TZZ-22,TZZ,asiamonstr,"TZZ-22 Freedom Fighter Phoenix, Hinata Arisa",,"June 17, 2013",,https://www.asiamonstr.com/giga/tzz-22-freedom-fighter-phoenix-hinata-arisa.html,,,not_found_in_complete_directory,2026-09-12T17:52:16+08:00,历史条目，状态待核实,外部或历史来源明确记载，但当前官方状态未获确认,仍需核实
TZZ-23,TZZ-23,TZZ,asiamonstr; official,TZZ-23 Masked girl Aurora FOREVER,2006-08-24,"April 8, 2013",,https://www.asiamonstr.com/giga/tzz-23-masked-girl-aurora-forever-t-sakata-saitou-mao.html,https://www.giga-web.jp/product/index.php?product_id=2155,,confirmed,2026-09-12T17:52:16+08:00,确认漏收录,当前官方记录明确存在且线上目录未收录,可补录
TZZ-24,TZZ-24,TZZ,asiamonstr; official,"TZZ-24 Phantom Thief Linx, Mizuna Anri",2006-09-06,"January 10, 2014",,https://www.asiamonstr.com/giga/tzz-24-phantom-thief-linx-mizuna-anri.html,https://www.giga-web.jp/product/index.php?product_id=2754,,confirmed,2026-09-12T17:52:16+08:00,确认漏收录,当前官方记录明确存在且线上目录未收录,可补录
TZZ-25,TZZ-25,TZZ,asiamonstr,TZZ-25 – Sentai Slut Fuck Cosplay Debauchery,,"February 10, 2013",,https://www.asiamonstr.com/giga/tzz-25-sentai-slut-fuck-cosplay-debauchery-rika-yamanaka.html,https://www.giga-web.jp/db_titles/tzz/tzz25/pac_s.jpg,,not_found_in_complete_directory; official_asset_head_200,2026-09-12T21:46:17+08:00,确认官方下架,完整官网目录扫描未收录；官网域名下对应历史封面仍返回图像，确认该作品曾有官方记录且现已从目录移除（未发现下架公告或原因）,有依据标下架
TZZ-26,TZZ-26,TZZ,asiamonstr; official,TZZ-26 Sailor Moon Adventures,2007-02-23,"February 4, 2013",,https://www.asiamonstr.com/giga/tzz-26-sailor-moon-adventures.html,https://www.giga-web.jp/product/index.php?product_id=2158,,confirmed,2026-09-12T17:52:16+08:00,确认漏收录,当前官方记录明确存在且线上目录未收录,可补录
TZZ-27,TZZ-27,TZZ,asiamonstr; official,TZZ-27 Bounty Hunter,2007-02-23,"March 12, 2013",,https://www.asiamonstr.com/giga/tzz-27-bounty-hunter-eri.html,https://www.giga-web.jp/product/index.php?product_id=1189,,confirmed,2026-09-12T17:52:16+08:00,确认漏收录,当前官方记录明确存在且线上目录未收录,可补录
TZZ-28,TZZ-28,TZZ,asiamonstr; official,"TZZ-28 Plasma Woman, Yamabuki Senri",2007-03-09,"September 8, 2014",,https://www.asiamonstr.com/giga/tzz-28-plasma-woman-yamabuki-senri.html,https://www.giga-web.jp/product/index.php?product_id=1188,,confirmed,2026-09-12T17:52:16+08:00,确认漏收录,当前官方记录明确存在且线上目录未收录,可补录
TZZ-29,TZZ-29,TZZ,asiamonstr; official,"TZZ-29 Emeralda the Thief, Kawakami Rie",2007-05-11,"July 5, 2013",,https://www.asiamonstr.com/giga/tzz-29-emeralda-the-thief-kawakami-rie.html,https://www.giga-web.jp/product/index.php?product_id=1187,,confirmed,2026-09-12T17:52:16+08:00,确认漏收录,当前官方记录明确存在且线上目录未收录,可补录
TZZ-3,TZZ-03; TZZ-3,TZZ,asiamonstr; official,TZZ-03 Cosplayder,2004-07-01,"March 10, 2013",,https://www.asiamonstr.com/giga/tzz-03-cosplayder-mako-koyuri.html,https://www.giga-web.jp/product/index.php?product_id=1433,,confirmed,2026-09-12T17:52:16+08:00,确认漏收录,当前官方记录明确存在且线上目录未收录,可补录
TZZ-30,TZZ-30,TZZ,asiamonstr,"TZZ-30 Astro Ranger Neo, Uehara Chinatsu, Mochida Akane",,"July 24, 2013",,https://www.asiamonstr.com/giga/tzz-30-astro-ranger-neo-uehara-chinatsu-mochida-akane.html,https://www.giga-web.jp/db_titles/tzz/tzz30/pac_s.jpg,,not_found_in_complete_directory; official_asset_head_200,2026-09-12T21:46:17+08:00,确认官方下架,完整官网目录扫描未收录；官网域名下对应历史封面仍返回图像，确认该作品曾有官方记录且现已从目录移除（未发现下架公告或原因）,有依据标下架
TZZ-34,TZZ-34,TZZ,asiamonstr; gap,TZZ-34 Space Investigator Anika Mochida Akane,,"February 4, 2013",,https://www.asiamonstr.com/giga/tzz-34-space-investigator-anika.html,https://www.giga-web.jp/db_titles/tzz/tzz34/pac_s.jpg,,not_found_in_complete_directory; official_asset_head_200,2026-09-12T21:46:17+08:00,确认官方下架,完整官网目录扫描未收录；官网域名下对应历史封面仍返回图像，确认该作品曾有官方记录且现已从目录移除（未发现下架公告或原因）,有依据标下架
TZZ-4,TZZ-04; TZZ-4,TZZ,asiamonstr; official,"TZZ-04 Girl named Riveal, Yaguchi Emiri",2004-08-01,"November 8, 2013",,https://www.asiamonstr.com/giga/tzz-04-girl-named-riveal-yaguchi-emiri.html,https://www.giga-web.jp/product/index.php?product_id=1435,,confirmed,2026-09-12T17:52:16+08:00,确认漏收录,当前官方记录明确存在且线上目录未收录,可补录
TZZ-5,TZZ-05; TZZ-5,TZZ,asiamonstr; official,"TZZ-05 Kamen Sister Maria, Ikeda Kozue",2004-09-01,"November 8, 2013",,https://www.asiamonstr.com/giga/tzz-05-kamen-sister-maria-ikeda-kozue.html,https://www.giga-web.jp/product/index.php?product_id=1437,,confirmed,2026-09-12T17:52:16+08:00,确认漏收录,当前官方记录明确存在且线上目录未收录,可补录
TZZ-6,TZZ-06; TZZ-6,TZZ,asiamonstr; official,"TZZ-06 Vam Dead, Kanai Ryou",2004-10-01,"November 8, 2013",,https://www.asiamonstr.com/giga/tzz-06-vam-dead-kanai-ryou.html,https://www.giga-web.jp/product/index.php?product_id=1439,,confirmed,2026-09-12T17:52:16+08:00,确认漏收录,当前官方记录明确存在且线上目录未收录,可补录
TZZ-7,TZZ-07; TZZ-7,TZZ,asiamonstr; official,TZZ-07 Heroic Beautiful Girl Rosen Kroeuz,2004-11-01,"February 4, 2013",,https://www.asiamonstr.com/giga/tzz-07-heroic-beautiful-girl-rosen-kroeuz-riko-tachibana.html,https://www.giga-web.jp/product/index.php?product_id=1440,,confirmed,2026-09-12T17:52:16+08:00,确认漏收录,当前官方记录明确存在且线上目录未收录,可补录
TZZ-8,TZZ-08; TZZ-8,TZZ,asiamonstr; official,TZZ-08 Cosplayder 2,2004-12-01,"March 11, 2013",,https://www.asiamonstr.com/giga/tzz-08-cosplayder-2.html,https://www.giga-web.jp/product/index.php?product_id=1441,,confirmed,2026-09-12T17:52:16+08:00,确认漏收录,当前官方记录明确存在且线上目录未收录,可补录
TZZ-9,TZZ-09; TZZ-9,TZZ,asiamonstr; official,"TZZ-09 Bulsaider Starring, Runa Hayama",2005-01-01,"November 8, 2013",,https://www.asiamonstr.com/giga/tzz-09-bulsaider-starring-runa-hayama.html,https://www.giga-web.jp/product/index.php?product_id=1442,,confirmed,2026-09-12T17:52:16+08:00,确认漏收录,当前官方记录明确存在且线上目录未收录,可补录
